Date,Hammer Time,Open,High,Low,Close,Previous 1Hr Fall,Max Move Next 30 Min,SL Hit,SL Hit Time
2017-08-08,2017-08-08 10:15:00,24596.6,24596.6,24545.7,24589.7,343.6,76.7,False,
2017-08-16,2017-08-16 13:40:00,24347.3,24347.3,24326.1,24342.6,259.3,0.0,True,2017-08-16 13:45:00
2017-08-16,2017-08-16 13:50:00,24261.3,24266.7,24248.2,24266.7,243.7,7.5,True,2017-08-16 14:05:00
2017-09-27,2017-09-27 10:15:00,24078.8,24094.0,24055.1,24087.8,253.0,9.1,True,2017-09-27 10:25:00
2017-09-28,2017-09-28 13:20:00,23663.3,23678.1,23631.4,23674.9,206.2,59.7,False,
2017-10-25,2017-10-25 10:15:00,24664.8,24666.2,24607.5,24645.9,554.5,73.6,False,
2017-11-07,2017-11-07 10:25:00,25433.1,25453.3,25398.4,25447.8,227.0,42.0,False,
2017-11-07,2017-11-07 10:45:00,25470.1,25471.6,25448.8,25467.8,215.9,24.4,True,2017-11-07 11:15:00
2017-12-13,2017-12-13 14:30:00,25027.2,25030.7,25001.2,25020.3,315.5,12.7,True,2017-12-13 14:40:00
2017-12-13,2017-12-13 14:45:00,24994.1,24995.0,24955.6,24985.5,311.1,53.7,False,
2018-01-25,2018-01-25 14:00:00,27377.6,27389.1,27329.7,27364.2,299.3,64.9,True,2018-01-25 14:25:00
2018-02-01,2018-02-01 14:50:00,27344.6,27358.0,27311.7,27358.0,266.7,4.3,True,2018-02-01 15:00:00
2018-02-06,2018-02-06 10:15:00,25061.8,25077.6,25024.8,25073.2,285.4,144.6,False,
2018-02-06,2018-02-06 14:05:00,25730.2,25738.4,25649.4,25734.7,500.1,404.1,False,
2018-02-08,2018-02-08 10:25:00,25864.9,25867.3,25846.1,25859.6,209.8,189.1,False,
2018-02-08,2018-02-08 14:30:00,25881.7,25906.3,25843.2,25900.9,247.4,95.3,False,
2018-02-09,2018-02-09 10:20:00,25477.3,25480.7,25450.2,25471.3,219.2,19.7,True,2018-02-09 10:35:00
2018-02-15,2018-02-15 13:50:00,25456.0,25460.2,25439.7,25451.7,247.2,0.0,True,2018-02-15 13:55:00
2018-03-13,2018-03-13 10:30:00,24963.2,24973.4,24944.7,24969.8,223.7,18.0,True,2018-03-13 10:40:00
2018-03-13,2018-03-13 14:05:00,24660.6,24679.6,24605.2,24671.7,398.0,50.0,False,
2018-03-14,2018-03-14 14:50:00,24865.4,24870.9,24837.7,24857.5,246.2,0.0,True,2018-03-14 14:55:00
2018-04-04,2018-04-04 14:15:00,24213.7,24215.7,24172.7,24215.7,265.3,24.1,True,2018-04-04 14:35:00
2018-04-13,2018-04-13 13:20:00,25167.7,25170.3,25129.1,25159.5,244.8,88.9,False,
2018-04-23,2018-04-23 10:45:00,24996.1,25004.8,24958.0,25004.0,244.0,20.4,False,
2018-05-15,2018-05-15 10:35:00,26885.2,26887.0,26852.2,26877.2,343.9,49.0,False,
2018-05-15,2018-05-15 10:45:00,26894.3,26896.9,26865.7,26895.9,264.8,30.3,True,2018-05-15 11:15:00
2018-05-15,2018-05-15 12:10:00,26703.1,26722.3,26670.7,26715.9,208.5,32.2,False,
2018-05-15,2018-05-15 14:45:00,26494.6,26501.9,26457.8,26483.3,215.1,82.6,False,
2018-05-22,2018-05-22 10:40:00,25889.5,25891.2,25868.7,25890.7,204.2,0.0,True,2018-05-22 10:45:00
2018-06-04,2018-06-04 13:15:00,26392.1,26393.8,26321.5,26385.6,214.6,49.2,False,
2018-06-05,2018-06-05 11:55:00,26268.6,26273.0,26214.9,26250.9,224.1,45.9,False,
2018-07-18,2018-07-18 13:00:00,27014.9,27026.4,26980.2,27021.3,282.3,52.9,False,
2018-07-18,2018-07-18 13:20:00,27002.8,27013.0,26981.7,27009.2,205.3,20.4,True,2018-07-18 13:45:00
2018-09-11,2018-09-11 14:35:00,26925.3,26925.9,26889.1,26913.8,351.8,34.2,True,2018-09-11 14:55:00
2018-09-24,2018-09-24 10:25:00,25328.2,25357.2,25252.7,25353.6,338.9,31.6,False,
2018-09-24,2018-09-24 11:10:00,25293.5,25296.1,25246.4,25283.0,243.0,0.0,True,2018-09-24 11:15:00
2018-09-25,2018-09-25 11:20:00,25120.0,25125.2,25069.9,25103.4,316.5,0.0,True,2018-09-25 11:25:00
2018-09-25,2018-09-25 12:15:00,25065.7,25066.3,25028.2,25053.4,244.3,147.0,False,
2018-09-25,2018-09-25 14:40:00,25043.1,25074.7,24989.9,25063.2,364.5,258.5,False,
2018-09-26,2018-09-26 10:35:00,25377.8,25398.8,25339.8,25390.7,212.5,49.1,False,
2018-09-28,2018-09-28 12:20:00,25218.1,25222.4,25186.4,25220.8,201.9,55.9,True,2018-09-28 12:35:00
2018-09-28,2018-09-28 14:15:00,25129.8,25143.5,25064.0,25142.5,327.2,4.3,True,2018-09-28 14:45:00
2018-09-28,2018-09-28 14:20:00,25146.8,25146.8,25100.2,25136.8,327.2,0.0,True,2018-09-28 14:30:00
2018-10-01,2018-10-01 10:35:00,24873.8,24876.2,24842.3,24865.5,231.2,62.7,True,2018-10-01 11:00:00
2018-10-04,2018-10-04 14:25:00,24785.6,24786.5,24740.2,24783.0,301.3,10.1,True,2018-10-04 14:35:00
2018-10-05,2018-10-05 14:55:00,24835.3,24849.7,24770.2,24818.7,460.5,0.0,True,2018-10-05 15:00:00
2018-10-08,2018-10-08 10:35:00,24490.6,24491.2,24434.4,24483.8,302.1,132.0,False,
2018-10-08,2018-10-08 11:25:00,24595.5,24615.5,24554.8,24615.5,224.9,33.2,False,
2018-10-26,2018-10-26 14:25:00,24515.4,24515.4,24455.2,24497.2,221.6,51.5,False,
2018-10-31,2018-10-31 14:40:00,25093.2,25116.4,25051.4,25109.5,224.6,91.8,False,
2018-11-05,2018-11-05 10:15:00,25679.7,25688.5,25658.8,25687.8,205.8,21.5,False,
2018-11-06,2018-11-06 14:10:00,25620.8,25630.9,25598.6,25627.7,281.9,15.9,True,2018-11-06 14:20:00
2018-11-12,2018-11-12 10:45:00,25744.7,25754.6,25732.6,25749.8,200.2,0.0,True,2018-11-12 10:50:00
2018-12-11,2018-12-11 13:50:00,26057.0,26061.4,26031.2,26051.7,219.0,0.0,True,2018-12-11 13:55:00
2018-12-11,2018-12-11 14:05:00,26043.9,26057.6,25988.2,26026.7,219.0,123.9,False,
2018-12-21,2018-12-21 10:30:00,27117.9,27118.2,27039.5,27096.2,312.3,26.7,False,
2018-12-26,2018-12-26 14:10:00,26817.2,26840.5,26767.3,26836.6,372.1,130.2,False,
2018-12-26,2018-12-26 14:50:00,26976.2,26993.8,26942.3,26985.0,241.3,26.9,False,
2018-12-26,2018-12-26 14:55:00,26987.1,26998.8,26966.4,26993.6,241.3,0.0,True,2018-12-26 15:00:00
2018-12-27,2018-12-27 11:00:00,27129.8,27134.2,27103.8,27123.8,212.5,0.0,True,2018-12-27 11:05:00
2019-01-09,2019-01-09 14:15:00,27526.7,27532.2,27491.3,27530.1,295.9,94.3,False,
2019-01-21,2019-01-21 10:15:00,27563.9,27568.8,27538.9,27568.5,215.3,13.0,False,
2019-01-29,2019-01-29 13:30:00,26535.4,26535.9,26510.7,26531.2,226.9,25.5,True,2019-01-29 13:40:00
2019-02-01,2019-02-01 13:05:00,27509.6,27512.3,27473.9,27498.3,273.2,24.6,True,2019-02-01 13:15:00
2019-02-01,2019-02-01 14:30:00,27034.4,27036.5,26930.4,27012.0,438.6,180.6,False,
2019-02-04,2019-02-04 14:20:00,27118.6,27127.6,27093.3,27124.8,250.5,119.0,False,
2019-03-13,2019-03-13 10:15:00,28546.6,28550.3,28499.8,28535.1,308.4,44.3,False,
2019-03-18,2019-03-18 10:45:00,29467.2,29493.3,29361.7,29486.6,361.8,64.6,False,
2019-03-22,2019-03-22 10:45:00,29774.8,29776.4,29708.2,29763.8,267.9,13.0,False,
2019-03-22,2019-03-22 14:25:00,29638.1,29664.4,29592.1,29654.2,201.9,23.2,False,
2019-03-22,2019-03-22 14:50:00,29646.9,29648.1,29621.0,29638.3,204.3,13.6,True,2019-03-22 15:00:00
2019-03-27,2019-03-27 14:50:00,30096.6,30097.2,30042.6,30082.2,374.0,37.0,True,2019-03-27 15:00:00
2019-03-28,2019-03-28 14:00:00,30398.9,30412.0,30360.6,30412.0,270.1,32.4,False,
2019-03-28,2019-03-28 14:10:00,30404.8,30416.8,30387.9,30413.2,257.9,31.2,True,2019-03-28 14:35:00
2019-04-04,2019-04-04 11:55:00,29999.7,29999.7,29911.9,29975.4,202.8,270.3,False,
2019-04-04,2019-04-04 12:30:00,30154.4,30163.6,30112.8,30143.3,333.8,42.4,False,
2019-04-04,2019-04-04 12:35:00,30142.8,30146.7,30098.8,30130.8,333.8,54.9,False,
2019-04-04,2019-04-04 12:45:00,30128.5,30129.5,30083.3,30117.2,333.8,68.5,False,
2019-04-04,2019-04-04 14:20:00,29930.3,29938.1,29878.7,29935.8,333.0,28.3,True,2019-04-04 14:30:00
2019-04-04,2019-04-04 14:35:00,29845.1,29867.5,29809.9,29859.4,400.0,88.5,False,
2019-04-04,2019-04-04 14:50:00,29909.8,29909.8,29869.2,29896.8,361.9,51.1,False,
2019-04-10,2019-04-10 13:50:00,29913.8,29916.2,29891.7,29907.7,247.6,43.0,True,2019-04-10 14:10:00
2019-04-10,2019-04-10 13:55:00,29901.9,29921.2,29865.3,29916.8,247.6,33.9,True,2019-04-10 14:15:00
2019-04-23,2019-04-23 14:45:00,29556.2,29560.6,29497.8,29536.9,274.9,32.4,True,2019-04-23 15:05:00
2019-04-26,2019-04-26 14:30:00,29974.2,29981.1,29923.1,29958.4,362.7,76.0,False,
2019-05-10,2019-05-10 10:30:00,28978.3,28979.0,28961.4,28973.6,207.2,68.0,False,
2019-05-14,2019-05-14 13:35:00,28849.8,28854.5,28819.3,28841.9,290.1,163.9,False,
2019-05-14,2019-05-14 13:45:00,28869.4,28871.2,28829.5,28865.2,273.1,143.5,False,
2019-05-14,2019-05-14 14:15:00,28967.8,28983.7,28937.0,28980.3,277.0,78.0,True,2019-05-14 14:45:00
2019-05-16,2019-05-16 14:15:00,28746.9,28755.9,28697.8,28734.3,240.2,106.2,True,2019-05-16 14:45:00
2019-05-16,2019-05-16 14:20:00,28734.1,28738.7,28691.4,28721.8,240.2,118.7,True,2019-05-16 14:50:00
2019-05-16,2019-05-16 14:35:00,28801.8,28811.4,28763.6,28809.7,289.4,0.0,True,2019-05-16 14:40:00
2019-05-23,2019-05-23 11:20:00,31129.8,31145.3,30926.2,31089.9,580.4,64.2,False,
2019-05-23,2019-05-23 12:00:00,31022.8,31023.4,30953.8,31002.8,536.6,62.9,True,2019-05-23 12:10:00
2019-05-23,2019-05-23 12:35:00,30814.2,30833.4,30757.8,30827.1,334.0,164.0,False,
2019-05-23,2019-05-23 13:00:00,30905.2,30905.2,30853.1,30890.6,307.9,189.0,False,
2019-05-23,2019-05-23 13:10:00,30989.8,31001.4,30941.6,30997.3,233.3,82.3,True,2019-05-23 13:35:00
2019-05-31,2019-05-31 12:00:00,31372.8,31372.8,30623.1,31246.2,342.1,195.9,False,
2019-05-31,2019-05-31 13:40:00,31292.2,31316.3,31256.4,31306.4,274.3,78.6,False,
2019-06-04,2019-06-04 13:30:00,31666.0,31672.9,31640.4,31671.4,210.2,72.8,False,
2019-06-06,2019-06-06 14:00:00,30944.8,30949.2,30905.4,30937.3,315.4,24.6,True,2019-06-06 14:10:00
2019-06-07,2019-06-07 14:25:00,31027.8,31051.8,30985.7,31047.2,237.5,92.4,False,
2019-06-07,2019-06-07 14:35:00,31085.0,31085.8,31018.8,31072.3,330.4,63.0,False,
2019-06-07,2019-06-07 14:45:00,31071.0,31073.4,31014.5,31055.3,330.4,80.0,False,
2019-06-07,2019-06-07 14:50:00,31059.6,31066.3,31034.1,31051.5,330.4,83.8,False,
2019-06-07,2019-06-07 14:55:00,31051.8,31054.3,30996.6,31041.7,296.0,93.6,False,
2019-06-10,2019-06-10 10:30:00,31134.8,31140.2,31099.8,31123.6,230.2,36.2,False,
2019-06-13,2019-06-13 14:20:00,30948.2,30970.1,30910.6,30964.4,270.5,1.2,True,2019-06-13 14:30:00
2019-06-18,2019-06-18 11:50:00,30490.7,30493.4,30465.6,30492.7,201.3,17.3,False,
2019-06-21,2019-06-21 10:15:00,30657.4,30662.9,30644.9,30661.2,220.5,25.0,True,2019-06-21 10:30:00
2019-06-27,2019-06-27 14:40:00,31432.0,31436.8,31379.1,31422.4,291.8,12.8,True,2019-06-27 14:55:00
2019-07-08,2019-07-08 11:15:00,30749.8,30754.1,30707.6,30744.2,427.1,56.6,False,
2019-07-09,2019-07-09 11:35:00,30599.7,30617.8,30558.3,30617.8,251.0,84.3,False,
2019-07-09,2019-07-09 11:50:00,30588.4,30594.4,30559.7,30591.9,204.5,110.2,False,
2019-07-12,2019-07-12 13:45:00,30822.8,30838.5,30803.1,30831.9,225.7,39.0,True,2019-07-12 14:00:00
2019-07-19,2019-07-19 10:15:00,30195.3,30211.9,30167.3,30207.7,352.2,23.0,False,
2019-07-30,2019-07-30 14:30:00,28930.0,28931.0,28881.7,28914.2,408.0,0.0,True,2019-07-30 14:35:00
2019-07-31,2019-07-31 11:50:00,28780.5,28785.8,28736.7,28772.3,210.8,40.9,True,2019-07-31 12:00:00
2019-08-02,2019-08-02 14:05:00,28380.0,28386.1,28342.4,28373.5,395.3,171.1,True,2019-08-02 14:35:00
2019-08-07,2019-08-07 12:15:00,28151.2,28154.1,28107.9,28142.7,215.3,25.5,False,
2019-08-08,2019-08-08 10:35:00,27703.7,27707.3,27671.2,27698.8,240.7,27.0,True,2019-08-08 10:50:00
2019-08-08,2019-08-08 10:45:00,27695.2,27695.2,27659.9,27691.4,230.1,0.0,True,2019-08-08 10:50:00
2019-08-08,2019-08-08 13:55:00,27757.1,27772.0,27727.2,27766.2,215.4,44.7,True,2019-08-08 14:10:00
2019-08-13,2019-08-13 14:00:00,27867.7,27869.8,27828.4,27864.8,233.0,48.4,True,2019-08-13 14:30:00
2019-08-20,2019-08-20 10:20:00,27908.3,27919.6,27885.6,27918.6,371.3,41.6,False,
2019-08-20,2019-08-20 10:45:00,27939.0,27940.1,27905.7,27927.9,244.9,53.4,True,2019-08-20 11:15:00
2019-08-20,2019-08-20 13:50:00,27962.2,27966.4,27915.2,27953.4,200.7,90.3,False,
2019-08-22,2019-08-22 14:40:00,27199.5,27200.9,27160.4,27190.4,266.1,16.7,True,2019-08-22 14:50:00
2019-08-26,2019-08-26 13:10:00,27592.3,27603.5,27573.8,27600.0,308.6,94.3,False,
2019-08-26,2019-08-26 14:45:00,27834.0,27845.6,27797.1,27821.7,346.3,169.0,False,
2019-08-29,2019-08-29 12:50:00,27382.0,27384.9,27343.3,27384.9,201.7,87.2,False,
2019-08-29,2019-08-29 14:35:00,27459.8,27465.9,27426.8,27465.9,200.6,0.0,True,2019-08-29 14:40:00
2019-08-30,2019-08-30 14:15:00,27395.9,27405.4,27331.6,27400.9,245.6,21.0,True,2019-08-30 14:35:00
2019-09-04,2019-09-04 10:25:00,26919.6,26921.4,26883.7,26920.7,348.0,25.0,True,2019-09-04 10:40:00
2019-09-04,2019-09-04 11:35:00,27011.1,27025.2,26964.2,27021.8,217.0,101.2,False,
2019-09-04,2019-09-04 12:15:00,27070.4,27072.9,27039.8,27066.4,274.1,27.7,True,2019-09-04 12:30:00
2019-09-09,2019-09-09 11:05:00,27483.8,27486.3,27464.0,27480.3,281.7,0.0,True,2019-09-09 11:10:00
2019-09-17,2019-09-17 10:15:00,27656.8,27658.1,27625.4,27651.7,206.5,48.5,True,2019-09-17 10:45:00
2019-09-18,2019-09-18 12:25:00,27329.8,27336.7,27305.3,27334.4,203.8,20.8,True,2019-09-18 12:35:00
2019-09-18,2019-09-18 14:20:00,27334.7,27341.2,27289.8,27320.6,225.0,48.7,True,2019-09-18 14:45:00
2019-09-18,2019-09-18 14:25:00,27322.6,27337.2,27289.9,27330.2,205.0,39.1,True,2019-09-18 14:45:00
2019-09-20,2019-09-20 13:00:00,28746.4,28768.3,28706.3,28764.7,376.2,227.5,False,
2019-09-23,2019-09-23 10:35:00,29992.3,30011.0,29950.0,30008.7,808.9,355.7,False,
2019-09-23,2019-09-23 10:55:00,30293.6,30300.4,30180.6,30278.7,470.7,243.4,False,
2019-09-23,2019-09-23 11:15:00,30395.4,30424.8,30333.1,30415.2,519.3,106.9,False,
2019-09-23,2019-09-23 11:20:00,30414.8,30430.4,30358.2,30429.1,541.5,93.0,True,2019-09-23 11:45:00
2019-09-23,2019-09-23 11:55:00,30460.4,30464.7,30413.4,30445.8,341.5,106.9,False,
2019-09-23,2019-09-23 12:20:00,30516.9,30522.3,30440.6,30501.0,262.8,300.3,False,
2019-09-23,2019-09-23 13:15:00,30638.3,30640.7,30530.8,30614.7,360.7,0.0,True,2019-09-23 13:20:00
2019-09-23,2019-09-23 14:05:00,30581.1,30597.4,30522.9,30563.0,337.7,0.0,True,2019-09-23 14:10:00
2019-09-24,2019-09-24 10:45:00,30141.2,30141.2,30042.8,30127.9,311.4,117.7,False,
2019-09-24,2019-09-24 13:00:00,30079.2,30103.7,30054.2,30091.6,272.2,97.5,True,2019-09-24 13:15:00
2019-09-24,2019-09-24 14:15:00,30071.9,30091.4,30003.8,30050.1,217.6,362.2,False,
2019-09-25,2019-09-25 13:40:00,29585.2,29601.9,29538.3,29597.3,303.2,30.5,False,
2019-09-25,2019-09-25 13:45:00,29597.0,29601.7,29559.3,29586.2,309.5,0.0,True,2019-09-25 13:50:00
2019-09-26,2019-09-26 10:50:00,30212.1,30261.1,30120.8,30252.7,743.7,87.1,False,
2019-09-26,2019-09-26 14:25:00,30038.3,30059.9,29991.8,30057.0,221.3,112.1,False,
2019-09-27,2019-09-27 10:45:00,29881.7,29894.9,29852.9,29894.9,210.7,27.7,True,2019-09-27 10:55:00
2019-09-27,2019-09-27 13:40:00,30069.9,30071.7,30033.4,30061.0,226.3,51.7,True,2019-09-27 14:00:00
2019-09-30,2019-09-30 10:15:00,29207.5,29219.4,29122.6,29184.1,563.5,98.7,False,
2019-09-30,2019-09-30 13:20:00,29176.5,29182.9,29123.1,29159.2,293.4,0.0,True,2019-09-30 13:25:00
2019-10-01,2019-10-01 11:15:00,29216.7,29216.7,29150.2,29205.8,359.1,92.9,False,
2019-10-01,2019-10-01 11:30:00,29201.9,29212.7,29145.2,29190.1,342.1,108.6,False,
2019-10-01,2019-10-01 13:25:00,28973.7,28979.4,28916.8,28959.9,251.7,0.0,True,2019-10-01 13:30:00
2019-10-04,2019-10-04 13:40:00,27779.5,27786.1,27704.1,27758.3,437.9,95.7,False,
2019-10-04,2019-10-04 13:50:00,27755.3,27777.7,27668.2,27774.1,443.4,109.9,False,
2019-10-07,2019-10-07 12:30:00,28089.6,28106.6,28060.3,28103.8,204.4,54.6,False,
2019-10-09,2019-10-09 10:15:00,27752.1,27753.2,27702.1,27741.2,232.4,157.1,False,
2019-10-10,2019-10-10 13:25:00,28100.4,28100.9,28035.7,28093.2,237.3,41.7,True,2019-10-10 13:45:00
2019-10-11,2019-10-11 14:45:00,28034.8,28045.2,27991.2,28022.7,317.2,0.0,True,2019-10-11 14:50:00
2019-10-14,2019-10-14 14:25:00,28515.7,28529.3,28491.3,28525.7,253.2,18.7,True,2019-10-14 14:35:00
2019-10-15,2019-10-15 12:55:00,28379.9,28392.8,28358.1,28386.9,201.6,0.0,True,2019-10-15 13:00:00
2019-10-15,2019-10-15 13:15:00,28352.4,28367.2,28300.8,28360.4,201.6,164.8,False,
2019-10-15,2019-10-15 14:05:00,28488.9,28495.7,28455.2,28493.1,224.6,201.7,False,
2019-10-16,2019-10-16 13:25:00,28394.8,28401.3,28347.9,28385.8,352.4,57.8,False,
2019-10-17,2019-10-17 12:05:00,28665.7,28677.2,28648.7,28673.3,253.1,9.5,True,2019-10-17 12:30:00
2019-10-17,2019-10-17 13:05:00,28840.2,28840.2,28806.6,28835.8,227.5,213.3,False,
2019-10-17,2019-10-17 13:20:00,28839.3,28849.7,28813.3,28849.7,248.5,199.4,False,
2019-10-17,2019-10-17 13:50:00,28998.2,29007.4,28954.6,28988.8,340.5,53.1,False,
2019-10-18,2019-10-18 13:55:00,29193.6,29193.6,29147.6,29182.9,201.2,66.6,True,2019-10-18 14:20:00
2019-10-18,2019-10-18 14:25:00,29112.3,29141.1,29051.8,29129.8,212.4,16.4,False,
2019-10-22,2019-10-22 14:00:00,29491.8,29516.9,29440.6,29507.6,268.2,1.2,True,2019-10-22 14:15:00
2019-10-22,2019-10-22 14:15:00,29446.1,29446.1,29378.2,29430.6,268.2,102.6,False,
2019-10-23,2019-10-23 14:50:00,29404.3,29405.4,29330.6,29403.1,215.3,81.1,False,
2019-10-24,2019-10-24 10:40:00,29368.6,29387.3,29343.2,29379.0,351.6,3.6,True,2019-10-24 10:50:00
2019-10-24,2019-10-24 12:10:00,29482.4,29498.2,29462.2,29492.2,211.8,43.9,True,2019-10-24 12:25:00
2019-10-24,2019-10-24 13:20:00,29229.6,29252.2,29090.2,29200.3,311.3,61.9,True,2019-10-24 13:45:00
2019-10-24,2019-10-24 13:30:00,29220.6,29227.4,29151.8,29211.0,425.9,36.8,True,2019-10-24 13:40:00
2019-10-24,2019-10-24 13:45:00,29113.4,29113.4,28994.2,29081.0,439.3,54.8,False,
2019-10-24,2019-10-24 14:15:00,29090.6,29094.2,28997.8,29061.9,333.2,135.8,False,
2019-10-25,2019-10-25 12:45:00,29012.8,29012.8,28931.1,28989.3,273.7,53.7,False,
2019-10-25,2019-10-25 14:25:00,29245.9,29258.6,29186.8,29253.8,291.4,155.3,False,
2019-10-30,2019-10-30 10:45:00,30076.4,30080.7,30039.8,30071.3,304.9,1.9,True,2019-10-30 10:55:00
2019-10-30,2019-10-30 11:05:00,30011.0,30014.7,29975.6,29999.8,220.0,0.0,True,2019-10-30 11:10:00
2019-11-04,2019-11-04 11:55:00,30313.6,30320.0,30271.7,30303.6,318.9,0.0,True,2019-11-04 12:00:00
2019-11-06,2019-11-06 12:35:00,30503.3,30504.2,30459.4,30491.0,389.8,32.6,False,
2019-11-07,2019-11-07 10:35:00,30626.8,30640.2,30601.9,30636.5,282.9,9.6,True,2019-11-07 10:45:00
2019-11-08,2019-11-08 10:20:00,30783.2,30791.5,30763.6,30791.5,283.3,7.4,True,2019-11-08 10:30:00
2019-11-08,2019-11-08 12:25:00,30965.6,30969.3,30921.7,30968.9,252.7,55.3,False,
2019-11-08,2019-11-08 12:55:00,30980.2,30986.0,30952.2,30986.0,246.8,122.4,False,
2019-11-08,2019-11-08 13:50:00,30925.4,30934.9,30903.8,30931.9,249.3,53.0,True,2019-11-08 14:15:00
2019-11-11,2019-11-11 10:15:00,30896.8,30902.6,30865.1,30901.3,297.0,5.9,True,2019-11-11 10:25:00
2019-11-14,2019-11-14 12:15:00,30511.2,30514.5,30467.3,30506.2,230.1,81.0,False,
2019-11-14,2019-11-14 12:50:00,30496.0,30507.8,30480.3,30502.4,205.3,90.3,False,
2019-11-15,2019-11-15 10:50:00,31067.1,31076.7,31005.7,31049.0,289.7,9.3,True,2019-11-15 11:00:00
2019-11-26,2019-11-26 14:40:00,31522.1,31555.8,31465.8,31540.1,235.9,167.1,False,
2019-11-26,2019-11-26 14:50:00,31603.0,31611.1,31564.7,31611.1,266.5,239.2,False,
2019-12-09,2019-12-09 14:25:00,31319.6,31319.6,31265.3,31302.7,247.5,84.0,False,
2019-12-30,2019-12-30 11:40:00,32381.8,32384.8,32337.1,32370.3,215.4,38.8,True,2019-12-30 12:10:00
2020-01-07,2020-01-07 11:40:00,31486.6,31489.8,31458.4,31483.2,309.5,0.0,True,2020-01-07 11:45:00
2020-01-07,2020-01-07 13:20:00,31268.2,31282.8,31237.9,31280.8,230.8,0.0,True,2020-01-07 13:25:00
2020-01-10,2020-01-10 13:40:00,32124.6,32124.6,32079.6,32111.8,220.1,43.0,True,2020-01-10 14:05:00
2020-01-20,2020-01-20 13:20:00,31220.2,31222.3,31185.2,31214.3,220.9,48.7,False,
2020-01-20,2020-01-20 14:35:00,31136.1,31145.3,31109.6,31141.9,234.2,0.0,True,2020-01-20 14:45:00
2020-01-28,2020-01-28 14:50:00,30715.8,30718.1,30661.0,30700.8,273.6,102.4,False,
2020-01-28,2020-01-28 14:55:00,30699.5,30717.3,30656.3,30717.3,299.8,85.9,False,
2020-02-01,2020-02-01 13:45:00,30080.8,30109.6,29926.3,30096.8,778.0,302.0,False,
2020-02-03,2020-02-03 10:40:00,30020.4,30021.2,29965.4,30013.8,419.3,59.4,False,
2020-02-03,2020-02-03 11:30:00,29880.2,29880.4,29811.9,29875.7,226.1,76.7,False,
2020-02-05,2020-02-05 14:20:00,30960.4,30966.7,30938.8,30953.2,208.2,112.6,False,
2020-02-05,2020-02-05 14:35:00,31027.4,31031.4,30985.4,31015.3,268.4,0.0,True,2020-02-05 14:40:00
2020-02-06,2020-02-06 12:05:00,31207.2,31231.2,31136.4,31225.5,326.6,78.5,False,
2020-02-17,2020-02-17 10:15:00,30772.8,30773.3,30691.9,30756.8,353.8,87.3,False,
2020-02-25,2020-02-25 10:25:00,30497.3,30500.9,30469.6,30488.1,223.8,36.5,False,
2020-02-28,2020-02-28 12:20:00,29222.6,29249.2,29161.0,29244.2,223.7,175.6,False,
2020-03-02,2020-03-02 14:45:00,29330.7,29330.7,29265.1,29315.6,299.5,25.0,True,2020-03-02 14:55:00
2020-03-03,2020-03-03 10:15:00,29106.2,29129.6,28935.0,29051.8,288.7,0.0,True,2020-03-03 10:30:00
2020-03-03,2020-03-03 14:15:00,29097.7,29100.6,28971.0,29065.4,305.9,202.0,False,
2020-03-04,2020-03-04 10:25:00,28855.9,28868.1,28823.8,28865.4,220.9,55.8,True,2020-03-04 10:45:00
2020-03-04,2020-03-04 13:00:00,28608.3,28614.2,28565.8,28598.8,296.5,0.0,True,2020-03-04 13:05:00
2020-03-05,2020-03-05 11:10:00,28978.8,28994.2,28905.8,28956.6,497.1,148.8,False,
2020-03-05,2020-03-05 14:55:00,28859.8,28869.5,28813.6,28868.1,217.3,19.5,True,2020-03-05 15:10:00
2020-03-06,2020-03-06 11:15:00,27500.4,27500.4,27448.2,27485.2,221.5,95.1,False,
2020-03-06,2020-03-06 12:50:00,27656.1,27658.9,27616.2,27642.8,267.4,312.8,False,
2020-03-06,2020-03-06 13:30:00,27821.5,27848.9,27776.9,27835.4,403.0,211.8,False,
2020-03-06,2020-03-06 14:40:00,27818.1,27828.1,27774.2,27805.9,348.4,142.5,False,
2020-03-09,2020-03-09 12:55:00,26460.5,26462.2,26032.0,26382.1,353.5,35.7,True,2020-03-09 13:25:00
2020-03-11,2020-03-11 10:30:00,26365.5,26365.5,26279.9,26345.7,496.6,109.4,False,
2020-03-12,2020-03-12 11:05:00,24180.8,24260.4,24013.4,24239.8,803.9,305.9,False,
2020-03-12,2020-03-12 11:20:00,24394.0,24398.2,24271.9,24362.5,947.4,183.2,True,2020-03-12 11:35:00
2020-03-12,2020-03-12 14:40:00,23815.6,23905.1,23536.3,23881.4,893.1,115.0,False,
2020-03-13,2020-03-13 14:00:00,25279.1,25314.3,25091.9,25224.2,670.7,73.1,True,2020-03-13 14:15:00
2020-03-16,2020-03-16 11:10:00,23807.6,23807.6,23729.7,23787.6,410.9,112.1,True,2020-03-16 11:25:00
2020-03-16,2020-03-16 13:00:00,23595.2,23606.2,23540.1,23604.8,470.1,0.0,True,2020-03-16 13:05:00
2020-03-16,2020-03-16 13:15:00,23602.7,23638.9,23528.8,23638.9,470.1,68.2,True,2020-03-16 13:45:00
2020-03-16,2020-03-16 14:50:00,23399.4,23442.1,23331.3,23432.3,557.1,0.0,True,2020-03-16 14:55:00
2020-03-17,2020-03-17 11:30:00,22972.6,23045.2,22848.1,23018.2,503.8,228.9,False,
2020-03-17,2020-03-17 13:15:00,23127.8,23133.9,23092.6,23118.8,290.5,106.5,True,2020-03-17 13:30:00
2020-03-18,2020-03-18 10:15:00,21532.4,21572.1,21460.2,21555.6,1031.4,305.6,False,
2020-03-18,2020-03-18 10:55:00,21455.2,21474.8,21338.8,21423.2,409.0,0.0,True,2020-03-18 11:00:00
2020-03-18,2020-03-18 11:35:00,21256.0,21273.6,21143.0,21224.2,677.8,0.0,True,2020-03-18 11:40:00
2020-03-18,2020-03-18 13:00:00,20355.9,20422.3,20267.9,20389.3,827.4,324.7,False,
2020-03-19,2020-03-19 10:35:00,19203.2,19225.2,19116.2,19225.2,504.4,648.8,False,
2020-03-19,2020-03-19 11:20:00,19863.8,19882.3,19655.6,19815.3,1398.6,354.5,False,
2020-03-19,2020-03-19 14:40:00,20410.8,20417.1,20217.6,20362.3,802.3,157.8,True,2020-03-19 14:55:00
2020-03-20,2020-03-20 11:30:00,19716.2,19786.7,19620.4,19760.4,374.7,279.9,False,
2020-03-20,2020-03-20 13:10:00,20424.8,20458.2,20377.8,20446.2,596.5,444.0,False,
2020-03-20,2020-03-20 13:45:00,20891.7,20924.6,20701.5,20830.2,600.5,0.0,True,2020-03-20 13:50:00
2020-03-24,2020-03-24 12:25:00,17025.8,17048.7,16944.8,17044.9,509.8,290.2,False,
2020-03-24,2020-03-24 13:35:00,17478.3,17480.2,17315.8,17440.0,527.5,195.4,False,
2020-03-25,2020-03-25 10:15:00,16970.8,16975.4,16855.1,16933.5,651.7,200.6,False,
2020-03-25,2020-03-25 10:55:00,16967.7,17013.8,16894.7,16998.2,449.7,162.1,False,
2020-03-25,2020-03-25 12:20:00,17301.3,17311.2,17219.9,17278.9,405.5,657.2,False,
2020-03-25,2020-03-25 12:25:00,17278.2,17292.2,17240.3,17291.5,405.5,705.8,False,
2020-03-26,2020-03-26 14:40:00,19502.8,19520.4,19431.2,19480.1,693.4,266.9,False,
2020-03-26,2020-03-26 14:55:00,19710.7,19735.9,19605.8,19735.9,650.6,0.0,True,2020-03-26 15:05:00
2020-03-27,2020-03-27 12:15:00,20280.6,20280.6,20144.5,20247.6,817.7,88.3,True,2020-03-27 12:30:00
2020-03-27,2020-03-27 13:30:00,19747.2,19790.8,19674.8,19781.2,706.5,458.6,False,
2020-03-27,2020-03-27 13:55:00,20175.8,20183.1,20012.9,20163.9,659.7,415.2,False,
2020-03-27,2020-03-27 14:05:00,20208.0,20229.1,20121.7,20229.1,659.7,364.1,True,2020-03-27 14:35:00
2020-03-30,2020-03-30 14:35:00,19000.8,19009.1,18926.1,18976.8,239.3,0.0,True,2020-03-30 14:40:00
2020-03-31,2020-03-31 11:00:00,19001.2,19007.3,18951.8,18986.7,257.3,0.0,True,2020-03-31 11:05:00
2020-04-01,2020-04-01 13:45:00,18190.2,18190.2,18155.3,18185.1,275.4,1.1,True,2020-04-01 13:55:00
2020-04-01,2020-04-01 13:50:00,18186.2,18186.2,18135.5,18169.9,235.1,0.0,True,2020-04-01 13:55:00
2020-04-03,2020-04-03 14:15:00,17301.9,17309.4,17227.9,17285.3,417.6,50.9,True,2020-04-03 14:35:00
2020-04-07,2020-04-07 12:35:00,18511.3,18520.5,18427.8,18497.9,342.0,241.1,False,
2020-04-07,2020-04-07 13:30:00,18643.5,18659.3,18595.2,18655.3,316.8,338.9,False,
2020-04-08,2020-04-08 11:05:00,19683.7,19686.1,19558.3,19673.4,940.8,193.5,True,2020-04-08 11:35:00
2020-04-08,2020-04-08 11:55:00,19259.4,19275.2,19131.6,19219.0,869.5,187.0,False,
2020-04-08,2020-04-08 12:25:00,19243.8,19258.5,19195.3,19256.1,832.8,62.2,True,2020-04-08 12:40:00
2020-04-08,2020-04-08 13:50:00,18929.6,18966.9,18828.0,18960.3,417.5,3.8,True,2020-04-08 14:00:00
2020-04-08,2020-04-08 14:30:00,18866.2,18870.9,18784.0,18839.1,436.3,294.9,False,
2020-04-09,2020-04-09 13:25:00,19824.8,19826.0,19762.1,19823.2,398.5,0.0,True,2020-04-09 13:30:00
2020-04-13,2020-04-13 13:35:00,19469.9,19479.0,19439.5,19459.9,252.1,89.1,True,2020-04-13 14:00:00
2020-04-15,2020-04-15 11:00:00,20064.2,20067.4,19986.7,20043.0,226.6,74.8,False,
2020-04-15,2020-04-15 14:30:00,19041.1,19059.1,18947.2,19054.8,921.5,77.0,False,
2020-04-16,2020-04-16 12:05:00,19252.2,19252.2,19198.1,19248.6,376.8,151.9,False,
2020-04-16,2020-04-16 12:20:00,19370.9,19389.2,19309.5,19388.2,300.3,0.0,True,2020-04-16 12:25:00
2020-04-16,2020-04-16 14:40:00,19364.9,19371.2,19328.7,19354.3,250.0,104.9,False,
2020-04-17,2020-04-17 13:35:00,19887.3,19888.1,19815.8,19878.8,214.6,196.7,False,
2020-04-20,2020-04-20 10:45:00,20920.2,20937.5,20890.4,20934.8,285.8,73.5,True,2020-04-20 11:15:00
2020-04-20,2020-04-20 13:30:00,20831.5,20833.3,20788.2,20819.2,235.4,33.0,True,2020-04-20 13:50:00
2020-04-20,2020-04-20 13:40:00,20785.0,20800.1,20752.8,20799.1,217.5,53.1,True,2020-04-20 13:55:00
2020-04-21,2020-04-21 10:15:00,19694.0,19696.6,19654.6,19689.9,305.7,33.4,True,2020-04-21 10:30:00
2020-04-21,2020-04-21 14:55:00,19397.4,19398.3,19347.2,19398.2,255.9,69.5,False,
2020-04-22,2020-04-22 11:25:00,19487.8,19488.9,19416.4,19480.7,507.0,0.0,True,2020-04-22 11:30:00
2020-04-23,2020-04-23 13:20:00,20066.0,20075.9,20008.4,20053.5,210.2,82.2,True,2020-04-23 13:35:00
2020-04-23,2020-04-23 13:55:00,20169.8,20186.2,20127.7,20178.6,263.0,106.7,False,
2020-04-23,2020-04-23 14:10:00,20205.1,20214.6,20134.3,20214.2,256.8,121.8,False,
2020-04-23,2020-04-23 14:35:00,20247.1,20247.1,20209.2,20244.6,316.5,111.9,False,
2020-04-24,2020-04-24 10:55:00,19685.1,19692.3,19659.3,19690.0,212.0,0.0,True,2020-04-24 11:00:00
2020-04-24,2020-04-24 12:30:00,19866.2,19878.8,19813.6,19849.1,259.1,101.1,True,2020-04-24 13:00:00
2020-04-24,2020-04-24 12:45:00,19902.8,19904.2,19812.1,19883.7,310.8,3.3,True,2020-04-24 13:00:00
2020-04-24,2020-04-24 14:55:00,19608.3,19626.8,19575.9,19622.6,220.8,0.0,True,2020-04-24 15:00:00
2020-04-28,2020-04-28 10:30:00,20340.7,20360.7,20299.4,20352.6,271.4,92.3,False,
2020-04-30,2020-04-30 13:35:00,21663.7,21664.2,21591.0,21643.4,386.9,115.2,False,
2020-04-30,2020-04-30 14:30:00,21533.6,21549.4,21478.4,21549.4,225.6,30.8,True,2020-04-30 14:50:00
2020-05-04,2020-05-04 10:40:00,20004.2,20014.2,19971.2,20010.3,314.0,50.5,True,2020-05-04 10:55:00
2020-05-05,2020-05-05 12:40:00,19636.8,19649.0,19605.3,19644.7,273.3,244.6,False,
2020-05-06,2020-05-06 11:40:00,19579.7,19581.8,19522.5,19564.3,256.3,172.5,False,
2020-05-07,2020-05-07 10:55:00,19490.7,19504.1,19460.4,19501.4,330.0,48.1,False,
2020-05-07,2020-05-07 13:25:00,19546.9,19549.3,19519.5,19542.8,242.4,1.0,True,2020-05-07 13:35:00
2020-05-08,2020-05-08 12:30:00,19735.7,19736.5,19690.8,19726.7,203.1,51.3,False,
2020-05-08,2020-05-08 13:55:00,19612.8,19612.8,19536.9,19604.8,264.6,34.3,True,2020-05-08 14:15:00
2020-05-08,2020-05-08 14:00:00,19601.1,19619.8,19536.7,19617.2,279.9,21.9,True,2020-05-08 14:15:00
2020-05-08,2020-05-08 14:40:00,19493.9,19496.7,19420.2,19488.1,264.0,2.3,True,2020-05-08 14:50:00
2020-05-11,2020-05-11 10:45:00,19339.5,19340.4,19297.7,19326.0,376.1,69.3,False,
2020-05-12,2020-05-12 10:40:00,18415.6,18425.3,18386.6,18424.2,253.1,70.7,False,
2020-05-13,2020-05-13 13:15:00,19504.6,19504.6,19429.9,19501.2,276.9,230.7,False,
2020-05-15,2020-05-15 14:20:00,18916.4,18919.3,18859.7,18911.3,230.3,33.3,True,2020-05-15 14:30:00
2020-05-19,2020-05-19 13:10:00,17733.2,17766.1,17678.7,17750.1,311.9,41.6,True,2020-05-19 13:30:00
2020-05-19,2020-05-19 13:40:00,17596.1,17596.7,17477.2,17558.6,336.2,1.3,True,2020-05-19 13:50:00
2020-05-19,2020-05-19 13:45:00,17557.2,17559.9,17463.3,17544.6,432.1,0.0,True,2020-05-19 13:50:00
2020-05-19,2020-05-19 14:40:00,17494.8,17503.6,17439.3,17480.0,208.5,51.6,False,
2020-05-20,2020-05-20 10:30:00,17523.2,17540.9,17481.3,17535.0,248.5,61.4,True,2020-05-20 11:00:00
2020-05-20,2020-05-20 11:00:00,17481.4,17491.1,17448.9,17471.1,271.8,165.8,False,
2020-05-20,2020-05-20 14:55:00,17802.1,17825.9,17749.7,17818.7,447.7,123.1,False,
2020-05-22,2020-05-22 11:40:00,17347.4,17355.8,17307.8,17351.8,274.8,0.0,True,2020-05-22 11:45:00
2020-05-22,2020-05-22 11:50:00,17277.2,17296.8,17253.5,17288.2,274.8,21.6,True,2020-05-22 12:00:00
2020-05-22,2020-05-22 12:10:00,17259.5,17261.2,17206.6,17244.2,230.7,53.9,False,
2020-05-27,2020-05-27 14:20:00,18557.3,18559.2,18506.9,18549.4,831.1,10.9,True,2020-05-27 14:30:00
2020-05-27,2020-05-27 14:25:00,18547.6,18560.3,18485.8,18531.5,831.1,0.0,True,2020-05-27 14:30:00
2020-05-28,2020-05-28 11:20:00,19378.4,19402.8,19333.3,19398.3,215.9,14.4,True,2020-05-28 11:50:00
2020-05-28,2020-05-28 12:45:00,19165.6,19172.8,19101.6,19155.8,244.0,32.3,True,2020-05-28 13:10:00
2020-05-28,2020-05-28 13:50:00,19172.2,19201.7,19131.4,19187.8,250.7,8.9,True,2020-05-28 14:10:00
2020-05-28,2020-05-28 14:30:00,19100.2,19103.1,19065.0,19095.4,268.8,93.0,False,
2020-05-29,2020-05-29 10:20:00,18916.1,18917.8,18873.9,18913.3,278.8,310.8,False,
2020-05-29,2020-05-29 11:15:00,19088.8,19099.0,19065.7,19095.2,367.9,80.0,True,2020-05-29 11:40:00
2020-06-01,2020-06-01 13:45:00,19927.2,19927.9,19801.2,19894.8,282.5,53.4,False,
2020-06-03,2020-06-03 14:05:00,21390.4,21407.4,21360.7,21403.6,353.1,216.0,False,
2020-06-04,2020-06-04 12:25:00,20367.4,20396.3,20316.2,20384.3,388.9,169.1,False,
2020-06-04,2020-06-04 14:00:00,20545.3,20579.1,20496.1,20567.3,274.9,0.0,True,2020-06-04 14:05:00
2020-06-04,2020-06-04 14:15:00,20422.5,20446.3,20373.1,20443.0,266.3,75.6,False,
2020-06-05,2020-06-05 10:15:00,20628.8,20632.6,20550.9,20604.9,331.5,28.0,True,2020-06-05 10:25:00
2020-06-05,2020-06-05 11:50:00,20638.8,20644.2,20590.4,20623.1,214.0,134.3,False,
2020-06-05,2020-06-05 12:10:00,20711.8,20724.2,20676.3,20724.2,228.3,33.2,True,2020-06-05 12:30:00
2020-06-05,2020-06-05 12:30:00,20692.8,20699.9,20620.6,20674.1,225.2,67.5,False,
2020-06-08,2020-06-08 10:30:00,21613.2,21619.6,21585.0,21604.0,270.2,0.0,True,2020-06-08 10:35:00
2020-06-08,2020-06-08 14:20:00,21001.2,21027.6,20911.2,21027.6,317.8,215.2,False,
2020-06-09,2020-06-09 10:55:00,21426.1,21434.6,21397.2,21434.2,371.6,0.0,True,2020-06-09 11:00:00
2020-06-10,2020-06-10 11:35:00,20857.1,20857.7,20800.2,20840.8,211.9,54.7,True,2020-06-10 11:55:00
2020-06-10,2020-06-10 13:10:00,20957.8,20959.4,20916.7,20948.2,273.3,52.0,False,
2020-06-10,2020-06-10 14:40:00,20783.2,20789.2,20733.6,20772.8,218.6,397.5,False,
2020-06-11,2020-06-11 11:15:00,20887.9,20891.2,20829.2,20873.3,295.8,100.4,False,
2020-06-11,2020-06-11 11:45:00,20925.2,20935.1,20905.3,20934.0,220.7,46.5,True,2020-06-11 11:55:00
2020-06-11,2020-06-11 14:10:00,20615.8,20620.2,20564.4,20610.4,287.4,40.9,False,
2020-06-11,2020-06-11 14:20:00,20576.7,20582.5,20545.8,20582.5,295.2,68.8,False,
2020-06-11,2020-06-11 14:40:00,20579.7,20597.1,20547.4,20588.7,297.1,48.8,True,2020-06-11 15:05:00
2020-06-12,2020-06-12 10:45:00,19957.8,19961.9,19906.1,19961.6,219.3,17.6,True,2020-06-12 11:10:00
2020-06-15,2020-06-15 10:50:00,19934.8,19948.4,19894.6,19945.5,362.1,59.2,True,2020-06-15 11:10:00
2020-06-15,2020-06-15 11:55:00,19880.1,19891.8,19845.2,19888.7,207.5,12.7,True,2020-06-15 12:05:00
2020-06-15,2020-06-15 12:45:00,19847.6,19868.8,19789.7,19867.4,202.6,52.3,False,
2020-06-16,2020-06-16 10:15:00,20413.1,20413.6,20365.1,20402.1,263.2,0.0,True,2020-06-16 10:20:00
2020-06-16,2020-06-16 14:30:00,20172.3,20207.2,20089.8,20203.9,566.0,131.4,False,
2020-06-17,2020-06-17 10:25:00,20251.3,20251.3,20162.7,20244.2,438.0,101.4,False,
2020-06-17,2020-06-17 13:05:00,20563.3,20565.3,20514.1,20549.8,271.0,78.1,True,2020-06-17 13:25:00
2020-06-18,2020-06-18 14:35:00,20858.1,20860.1,20794.7,20840.5,510.4,0.0,True,2020-06-18 14:40:00
2020-06-19,2020-06-19 10:25:00,21007.6,21016.0,20956.9,21013.2,313.2,137.5,False,
2020-06-19,2020-06-19 13:05:00,21245.8,21252.9,21134.3,21222.8,266.4,142.6,False,
2020-06-19,2020-06-19 13:15:00,21236.8,21264.2,21201.8,21254.3,279.5,111.1,False,
2020-06-22,2020-06-22 10:30:00,21767.2,21767.2,21706.7,21759.9,219.2,0.0,True,2020-06-22 10:35:00
2020-06-22,2020-06-22 13:00:00,21887.2,21904.9,21854.7,21897.6,308.6,7.3,True,2020-06-22 13:10:00
2020-06-23,2020-06-23 14:50:00,22223.8,22237.3,22132.8,22198.2,387.9,105.5,False,
2020-06-24,2020-06-24 13:20:00,21963.5,22001.4,21905.3,21986.3,434.0,24.9,True,2020-06-24 13:35:00
2020-06-26,2020-06-26 11:30:00,21492.4,21494.3,21445.0,21494.3,200.2,80.6,False,
2020-06-29,2020-06-29 13:05:00,21257.6,21261.2,21225.1,21247.3,227.1,0.0,True,2020-06-29 13:10:00
2020-07-01,2020-07-01 12:00:00,21702.7,21702.7,21673.4,21697.2,202.1,84.7,False,
2020-07-01,2020-07-01 12:10:00,21756.9,21765.1,21717.8,21747.7,233.6,34.2,True,2020-07-01 12:25:00
2020-07-02,2020-07-02 10:50:00,22045.9,22055.4,22024.7,22052.8,333.8,27.9,True,2020-07-02 11:05:00
2020-07-02,2020-07-02 11:10:00,21964.6,21969.2,21909.2,21951.0,288.3,143.1,False,
2020-07-02,2020-07-02 11:25:00,21940.9,21945.2,21890.5,21935.8,205.2,165.4,False,
2020-07-02,2020-07-02 12:10:00,22144.7,22159.2,22113.8,22155.1,255.2,15.1,True,2020-07-02 12:30:00
2020-07-02,2020-07-02 12:25:00,22129.3,22130.1,22098.8,22124.2,279.7,0.0,True,2020-07-02 12:30:00
2020-07-02,2020-07-02 14:45:00,22037.8,22045.9,21972.3,22043.5,218.6,15.7,True,2020-07-02 15:00:00
2020-07-03,2020-07-03 10:15:00,21883.3,21884.3,21833.6,21876.9,315.9,112.7,False,
2020-07-07,2020-07-07 12:55:00,22361.7,22373.8,22328.9,22372.9,321.1,208.3,False,
2020-07-07,2020-07-07 13:00:00,22372.3,22377.8,22324.4,22363.6,321.1,217.6,False,
2020-07-07,2020-07-07 14:10:00,22473.3,22494.0,22449.8,22483.8,213.0,138.7,False,
2020-07-07,2020-07-07 14:25:00,22578.8,22590.3,22544.7,22586.8,236.7,35.7,False,
2020-07-08,2020-07-08 13:05:00,22962.4,22983.1,22935.2,22974.9,229.0,25.1,True,2020-07-08 13:20:00
2020-07-13,2020-07-13 10:15:00,22412.7,22426.1,22381.3,22421.2,246.2,58.1,False,
2020-07-14,2020-07-14 12:45:00,21378.5,21380.7,21344.4,21374.2,228.3,15.6,True,2020-07-14 13:00:00
2020-07-15,2020-07-15 13:35:00,21810.3,21828.1,21785.1,21820.5,208.6,4.0,True,2020-07-15 13:45:00
2020-07-16,2020-07-16 11:40:00,21355.8,21370.4,21299.8,21338.3,242.9,87.1,True,2020-07-16 12:05:00
2020-07-16,2020-07-16 14:55:00,21541.4,21563.5,21505.4,21553.9,282.0,117.3,False,
2020-07-20,2020-07-20 10:20:00,22474.2,22474.2,22434.7,22464.1,269.1,30.6,True,2020-07-20 10:35:00
2020-07-20,2020-07-20 14:05:00,22417.3,22422.8,22392.3,22409.9,257.8,48.5,True,2020-07-20 14:20:00
2020-07-22,2020-07-22 10:15:00,22760.3,22763.8,22729.1,22751.1,547.1,125.8,False,
2020-07-29,2020-07-29 11:25:00,22236.3,22240.6,22204.2,22231.2,204.2,109.4,False,
2020-07-29,2020-07-29 14:25:00,22128.7,22133.1,22088.9,22123.0,204.9,68.3,True,2020-07-29 14:40:00
2020-07-30,2020-07-30 14:35:00,21743.8,21743.8,21695.8,21732.1,372.2,65.6,True,2020-07-30 14:55:00
2020-07-31,2020-07-31 14:05:00,21678.4,21686.1,21611.0,21656.3,268.4,64.3,False,
2020-08-05,2020-08-05 10:25:00,21875.8,21880.1,21842.6,21870.2,227.2,0.0,True,2020-08-05 10:30:00
2020-08-06,2020-08-06 11:20:00,21539.1,21540.3,21514.7,21537.8,218.1,17.0,True,2020-08-06 11:45:00
2020-08-06,2020-08-06 13:50:00,21759.2,21759.2,21718.1,21750.4,212.4,42.9,True,2020-08-06 14:10:00
2020-08-06,2020-08-06 14:25:00,21578.0,21588.3,21496.1,21550.9,353.2,87.9,False,
2020-08-13,2020-08-13 12:20:00,22201.1,22215.7,22176.4,22213.0,237.0,76.2,False,
2020-08-14,2020-08-14 14:20:00,21529.5,21562.0,21459.1,21557.1,664.4,74.4,False,
2020-08-14,2020-08-14 14:55:00,21626.9,21631.8,21589.3,21615.0,345.8,117.9,False,
2020-08-17,2020-08-17 14:15:00,21478.0,21478.0,21403.2,21468.9,202.4,128.3,False,
2020-08-25,2020-08-25 11:20:00,22994.4,22996.7,22963.2,22986.9,246.8,66.4,False,
2020-08-28,2020-08-28 11:30:00,24248.6,24266.2,24224.8,24258.3,261.0,180.5,False,
2020-08-28,2020-08-28 12:15:00,24383.1,24383.9,24328.1,24370.3,251.0,0.0,True,2020-08-28 12:20:00
2020-08-31,2020-08-31 11:05:00,24445.6,24475.3,24398.5,24468.2,305.1,0.0,True,2020-08-31 11:10:00
2020-08-31,2020-08-31 11:35:00,24162.0,24162.0,24011.3,24114.7,438.6,0.0,True,2020-08-31 11:40:00
2020-08-31,2020-08-31 12:05:00,24150.9,24176.9,24098.7,24164.7,529.2,124.7,False,
2020-08-31,2020-08-31 12:30:00,24127.9,24154.5,24064.1,24146.2,343.3,18.5,True,2020-08-31 12:50:00
2020-08-31,2020-08-31 13:40:00,23773.3,23775.1,23695.8,23751.5,438.5,114.2,True,2020-08-31 14:10:00
2020-09-01,2020-09-01 12:00:00,23629.3,23629.3,23534.7,23600.2,422.5,126.2,False,
2020-09-02,2020-09-02 10:55:00,23580.9,23581.1,23535.6,23572.8,252.8,155.5,False,
2020-09-04,2020-09-04 10:30:00,23083.9,23105.8,23052.6,23099.1,278.5,30.9,False,
2020-09-04,2020-09-04 10:35:00,23098.8,23101.6,23067.6,23088.9,265.0,41.1,False,
2020-09-04,2020-09-04 10:40:00,23085.9,23100.1,23059.0,23098.9,205.3,39.4,False,
2020-09-07,2020-09-07 14:35:00,22794.2,22805.1,22716.2,22775.1,282.5,162.1,False,
2020-09-07,2020-09-07 14:50:00,22804.7,22811.6,22760.6,22797.2,350.1,223.5,False,
2020-09-10,2020-09-10 13:25:00,22327.8,22332.8,22225.2,22305.7,284.9,120.0,False,
2020-09-14,2020-09-14 10:15:00,22578.7,22584.8,22532.8,22581.8,210.7,52.0,False,
2020-09-14,2020-09-14 13:50:00,22344.2,22356.4,22296.2,22330.3,259.8,5.9,True,2020-09-14 14:00:00
2020-09-14,2020-09-14 14:25:00,22108.7,22108.7,22035.9,22093.5,363.3,93.8,False,
2020-09-15,2020-09-15 10:45:00,22141.4,22152.2,22106.1,22151.6,220.9,61.0,False,
2020-09-18,2020-09-18 14:25:00,21941.5,21988.9,21827.1,21988.9,510.9,32.9,False,
2020-09-21,2020-09-21 13:45:00,21736.8,21743.0,21674.9,21722.3,209.5,18.5,True,2020-09-21 14:00:00
2020-09-21,2020-09-21 14:15:00,21526.1,21530.8,21358.0,21486.9,376.9,53.5,False,
2020-09-22,2020-09-22 13:15:00,21261.4,21277.1,21228.4,21270.6,225.4,141.7,False,
2020-09-29,2020-09-29 11:20:00,21364.1,21380.8,21333.2,21379.2,210.8,90.7,False,
2020-09-30,2020-09-30 14:45:00,21470.1,21487.7,21446.9,21479.3,231.2,0.0,True,2020-09-30 14:50:00
2020-10-01,2020-10-01 10:55:00,22061.4,22071.8,22034.9,22068.2,248.7,31.4,False,
2020-10-05,2020-10-05 13:25:00,22310.7,22322.3,22247.2,22290.8,315.7,191.7,False,
2020-10-05,2020-10-05 13:55:00,22417.1,22421.3,22359.2,22411.3,327.0,95.1,False,
2020-10-08,2020-10-08 14:15:00,23320.2,23324.2,23302.6,23315.3,254.2,0.0,True,2020-10-08 14:20:00
2020-10-08,2020-10-08 14:45:00,23119.1,23131.0,23063.6,23126.5,374.8,102.7,False,
2020-10-09,2020-10-09 11:10:00,23800.2,23800.2,23720.6,23778.6,523.7,17.0,True,2020-10-09 11:20:00
2020-10-12,2020-10-12 12:15:00,23736.4,23762.8,23683.4,23759.8,222.7,125.1,False,
2020-10-12,2020-10-12 14:20:00,23662.7,23667.3,23606.9,23646.2,253.6,90.6,False,
2020-10-16,2020-10-16 10:55:00,23354.4,23358.8,23314.2,23358.8,234.8,0.0,True,2020-10-16 11:00:00
2020-10-19,2020-10-19 10:25:00,24123.2,24125.8,24064.7,24119.3,435.9,47.4,False,
2020-10-20,2020-10-20 11:35:00,24329.2,24344.4,24300.2,24343.3,207.5,67.6,False,
2020-10-21,2020-10-21 14:15:00,24156.7,24191.7,24099.8,24176.7,633.0,241.7,False,
2020-10-22,2020-10-22 11:45:00,24564.8,24570.2,24543.3,24558.4,231.3,0.0,True,2020-10-22 11:50:00
2020-10-22,2020-10-22 14:20:00,24467.2,24484.3,24430.3,24477.4,228.9,8.8,True,2020-10-22 14:30:00
2020-10-23,2020-10-23 11:00:00,24441.6,24455.5,24422.3,24451.2,232.2,54.0,False,
2020-10-26,2020-10-26 13:00:00,23939.6,23961.7,23890.6,23957.9,378.4,97.8,False,
2020-10-27,2020-10-27 10:15:00,24244.5,24245.7,24181.2,24231.7,435.5,189.6,False,
2020-10-27,2020-10-27 10:50:00,24416.4,24426.2,24372.2,24405.1,240.1,11.3,True,2020-10-27 11:00:00
2020-10-27,2020-10-27 13:20:00,24626.2,24639.9,24584.5,24639.9,262.8,48.3,True,2020-10-27 13:40:00
2020-10-27,2020-10-27 13:55:00,24593.4,24595.6,24545.4,24591.2,296.9,121.0,False,
2020-10-28,2020-10-28 10:35:00,24489.8,24491.8,24419.8,24467.6,279.8,20.2,True,2020-10-28 10:55:00
2020-10-28,2020-10-28 10:45:00,24436.2,24444.9,24383.4,24424.2,259.3,68.1,False,
2020-10-28,2020-10-28 12:50:00,24210.6,24213.4,24146.2,24202.8,413.6,113.7,False,
2020-10-29,2020-10-29 13:25:00,23967.1,23972.6,23927.8,23971.8,422.4,98.5,True,2020-10-29 13:40:00
2020-10-29,2020-10-29 14:25:00,23960.5,23966.8,23905.8,23943.3,248.2,163.5,False,
2020-11-02,2020-11-02 11:00:00,24425.1,24444.2,24374.3,24444.2,342.9,146.8,False,
2020-11-02,2020-11-02 11:45:00,24557.3,24560.4,24524.9,24559.1,216.7,4.1,True,2020-11-02 11:55:00
2020-11-04,2020-11-04 10:30:00,25451.8,25462.9,25396.9,25459.8,417.1,18.1,True,2020-11-04 10:50:00
2020-11-04,2020-11-04 10:45:00,25447.4,25449.9,25407.4,25434.1,417.1,0.0,True,2020-11-04 10:50:00
2020-11-10,2020-11-10 10:25:00,28227.5,28240.0,28180.8,28212.0,384.1,177.3,False,
2020-11-10,2020-11-10 13:25:00,28660.2,28660.2,28617.4,28652.3,321.3,150.2,False,
2020-11-11,2020-11-11 10:40:00,28938.6,28968.9,28870.9,28968.1,264.1,62.8,True,2020-11-11 11:05:00
2020-11-11,2020-11-11 14:55:00,28831.0,28849.6,28799.2,28843.7,270.0,0.0,True,2020-11-11 15:00:00
2020-11-12,2020-11-12 14:35:00,28200.9,28235.7,28149.8,28220.1,288.5,76.1,False,
2020-11-12,2020-11-12 14:40:00,28220.2,28220.4,28162.0,28201.6,288.5,101.2,False,
2020-11-13,2020-11-13 10:35:00,28092.6,28102.7,28021.8,28078.4,537.1,64.7,False,
2020-11-17,2020-11-17 10:30:00,28877.8,28878.0,28828.5,28868.7,249.9,0.0,True,2020-11-17 10:35:00
2020-11-17,2020-11-17 11:15:00,28834.1,28846.8,28781.1,28846.8,285.3,98.7,False,
2020-11-18,2020-11-18 10:20:00,29377.1,29377.7,29349.9,29370.7,205.3,87.2,False,
2020-11-18,2020-11-18 10:35:00,29407.7,29407.7,29375.4,29401.2,205.3,56.7,True,2020-11-18 11:05:00
2020-11-19,2020-11-19 14:55:00,29054.1,29058.7,28984.6,29036.1,427.5,0.0,True,2020-11-19 15:00:00
2020-11-20,2020-11-20 11:35:00,28662.8,28667.8,28614.1,28653.8,322.9,184.8,False,
2020-11-20,2020-11-20 12:20:00,28715.9,28721.8,28666.3,28699.4,257.7,81.7,False,
2020-11-20,2020-11-20 14:20:00,29360.9,29365.1,29313.8,29353.1,568.5,0.0,True,2020-11-20 14:25:00
2020-11-23,2020-11-23 10:35:00,29020.6,29021.8,28981.8,29014.8,554.0,0.0,True,2020-11-23 10:45:00
2020-11-23,2020-11-23 10:40:00,29014.8,29014.8,28959.0,29010.6,480.2,0.0,True,2020-11-23 10:45:00
2020-11-23,2020-11-23 12:55:00,29181.6,29185.2,29149.2,29174.8,280.4,0.0,True,2020-11-23 13:00:00
2020-11-24,2020-11-24 14:45:00,29687.8,29700.2,29651.9,29697.4,212.7,59.5,False,
2020-11-25,2020-11-25 10:30:00,29929.2,29988.1,29841.0,29971.2,298.7,5.9,True,2020-11-25 10:40:00
2020-11-25,2020-11-25 10:45:00,29793.9,29834.0,29707.3,29828.4,408.6,47.9,True,2020-11-25 11:10:00
2020-11-25,2020-11-25 10:50:00,29824.7,29839.5,29782.5,29839.5,490.5,36.8,True,2020-11-25 11:00:00
2020-11-25,2020-11-25 12:20:00,29543.8,29555.4,29470.8,29531.4,220.2,229.2,False,
2020-11-25,2020-11-25 12:45:00,29706.8,29716.1,29657.2,29715.8,248.9,80.9,True,2020-11-25 13:15:00
2020-11-25,2020-11-25 13:00:00,29736.3,29738.6,29686.6,29724.5,289.8,72.2,True,2020-11-25 13:15:00
2020-11-25,2020-11-25 14:40:00,29351.7,29351.8,29279.6,29331.7,562.2,35.3,True,2020-11-25 15:00:00
2020-11-25,2020-11-25 14:45:00,29332.5,29352.7,29257.9,29351.8,532.8,15.2,True,2020-11-25 15:00:00
2020-11-26,2020-11-26 10:40:00,29167.3,29196.1,29114.3,29182.5,244.4,59.6,False,
2020-11-27,2020-11-27 12:30:00,29679.8,29691.9,29636.8,29666.7,243.8,19.8,True,2020-11-27 12:40:00
2020-12-02,2020-12-02 14:15:00,29211.8,29214.3,29149.9,29206.4,230.8,244.4,False,
2020-12-02,2020-12-02 14:35:00,29290.2,29309.3,29254.5,29307.1,221.3,231.9,False,
2020-12-03,2020-12-03 10:40:00,29750.8,29754.7,29715.7,29740.8,272.2,9.6,True,2020-12-03 10:50:00
2020-12-04,2020-12-04 11:00:00,29834.2,29854.4,29800.7,29844.7,341.7,33.0,True,2020-12-04 11:15:00
2020-12-04,2020-12-04 11:20:00,29774.3,29800.7,29738.1,29789.2,215.3,2.3,True,2020-12-04 11:35:00
2020-12-04,2020-12-04 13:15:00,29659.3,29660.9,29595.2,29654.2,268.6,142.2,False,
2020-12-07,2020-12-07 12:20:00,30255.1,30263.5,30222.7,30262.0,312.3,10.5,True,2020-12-07 12:30:00
2020-12-07,2020-12-07 12:25:00,30261.9,30272.5,30214.2,30247.5,312.3,84.9,False,
2020-12-07,2020-12-07 12:50:00,30245.9,30264.2,30222.2,30255.8,287.1,98.4,False,
2020-12-07,2020-12-07 13:50:00,30217.6,30239.8,30177.8,30231.9,228.3,0.0,True,2020-12-07 13:55:00
2020-12-08,2020-12-08 11:35:00,30110.2,30110.8,30069.9,30106.2,220.2,69.4,False,
2020-12-08,2020-12-08 12:40:00,30258.4,30274.7,30228.9,30272.7,216.8,64.5,True,2020-12-08 13:05:00
2020-12-11,2020-12-11 14:15:00,30375.2,30411.8,30328.4,30396.9,315.9,164.8,False,
2020-12-11,2020-12-11 14:20:00,30392.9,30405.7,30348.9,30403.1,329.5,163.5,False,
2020-12-15,2020-12-15 10:35:00,30425.2,30430.2,30384.4,30416.2,226.4,64.7,False,
2020-12-15,2020-12-15 14:35:00,30660.4,30662.8,30633.3,30661.8,206.9,0.0,True,2020-12-15 14:40:00
2020-12-16,2020-12-16 13:05:00,30707.6,30712.2,30683.8,30701.1,225.4,0.0,True,2020-12-16 13:10:00
2020-12-18,2020-12-18 10:40:00,30509.9,30511.1,30468.0,30510.5,218.7,66.0,False,
2020-12-21,2020-12-21 13:00:00,30231.2,30231.2,30143.8,30218.2,262.8,21.6,False,
2020-12-21,2020-12-21 13:45:00,30094.9,30110.1,30016.2,30075.3,349.2,22.7,True,2020-12-21 13:55:00
2020-12-22,2020-12-22 10:45:00,29278.3,29282.4,29214.7,29264.2,324.0,59.2,True,2020-12-22 11:15:00
2020-12-22,2020-12-22 13:30:00,29316.6,29343.5,29236.4,29339.4,477.0,200.7,False,
2020-12-24,2020-12-24 10:35:00,30366.8,30369.4,30333.3,30357.6,230.5,19.0,True,2020-12-24 10:55:00
2020-12-24,2020-12-24 13:50:00,30479.8,30486.8,30435.8,30484.4,245.4,34.5,False,
2020-12-29,2020-12-29 10:50:00,31124.9,31146.2,31002.6,31145.2,270.1,44.6,False,
2021-01-04,2021-01-04 10:50:00,31287.3,31287.3,31227.6,31268.6,300.0,0.0,True,2021-01-04 10:55:00
2021-01-06,2021-01-06 14:55:00,31830.9,31839.2,31806.0,31839.2,311.6,26.4,True,2021-01-06 15:05:00
2021-01-11,2021-01-11 12:50:00,31990.6,31997.8,31956.7,31981.3,207.3,25.1,True,2021-01-11 13:00:00
2021-01-12,2021-01-12 13:20:00,32310.1,32319.6,32281.9,32316.8,249.3,23.7,True,2021-01-12 13:45:00
2021-01-13,2021-01-13 12:00:00,32356.3,32359.4,32287.1,32353.1,259.1,160.1,False,
2021-01-15,2021-01-15 10:30:00,32254.3,32257.2,32205.6,32244.3,278.7,0.0,True,2021-01-15 10:35:00
2021-01-15,2021-01-15 11:00:00,32250.2,32265.6,32215.1,32261.7,208.0,0.0,True,2021-01-15 11:05:00
2021-01-15,2021-01-15 14:00:00,32254.6,32254.8,32204.8,32251.8,211.6,0.0,True,2021-01-15 14:05:00
2021-01-18,2021-01-18 11:45:00,31958.4,31978.4,31895.8,31969.1,317.9,28.6,True,2021-01-18 11:55:00
2021-01-18,2021-01-18 12:35:00,31864.8,31884.4,31809.2,31875.2,231.7,84.1,False,
2021-01-19,2021-01-19 10:35:00,32114.0,32120.1,32067.9,32104.4,281.3,25.2,True,2021-01-19 11:00:00
2021-01-22,2021-01-22 11:30:00,31669.1,31669.1,31600.7,31651.6,298.0,62.4,False,
2021-01-22,2021-01-22 12:15:00,31628.7,31642.0,31595.8,31639.2,209.9,51.0,True,2021-01-22 12:30:00
2021-01-22,2021-01-22 13:40:00,31213.3,31221.3,31132.7,31197.6,380.6,170.2,False,
2021-01-25,2021-01-25 10:20:00,31548.2,31549.9,31508.9,31538.1,578.8,159.5,False,
2021-01-25,2021-01-25 11:30:00,31497.8,31512.7,31453.6,31512.0,267.4,55.4,True,2021-01-25 11:45:00
2021-01-25,2021-01-25 11:45:00,31460.0,31460.0,31356.0,31431.2,218.0,0.7,True,2021-01-25 11:55:00
2021-01-25,2021-01-25 12:35:00,31467.1,31479.5,31442.9,31478.2,239.0,81.5,False,
2021-01-25,2021-01-25 13:20:00,31554.8,31573.1,31505.0,31573.1,210.0,50.1,True,2021-01-25 13:40:00
2021-01-27,2021-01-27 12:15:00,30764.2,30781.2,30715.8,30775.8,463.1,58.4,True,2021-01-27 12:35:00
2021-01-27,2021-01-27 14:15:00,30260.7,30294.0,30198.9,30284.6,467.3,54.7,True,2021-01-27 14:35:00
2021-01-28,2021-01-28 10:30:00,29943.8,29949.9,29875.8,29947.5,330.0,67.7,False,
2021-01-28,2021-01-28 11:00:00,29995.2,30004.6,29958.2,30001.8,263.0,48.5,False,
2021-01-28,2021-01-28 13:10:00,29765.6,29767.8,29706.9,29753.6,440.7,361.8,False,
2021-01-28,2021-01-28 14:00:00,29967.8,29969.9,29910.7,29953.7,479.8,218.1,False,
2021-02-01,2021-02-01 11:40:00,31404.3,31430.8,31346.5,31421.2,460.1,208.6,True,2021-02-01 12:10:00
2021-02-01,2021-02-01 12:05:00,31553.8,31574.2,31515.2,31565.6,437.6,0.0,True,2021-02-01 12:10:00
2021-02-01,2021-02-01 14:55:00,32973.2,33014.9,32885.1,33014.9,690.7,290.4,False,
2021-02-02,2021-02-02 10:25:00,34104.0,34104.0,33880.1,34045.6,616.9,102.4,True,2021-02-02 10:40:00
2021-02-02,2021-02-02 11:20:00,34038.4,34061.7,33974.1,34054.5,500.3,40.6,True,2021-02-02 11:30:00
2021-02-02,2021-02-02 11:40:00,33906.8,33908.8,33817.9,33880.8,395.8,0.0,True,2021-02-02 11:45:00
2021-02-02,2021-02-02 12:15:00,34065.5,34068.1,33989.6,34044.4,453.3,0.0,True,2021-02-02 12:20:00
2021-02-02,2021-02-02 13:15:00,34129.3,34130.9,34024.1,34097.6,373.1,149.0,False,
2021-02-02,2021-02-02 14:25:00,34370.7,34372.1,34257.4,34361.2,476.2,30.1,True,2021-02-02 14:45:00
2021-02-03,2021-02-03 14:50:00,34813.6,34814.0,34655.4,34779.5,324.9,68.3,False,
2021-02-04,2021-02-04 12:10:00,34839.4,34844.8,34755.0,34821.6,343.7,240.5,False,
2021-02-04,2021-02-04 12:20:00,34913.5,34925.6,34880.9,34925.6,412.6,136.5,False,
2021-02-04,2021-02-04 12:40:00,34951.1,34953.9,34902.1,34944.9,414.0,48.5,True,2021-02-04 12:55:00
2021-02-04,2021-02-04 14:25:00,35124.6,35138.7,35097.3,35132.0,362.8,0.0,True,2021-02-04 14:30:00
2021-02-05,2021-02-05 10:25:00,36229.9,36244.2,36076.2,36212.3,588.8,215.9,True,2021-02-05 10:50:00
2021-02-05,2021-02-05 10:55:00,36026.4,36026.4,35826.2,36023.3,623.2,223.5,False,
2021-02-05,2021-02-05 11:40:00,36147.9,36155.5,36081.8,36131.1,456.4,106.9,False,
2021-02-05,2021-02-05 12:00:00,36190.6,36197.9,36146.2,36176.3,246.1,16.8,True,2021-02-05 12:15:00
2021-02-08,2021-02-08 10:50:00,36306.9,36311.9,36274.9,36300.8,221.3,44.1,True,2021-02-08 11:00:00
2021-02-08,2021-02-08 11:50:00,36187.8,36212.6,36138.1,36212.6,213.5,65.0,True,2021-02-08 12:05:00
2021-02-08,2021-02-08 12:10:00,36074.6,36074.6,35987.2,36047.1,261.8,0.0,True,2021-02-08 12:15:00
2021-02-08,2021-02-08 13:05:00,36059.8,36066.6,36021.5,36048.4,326.2,85.6,False,
2021-02-08,2021-02-08 13:20:00,36089.9,36106.8,36056.6,36104.4,262.6,7.0,True,2021-02-08 13:35:00
2021-02-09,2021-02-09 10:15:00,35805.2,35830.7,35746.4,35830.7,438.5,406.0,False,
2021-02-09,2021-02-09 11:50:00,36325.7,36335.0,36300.8,36333.9,202.1,42.7,True,2021-02-09 12:05:00
2021-02-10,2021-02-10 12:10:00,35925.6,35929.1,35883.1,35915.2,220.2,0.0,True,2021-02-10 12:15:00
2021-02-10,2021-02-10 14:15:00,35623.1,35623.1,35570.4,35611.3,352.8,127.5,True,2021-02-10 14:45:00
2021-02-10,2021-02-10 14:25:00,35618.4,35632.6,35585.6,35629.6,330.5,109.2,True,2021-02-10 14:45:00
2021-02-11,2021-02-11 10:30:00,35876.4,35888.2,35834.0,35883.7,255.6,23.7,True,2021-02-11 11:00:00
2021-02-11,2021-02-11 13:35:00,35671.6,35676.3,35645.3,35664.3,340.4,0.0,True,2021-02-11 13:40:00
2021-02-11,2021-02-11 14:45:00,35760.6,35767.7,35710.4,35751.1,233.7,45.0,True,2021-02-11 14:55:00
2021-02-12,2021-02-12 11:05:00,36110.2,36111.1,36078.4,36105.7,372.4,102.8,False,
2021-02-15,2021-02-15 10:20:00,36728.1,36737.9,36695.6,36733.4,210.2,58.0,False,
2021-02-15,2021-02-15 14:35:00,37081.6,37099.3,37060.0,37091.7,210.7,148.4,False,
2021-02-16,2021-02-16 11:20:00,37221.8,37234.2,37164.6,37204.3,249.8,52.8,True,2021-02-16 11:50:00
2021-02-16,2021-02-16 13:15:00,36884.9,36908.4,36822.7,36896.7,417.7,142.9,False,
2021-02-16,2021-02-16 14:40:00,37060.5,37071.8,37006.4,37044.0,374.0,108.4,False,
2021-02-17,2021-02-17 14:20:00,36948.7,36969.3,36896.2,36969.3,254.2,79.9,False,
2021-02-18,2021-02-18 11:35:00,36759.4,36764.2,36708.4,36751.6,216.8,0.0,True,2021-02-18 11:40:00
2021-02-18,2021-02-18 11:45:00,36689.1,36702.4,36647.9,36702.3,288.5,46.8,True,2021-02-18 12:15:00
2021-02-18,2021-02-18 12:55:00,36562.6,36576.6,36528.1,36571.4,304.0,0.0,True,2021-02-18 13:00:00
2021-02-18,2021-02-18 13:40:00,36423.0,36435.2,36395.9,36431.9,228.3,0.0,True,2021-02-18 13:45:00
2021-02-19,2021-02-19 11:40:00,36386.9,36395.1,36351.1,36392.2,330.5,113.4,False,
2021-02-22,2021-02-22 10:25:00,35780.4,35796.7,35726.9,35789.8,401.6,118.8,False,
2021-02-23,2021-02-23 11:45:00,35116.7,35116.7,34976.0,35076.1,502.3,206.8,False,
2021-02-23,2021-02-23 13:20:00,35240.3,35279.6,35177.4,35264.7,311.1,49.9,True,2021-02-23 13:35:00
2021-02-25,2021-02-25 13:35:00,36758.8,36785.9,36708.5,36777.0,303.3,8.1,True,2021-02-25 13:55:00
2021-02-26,2021-02-26 10:40:00,35293.9,35294.7,35261.4,35287.1,477.7,50.0,True,2021-02-26 10:55:00
2021-02-26,2021-02-26 11:20:00,35109.5,35111.4,35062.8,35094.9,384.1,29.7,True,2021-02-26 11:30:00
2021-02-26,2021-02-26 11:25:00,35094.6,35124.6,35023.4,35118.8,355.9,0.0,True,2021-02-26 11:30:00
2021-03-01,2021-03-01 10:35:00,35508.9,35516.9,35476.0,35515.1,480.7,51.5,True,2021-03-01 10:45:00
2021-03-01,2021-03-01 11:05:00,35456.1,35466.8,35404.9,35466.5,322.3,13.6,True,2021-03-01 11:20:00
2021-03-01,2021-03-01 11:30:00,35364.3,35377.2,35325.6,35375.2,244.5,95.7,True,2021-03-01 11:40:00
2021-03-01,2021-03-01 11:45:00,35223.8,35228.1,35155.4,35208.9,308.9,50.2,True,2021-03-01 12:00:00
2021-03-01,2021-03-01 13:20:00,35264.0,35264.0,35206.3,35252.1,358.8,193.8,False,
2021-03-02,2021-03-02 13:35:00,35057.3,35087.6,35002.4,35081.2,226.1,253.2,False,
2021-03-02,2021-03-02 14:20:00,35224.4,35241.2,35190.4,35236.1,332.0,18.8,True,2021-03-02 14:45:00
2021-03-04,2021-03-04 14:10:00,36069.2,36080.8,36042.4,36075.1,310.0,76.2,True,2021-03-04 14:35:00
2021-03-04,2021-03-04 14:25:00,36082.6,36092.9,36056.0,36090.0,260.7,0.0,True,2021-03-04 14:30:00
2021-03-04,2021-03-04 14:45:00,35955.6,35966.6,35875.6,35934.7,210.4,40.7,True,2021-03-04 15:00:00
2021-03-05,2021-03-05 12:40:00,35374.4,35389.1,35350.6,35385.5,231.5,62.9,True,2021-03-05 13:00:00
2021-03-05,2021-03-05 13:05:00,35337.6,35387.4,35265.9,35368.6,233.0,55.7,True,2021-03-05 13:35:00
2021-03-05,2021-03-05 13:55:00,35088.1,35146.2,35003.4,35120.8,362.4,6.6,True,2021-03-05 14:05:00
2021-03-05,2021-03-05 14:15:00,35001.4,35043.0,34930.2,35026.7,531.1,150.7,False,
2021-03-05,2021-03-05 14:40:00,35096.8,35107.3,35045.0,35104.1,385.2,211.5,False,
2021-03-08,2021-03-08 11:10:00,35330.6,35358.9,35291.2,35345.1,677.2,67.1,False,
2021-03-08,2021-03-08 11:50:00,35325.2,35340.6,35295.4,35337.2,222.1,18.7,True,2021-03-08 12:00:00
2021-03-08,2021-03-08 14:35:00,35466.2,35467.8,35403.0,35463.9,444.0,83.2,True,2021-03-08 14:50:00
2021-03-08,2021-03-08 14:55:00,35372.2,35387.9,35318.6,35384.6,453.8,0.0,True,2021-03-08 15:00:00
2021-03-09,2021-03-09 10:15:00,35753.9,35774.6,35716.4,35769.9,300.0,28.0,False,
2021-03-09,2021-03-09 10:55:00,35765.1,35772.9,35724.3,35770.8,256.0,122.1,False,
2021-03-10,2021-03-10 10:15:00,36076.2,36088.1,36052.1,36088.1,213.5,0.0,True,2021-03-10 10:20:00
2021-03-10,2021-03-10 13:10:00,35970.4,35979.4,35926.6,35978.3,215.8,63.3,True,2021-03-10 13:30:00
2021-03-10,2021-03-10 13:35:00,35925.1,35925.7,35865.0,35907.6,209.8,87.0,False,
2021-03-12,2021-03-12 13:55:00,35708.1,35708.4,35611.6,35681.9,730.4,0.0,True,2021-03-12 14:00:00
2021-03-15,2021-03-15 13:00:00,34497.8,34497.8,34430.6,34492.5,241.3,104.4,False,
2021-03-16,2021-03-16 11:05:00,35245.5,35254.9,35232.1,35250.6,333.3,4.5,True,2021-03-16 11:15:00
2021-03-16,2021-03-16 11:20:00,35131.8,35155.7,35084.4,35153.9,252.3,0.0,True,2021-03-16 11:25:00
2021-03-16,2021-03-16 13:00:00,35086.1,35103.3,35036.9,35102.9,283.1,0.0,True,2021-03-16 13:05:00
2021-03-16,2021-03-16 13:15:00,34929.6,34929.6,34809.2,34909.9,321.3,17.0,True,2021-03-16 13:35:00
2021-03-18,2021-03-18 10:25:00,34611.9,34614.4,34548.0,34593.4,215.7,0.0,True,2021-03-18 10:30:00
2021-03-18,2021-03-18 11:20:00,34494.2,34496.5,34461.4,34495.4,213.7,32.3,True,2021-03-18 11:40:00
2021-03-18,2021-03-18 13:25:00,34044.3,34044.8,33950.1,34016.4,604.1,0.0,True,2021-03-18 13:30:00
2021-03-18,2021-03-18 14:20:00,33670.3,33708.5,33612.6,33692.8,531.3,224.7,False,
2021-03-19,2021-03-19 10:50:00,33875.2,33890.2,33811.1,33884.6,326.0,237.4,False,
2021-03-19,2021-03-19 12:50:00,33702.8,33716.8,33647.4,33688.1,288.1,0.0,True,2021-03-19 12:55:00
2021-03-22,2021-03-22 10:15:00,33996.9,34005.0,33947.9,34002.7,396.9,0.0,True,2021-03-22 10:20:00
2021-03-22,2021-03-22 12:20:00,33688.4,33693.6,33633.4,33671.9,301.5,7.0,True,2021-03-22 12:35:00
2021-03-23,2021-03-23 10:30:00,33741.6,33741.6,33658.5,33728.8,223.0,571.0,False,
2021-03-23,2021-03-23 13:05:00,33896.7,33896.7,33837.7,33884.8,277.9,80.3,False,
2021-03-23,2021-03-23 14:00:00,33974.8,33984.9,33923.6,33962.8,236.5,284.4,False,
2021-03-24,2021-03-24 11:10:00,33511.4,33513.1,33421.8,33496.9,271.6,31.5,True,2021-03-24 11:25:00
2021-03-24,2021-03-24 11:55:00,33593.1,33593.1,33537.6,33586.2,223.7,43.0,False,
2021-03-24,2021-03-24 12:40:00,33625.9,33634.2,33594.9,33616.7,262.8,0.0,True,2021-03-24 12:45:00
2021-03-25,2021-03-25 10:20:00,32907.9,32910.5,32853.0,32897.7,230.5,38.5,True,2021-03-25 10:50:00
2021-03-25,2021-03-25 11:15:00,32768.6,32788.4,32738.1,32782.6,228.6,79.2,False,
2021-03-25,2021-03-25 13:30:00,32832.8,32842.7,32744.6,32811.9,380.8,477.3,False,
2021-03-25,2021-03-25 14:05:00,33280.1,33309.4,33185.1,33250.1,809.6,0.0,True,2021-03-25 14:10:00
2021-03-25,2021-03-25 14:35:00,33172.0,33173.6,33108.9,33153.9,525.8,396.2,True,2021-03-25 15:00:00
2021-03-26,2021-03-26 10:35:00,33363.6,33385.4,33335.6,33376.6,372.1,82.8,True,2021-03-26 10:55:00
2021-03-26,2021-03-26 12:00:00,33456.9,33476.4,33417.9,33474.9,328.1,39.4,True,2021-03-26 12:20:00
2021-03-30,2021-03-30 14:20:00,33928.8,33963.1,33859.4,33963.1,326.0,13.1,False,
2021-03-31,2021-03-31 11:00:00,33237.6,33250.8,33198.6,33248.4,286.9,49.2,True,2021-03-31 11:30:00
2021-03-31,2021-03-31 12:45:00,33384.4,33395.6,33327.1,33367.1,207.9,126.0,True,2021-03-31 13:15:00
2021-03-31,2021-03-31 12:55:00,33373.9,33379.2,33346.9,33368.4,207.9,124.7,True,2021-03-31 13:15:00
2021-04-01,2021-04-01 11:25:00,33271.6,33273.7,33237.9,33264.1,215.6,116.5,False,
2021-04-01,2021-04-01 13:30:00,33515.7,33520.4,33474.5,33505.7,324.5,59.3,False,
2021-04-01,2021-04-01 14:55:00,33770.9,33787.1,33656.2,33744.4,405.5,204.7,False,
2021-04-05,2021-04-05 11:30:00,32514.4,32554.4,32452.8,32541.6,298.6,124.1,False,
2021-04-05,2021-04-05 12:20:00,32644.1,32659.3,32615.2,32654.8,228.1,109.8,False,
2021-04-05,2021-04-05 14:00:00,32695.6,32728.8,32645.2,32719.8,272.5,109.0,False,
2021-04-06,2021-04-06 10:20:00,32673.9,32683.8,32592.8,32654.8,669.2,215.3,False,
2021-04-07,2021-04-07 11:20:00,32910.6,32928.3,32869.9,32928.3,449.0,58.9,False,
2021-04-07,2021-04-07 12:55:00,33160.7,33168.9,33115.5,33149.0,293.6,42.7,True,2021-04-07 13:15:00
2021-04-07,2021-04-07 14:15:00,33012.9,33012.9,32975.8,33004.6,290.2,84.2,False,
2021-04-07,2021-04-07 14:45:00,33009.4,33009.4,32945.8,32992.7,212.9,7.1,True,2021-04-07 14:55:00
2021-04-08,2021-04-08 13:45:00,33205.6,33209.0,33171.4,33198.3,315.7,0.0,True,2021-04-08 13:50:00
2021-04-09,2021-04-09 14:00:00,32477.8,32499.0,32418.3,32499.0,277.2,61.3,False,
2021-04-12,2021-04-12 13:50:00,30694.2,30716.2,30657.0,30706.4,216.4,116.7,False,
2021-04-12,2021-04-12 14:40:00,30565.3,30595.6,30534.6,30580.6,302.8,198.0,False,
2021-04-13,2021-04-13 12:55:00,31285.5,31292.7,31236.4,31292.7,305.8,0.0,True,2021-04-13 13:00:00
2021-04-15,2021-04-15 12:20:00,31810.9,31839.1,31765.1,31825.4,553.3,88.4,False,
2021-04-15,2021-04-15 12:30:00,31802.6,31841.6,31723.6,31841.6,541.8,125.0,False,
2021-04-16,2021-04-16 10:25:00,32215.3,32215.3,32156.4,32200.1,270.7,20.0,True,2021-04-16 10:40:00
2021-04-19,2021-04-19 12:00:00,30632.8,30644.3,30603.1,30643.4,249.2,36.8,False,
2021-04-19,2021-04-19 13:10:00,30749.0,30750.9,30709.3,30738.3,222.9,100.0,False,
2021-04-19,2021-04-19 13:40:00,30752.1,30767.8,30711.3,30763.2,269.8,304.9,False,
2021-04-19,2021-04-19 14:45:00,30922.7,30923.2,30840.9,30897.5,325.9,382.3,False,
2021-04-20,2021-04-20 12:45:00,31258.7,31287.6,31184.5,31285.4,279.1,109.5,False,
2021-04-20,2021-04-20 13:00:00,31279.7,31300.8,31234.6,31300.8,324.9,135.4,False,
2021-04-20,2021-04-20 13:05:00,31304.4,31323.3,31278.6,31317.3,307.8,118.9,False,
2021-04-20,2021-04-20 13:30:00,31361.7,31372.4,31300.7,31345.1,251.7,28.4,True,2021-04-20 13:50:00
2021-04-20,2021-04-20 14:25:00,31164.5,31174.9,31085.3,31143.2,312.3,14.5,True,2021-04-20 14:35:00
2021-04-22,2021-04-22 10:35:00,31044.2,31045.4,30999.6,31033.5,356.3,0.0,True,2021-04-22 10:40:00
2021-04-22,2021-04-22 11:05:00,30948.1,30967.2,30924.9,30959.1,282.5,216.7,False,
2021-04-22,2021-04-22 11:55:00,31339.4,31343.4,31295.7,31325.9,443.2,0.0,True,2021-04-22 12:00:00
2021-04-22,2021-04-22 12:30:00,31383.8,31408.1,31308.3,31400.3,349.7,128.3,False,
2021-04-22,2021-04-22 14:25:00,31560.2,31578.4,31506.2,31575.9,298.1,173.2,False,
2021-04-22,2021-04-22 14:35:00,31674.9,31691.5,31640.2,31686.2,311.5,148.3,False,
2021-04-23,2021-04-23 10:35:00,31922.5,31927.9,31845.1,31907.4,607.0,94.4,False,
2021-04-23,2021-04-23 11:40:00,32115.6,32115.6,32050.7,32108.9,322.2,12.4,True,2021-04-23 11:50:00
2021-04-23,2021-04-23 14:50:00,31640.6,31656.4,31594.7,31651.8,348.7,182.0,False,
2021-04-27,2021-04-27 11:05:00,32499.8,32508.7,32481.1,32507.1,222.2,36.1,True,2021-04-27 11:20:00
2021-04-28,2021-04-28 13:25:00,33520.7,33524.1,33469.4,33510.4,305.6,151.0,False,
2021-04-28,2021-04-28 14:45:00,33707.4,33716.9,33689.0,33712.6,268.4,65.1,True,2021-04-28 15:15:00
2021-04-29,2021-04-29 11:30:00,33626.1,33626.1,33519.6,33600.2,411.0,148.2,False,
2021-04-29,2021-04-29 12:30:00,33696.2,33704.4,33613.8,33687.5,228.8,217.3,False,
2021-04-29,2021-04-29 12:55:00,33875.3,33879.1,33824.4,33862.2,303.7,95.4,True,2021-04-29 13:10:00
2021-04-29,2021-04-29 13:45:00,33826.4,33847.2,33758.3,33804.0,297.2,24.1,True,2021-04-29 13:55:00
2021-04-29,2021-04-29 14:20:00,33723.1,33749.9,33678.3,33743.4,425.6,89.2,False,
2021-04-29,2021-04-29 14:55:00,33773.5,33776.8,33654.9,33748.3,337.8,45.9,False,
2021-04-30,2021-04-30 14:15:00,32876.5,32878.9,32757.2,32840.2,374.9,163.7,False,
2021-05-03,2021-05-03 10:55:00,32422.0,32423.9,32362.4,32412.8,359.2,61.3,False,
2021-05-03,2021-05-03 11:35:00,32323.5,32326.8,32280.2,32314.7,283.7,0.0,True,2021-05-03 11:40:00
2021-05-03,2021-05-03 13:20:00,32108.2,32109.7,31906.6,32063.1,231.8,49.0,False,
2021-05-03,2021-05-03 13:30:00,32049.1,32087.8,31987.4,32069.8,435.2,80.0,False,
2021-05-04,2021-05-04 13:20:00,32586.6,32599.7,32510.2,32564.7,505.0,201.7,False,
2021-05-04,2021-05-04 14:25:00,32673.3,32692.3,32639.2,32687.3,210.5,0.0,True,2021-05-04 14:30:00
2021-05-05,2021-05-05 10:25:00,32502.5,32551.2,32431.0,32530.7,547.9,199.5,False,
2021-05-05,2021-05-05 11:50:00,32570.3,32577.8,32523.5,32577.8,275.1,71.4,False,
2021-05-05,2021-05-05 12:00:00,32586.2,32649.2,32497.4,32624.9,265.6,9.4,False,
2021-05-05,2021-05-05 13:35:00,32691.2,32727.4,32641.5,32711.8,331.6,44.4,False,
2021-05-05,2021-05-05 13:45:00,32724.3,32738.8,32684.7,32732.7,317.3,15.3,True,2021-05-05 14:10:00
2021-05-05,2021-05-05 13:55:00,32696.1,32708.3,32659.9,32708.3,202.9,27.3,True,2021-05-05 14:10:00
2021-05-07,2021-05-07 10:45:00,32974.8,32980.4,32929.7,32977.8,217.6,52.4,False,
2021-05-07,2021-05-07 12:45:00,32906.9,32911.2,32875.6,32900.3,277.7,41.1,True,2021-05-07 13:00:00
2021-05-11,2021-05-11 11:45:00,33059.1,33064.8,33016.9,33049.8,377.2,22.3,False,
2021-05-11,2021-05-11 13:05:00,32883.6,32902.6,32850.9,32896.5,217.8,15.1,True,2021-05-11 13:15:00
2021-05-12,2021-05-12 12:35:00,32656.7,32667.2,32623.9,32666.1,207.7,0.0,True,2021-05-12 12:40:00
2021-05-14,2021-05-14 11:05:00,32364.7,32376.8,32309.6,32351.3,207.0,55.0,True,2021-05-14 11:35:00
2021-05-14,2021-05-14 11:20:00,32360.6,32373.6,32316.6,32370.2,227.3,36.1,True,2021-05-14 11:35:00
2021-05-14,2021-05-14 11:45:00,32236.8,32237.3,32168.3,32234.2,264.3,48.5,True,2021-05-14 12:00:00
2021-05-14,2021-05-14 12:20:00,32235.0,32260.9,32207.3,32248.2,282.7,7.6,True,2021-05-14 12:30:00
2021-05-14,2021-05-14 14:10:00,32185.9,32191.7,32152.7,32175.9,202.8,86.0,False,
2021-05-17,2021-05-17 11:55:00,33082.8,33086.5,33061.1,33077.0,226.4,66.1,False,
2021-05-18,2021-05-18 10:45:00,33959.0,33965.1,33909.5,33947.9,326.0,166.7,False,
2021-05-18,2021-05-18 10:50:00,33947.6,33960.9,33926.3,33955.9,294.3,158.7,False,
2021-05-18,2021-05-18 14:30:00,33885.9,33913.4,33838.9,33907.1,206.6,61.0,False,
2021-05-18,2021-05-18 14:35:00,33907.6,33910.9,33880.3,33900.9,248.1,67.2,True,2021-05-18 14:55:00
2021-05-24,2021-05-24 11:00:00,34952.6,34953.1,34891.6,34941.6,432.3,13.0,True,2021-05-24 11:10:00
2021-05-25,2021-05-25 11:20:00,34632.6,34633.6,34581.6,34629.6,232.4,131.3,False,
2021-05-27,2021-05-27 12:15:00,34808.6,34816.3,34776.9,34798.6,255.8,20.7,True,2021-05-27 12:40:00
2021-05-27,2021-05-27 12:25:00,34788.8,34792.6,34766.9,34782.1,248.8,74.2,False,
2021-05-31,2021-05-31 10:20:00,35346.3,35346.8,35303.4,35334.6,442.8,96.0,False,
2021-05-31,2021-05-31 10:35:00,35397.5,35406.8,35371.9,35404.4,438.0,7.2,True,2021-05-31 10:45:00
2021-06-01,2021-06-01 10:20:00,35354.9,35383.6,35282.7,35374.3,368.2,70.3,False,
2021-06-04,2021-06-04 11:30:00,35399.8,35402.2,35369.4,35391.8,359.1,34.6,False,
2021-06-04,2021-06-04 14:05:00,35257.8,35264.1,35227.4,35251.5,201.6,65.1,False,
2021-06-09,2021-06-09 13:30:00,34856.8,34875.6,34798.6,34868.6,660.9,141.2,False,
2021-06-09,2021-06-09 13:45:00,34988.8,34999.9,34937.4,34972.4,634.0,22.5,True,2021-06-09 14:00:00
2021-06-10,2021-06-10 13:50:00,34997.0,35012.6,34978.2,35004.9,201.0,13.5,True,2021-06-10 14:00:00
2021-06-14,2021-06-14 13:40:00,34838.1,34840.4,34763.9,34818.2,297.6,67.9,False,
2021-06-14,2021-06-14 13:45:00,34818.2,34831.6,34793.8,34829.1,297.6,57.8,False,
2021-06-18,2021-06-18 14:05:00,34357.0,34361.4,34296.1,34345.5,275.5,134.0,False,
2021-06-18,2021-06-18 14:20:00,34341.8,34344.7,34282.9,34332.9,267.7,219.3,False,
2021-06-22,2021-06-22 14:00:00,34874.6,34897.7,34792.1,34890.1,205.8,133.6,False,
2021-06-23,2021-06-23 14:40:00,34598.4,34630.1,34552.8,34615.1,297.0,10.0,False,
2021-06-25,2021-06-25 14:05:00,35482.6,35485.0,35450.8,35479.1,268.6,11.8,True,2021-06-25 14:20:00
2021-06-29,2021-06-29 10:15:00,35101.4,35105.4,35086.4,35105.4,265.0,29.2,True,2021-06-29 10:40:00
2021-06-30,2021-06-30 14:35:00,34885.4,34885.4,34829.7,34873.2,232.0,0.0,True,2021-06-30 14:40:00
2021-07-08,2021-07-08 14:55:00,35237.6,35237.6,35188.2,35224.1,231.3,115.8,False,
2021-07-12,2021-07-12 13:15:00,35188.9,35188.9,35060.4,35176.3,254.5,61.3,False,
2021-07-15,2021-07-15 11:20:00,35968.1,35969.5,35950.1,35962.1,213.2,23.1,True,2021-07-15 11:35:00
2021-07-23,2021-07-23 10:50:00,34692.6,34693.7,34634.0,34674.0,333.8,107.6,False,
2021-07-26,2021-07-26 10:45:00,35075.4,35087.8,35016.6,35060.4,274.3,77.8,False,
2021-07-28,2021-07-28 11:20:00,34332.2,34338.9,34290.9,34320.5,402.0,40.1,True,2021-07-28 11:35:00
2021-07-29,2021-07-29 13:25:00,34724.2,34734.8,34704.4,34730.8,228.9,47.3,True,2021-07-29 13:45:00
2021-08-03,2021-08-03 14:50:00,35154.6,35165.6,35130.0,35161.6,310.0,76.8,False,
2021-08-04,2021-08-04 10:35:00,35829.6,35831.9,35755.0,35819.9,379.5,161.7,False,
2021-08-04,2021-08-04 11:35:00,35852.6,35853.0,35805.2,35837.9,232.6,0.0,True,2021-08-04 11:40:00
2021-08-04,2021-08-04 11:45:00,35775.9,35779.1,35686.5,35757.3,214.7,181.8,False,
2021-08-04,2021-08-04 13:55:00,36096.1,36096.1,36043.7,36091.2,263.6,128.6,False,
2021-08-04,2021-08-04 14:00:00,36094.8,36125.0,36058.7,36110.5,263.6,109.3,False,
2021-08-05,2021-08-05 13:15:00,35982.3,35977.6,35952.6,35972.6,230.1,46.2,True,2021-08-05 13:45:00
2021-08-05,2021-08-05 13:20:00,35975.1,35970.2,35947.8,35966.5,230.1,52.3,True,2021-08-05 13:45:00
2021-08-09,2021-08-09 14:15:00,35955.8,35956.6,35901.6,35939.1,224.1,91.0,False,
2021-08-11,2021-08-11 10:50:00,35594.4,35618.2,35563.1,35606.9,387.3,66.0,False,
2021-08-11,2021-08-11 11:00:00,35613.9,35622.8,35579.4,35603.8,334.0,69.1,True,2021-08-11 11:15:00
2021-08-13,2021-08-13 14:35:00,36160.2,36171.4,36139.9,36166.0,241.9,67.3,False,
2021-08-18,2021-08-18 13:30:00,35746.7,35751.1,35687.9,35729.6,216.7,0.0,True,2021-08-18 13:35:00
2021-08-20,2021-08-20 12:05:00,35083.6,35099.1,35061.8,35092.9,211.5,47.3,False,
2021-08-23,2021-08-23 11:15:00,34889.9,34914.1,34849.7,34905.8,317.9,53.3,False,
2021-08-23,2021-08-23 13:55:00,35117.6,35121.6,35086.8,35111.6,213.6,58.1,False,
2021-08-24,2021-08-24 12:10:00,35574.9,35577.1,35556.7,35570.6,217.9,18.5,True,2021-08-24 12:25:00
2021-08-30,2021-08-30 14:25:00,36348.1,36357.2,36310.8,36335.9,223.8,62.5,False,
2021-08-30,2021-08-30 14:50:00,36358.5,36367.1,36329.0,36349.3,247.6,18.3,True,2021-08-30 15:00:00
2021-08-31,2021-08-31 11:00:00,36414.7,36439.8,36378.6,36428.7,217.1,29.1,True,2021-08-31 11:20:00
2021-08-31,2021-08-31 13:40:00,36372.6,36376.4,36332.6,36368.0,276.4,76.9,True,2021-08-31 14:00:00
2021-08-31,2021-08-31 13:45:00,36370.9,36380.8,36350.3,36379.7,276.4,65.2,True,2021-08-31 14:00:00
2021-08-31,2021-08-31 14:10:00,36279.1,36279.1,36216.2,36272.1,251.0,169.8,False,
2021-08-31,2021-08-31 14:50:00,36411.6,36416.3,36366.2,36400.1,228.7,60.2,False,
2021-09-01,2021-09-01 11:10:00,36669.6,36687.2,36636.9,36679.3,337.7,61.2,True,2021-09-01 11:25:00
2021-09-01,2021-09-01 11:25:00,36639.9,36648.8,36605.3,36628.7,247.1,41.1,True,2021-09-01 11:55:00
2021-09-01,2021-09-01 13:35:00,36730.1,36735.2,36709.9,36734.7,204.8,82.5,False,
2021-09-07,2021-09-07 10:30:00,36227.0,36248.0,36184.4,36240.1,272.2,84.0,False,
2021-09-08,2021-09-08 13:10:00,36571.2,36576.6,36519.4,36556.8,248.4,98.3,False,
2021-09-16,2021-09-16 11:20:00,37289.5,37291.2,37250.7,37278.1,217.5,108.8,False,
2021-09-16,2021-09-16 11:45:00,37355.6,37358.5,37296.8,37340.7,268.8,31.4,True,2021-09-16 11:55:00
2021-09-17,2021-09-17 10:25:00,37953.5,37961.7,37918.0,37941.7,271.5,171.1,False,
2021-09-17,2021-09-17 10:35:00,37965.1,37977.9,37939.4,37975.9,271.5,136.9,True,2021-09-17 11:05:00
2021-09-17,2021-09-17 14:55:00,37650.9,37657.9,37605.1,37643.3,303.5,282.8,False,
2021-09-21,2021-09-21 13:55:00,36945.4,36956.4,36889.4,36956.4,254.1,117.2,False,
2021-09-21,2021-09-21 14:05:00,37019.1,37034.4,36979.1,37027.3,254.1,101.3,False,
2021-09-21,2021-09-21 14:55:00,37187.2,37191.8,37143.5,37175.8,315.2,139.0,False,
2021-09-22,2021-09-22 10:20:00,37177.9,37177.9,37114.2,37160.7,219.2,6.1,True,2021-09-22 10:30:00
2021-09-24,2021-09-24 10:55:00,37884.1,37901.6,37844.0,37895.1,275.6,0.0,True,2021-09-24 11:00:00
2021-09-24,2021-09-24 11:55:00,37783.1,37786.1,37739.2,37771.4,211.4,50.5,False,
2021-09-24,2021-09-24 12:00:00,37771.2,37796.6,37713.8,37786.4,211.4,35.5,False,
2021-09-27,2021-09-27 10:45:00,38200.4,38205.8,38160.9,38192.9,223.3,47.5,True,2021-09-27 11:00:00
2021-09-28,2021-09-28 12:40:00,37805.4,37807.9,37768.5,37794.8,286.4,53.6,True,2021-09-28 12:50:00
2021-09-29,2021-09-29 13:25:00,37808.8,37826.4,37767.0,37823.6,218.7,25.2,True,2021-09-29 13:40:00
2021-09-30,2021-09-30 12:35:00,37703.1,37703.1,37657.7,37691.4,211.1,0.0,True,2021-09-30 12:40:00
2021-09-30,2021-09-30 13:25:00,37596.4,37621.1,37537.8,37619.1,327.0,0.8,True,2021-09-30 13:40:00
2021-10-01,2021-10-01 10:35:00,37172.9,37201.1,37133.8,37189.1,272.1,110.3,False,
2021-10-01,2021-10-01 11:10:00,37199.3,37221.2,37155.1,37213.2,256.9,50.6,False,
2021-10-05,2021-10-05 13:15:00,37677.9,37679.6,37646.1,37675.8,260.2,6.8,True,2021-10-05 13:25:00
2021-10-06,2021-10-06 12:10:00,38068.8,38073.4,38035.4,38059.4,200.9,47.5,True,2021-10-06 12:35:00
2021-10-06,2021-10-06 13:45:00,37797.2,37798.4,37747.9,37784.2,346.6,76.6,True,2021-10-06 14:15:00
2021-10-08,2021-10-08 11:40:00,37871.2,37872.4,37814.9,37864.3,253.0,25.1,True,2021-10-08 12:10:00
2021-10-08,2021-10-08 12:30:00,37728.4,37750.7,37674.4,37742.2,221.1,80.4,False,
2021-10-08,2021-10-08 12:55:00,37801.8,37803.0,37762.2,37790.6,215.0,0.0,True,2021-10-08 13:00:00
2021-10-11,2021-10-11 10:15:00,38170.4,38180.5,38130.9,38178.4,475.0,91.4,False,
2021-10-11,2021-10-11 10:20:00,38180.4,38185.5,38137.4,38171.6,277.5,98.2,False,
2021-10-12,2021-10-12 14:55:00,38547.2,38555.4,38535.1,38552.8,263.7,0.0,True,2021-10-12 15:00:00
2021-10-13,2021-10-13 12:35:00,38685.1,38703.4,38659.1,38696.7,225.9,58.1,False,
2021-10-18,2021-10-18 10:30:00,39731.1,39768.6,39684.9,39753.6,348.4,52.2,False,
2021-10-19,2021-10-19 10:55:00,39660.2,39700.2,39608.7,39682.1,570.4,147.6,False,
2021-10-20,2021-10-20 13:35:00,39584.0,39588.6,39526.9,39576.4,214.7,63.4,True,2021-10-20 14:00:00
2021-10-20,2021-10-20 14:05:00,39506.6,39506.6,39428.5,39486.3,218.2,39.6,True,2021-10-20 14:20:00
2021-10-21,2021-10-21 11:15:00,39507.1,39527.8,39442.1,39521.6,258.2,121.2,False,
2021-10-22,2021-10-22 10:30:00,40371.8,40408.0,40313.4,40397.8,243.5,101.4,False,
2021-10-22,2021-10-22 13:30:00,40269.1,40274.1,40193.0,40248.1,284.5,135.8,False,
2021-10-25,2021-10-25 11:55:00,41469.1,41500.2,41422.9,41491.8,412.6,337.8,False,
2021-10-26,2021-10-26 14:50:00,41184.1,41206.1,41151.6,41198.0,234.9,10.1,True,2021-10-26 15:00:00
2021-10-27,2021-10-27 14:20:00,40994.6,41006.9,40908.6,40979.6,281.4,50.4,True,2021-10-27 14:35:00
2021-10-27,2021-10-27 14:30:00,40963.5,40967.0,40880.8,40959.8,326.0,0.0,True,2021-10-27 14:35:00
2021-10-28,2021-10-28 10:15:00,40420.4,40429.2,40368.1,40408.2,566.1,68.7,True,2021-10-28 10:40:00
2021-10-28,2021-10-28 11:05:00,40128.1,40161.4,40032.9,40161.4,345.8,140.0,False,
2021-10-28,2021-10-28 12:45:00,40209.8,40230.8,40181.5,40222.1,287.8,133.8,False,
2021-10-28,2021-10-28 14:30:00,39859.5,39880.6,39801.5,39870.1,403.2,41.5,True,2021-10-28 14:40:00
2021-10-29,2021-10-29 14:55:00,39235.1,39251.3,39167.4,39214.8,504.0,0.0,True,2021-10-29 15:00:00
2021-11-02,2021-11-02 14:00:00,39852.9,39893.8,39782.1,39880.9,282.3,104.3,False,
2021-11-03,2021-11-03 12:15:00,39711.7,39711.7,39604.2,39683.8,386.4,106.6,False,
2021-11-08,2021-11-08 10:15:00,39146.7,39182.8,39064.3,39173.1,604.0,71.4,False,
2021-11-08,2021-11-08 10:35:00,39097.4,39109.6,39060.1,39103.6,314.6,140.9,False,
2021-11-08,2021-11-08 12:50:00,39263.4,39294.0,39207.9,39281.8,245.1,76.1,False,
2021-11-08,2021-11-08 13:20:00,39313.1,39326.0,39271.4,39320.1,233.9,94.5,False,
2021-11-08,2021-11-08 13:25:00,39320.9,39325.1,39294.1,39323.0,233.9,20.9,True,2021-11-08 13:35:00
2021-11-08,2021-11-08 13:50:00,39389.2,39405.4,39353.4,39399.9,206.7,70.7,False,
2021-11-10,2021-11-10 14:45:00,38981.9,38995.5,38943.2,38995.3,218.3,54.8,False,
2021-11-12,2021-11-12 10:50:00,38505.8,38506.9,38467.8,38499.9,232.2,77.2,False,
2021-11-15,2021-11-15 10:25:00,38813.1,38828.4,38758.4,38821.2,280.9,88.4,False,
2021-11-15,2021-11-15 11:45:00,38692.7,38693.1,38642.2,38691.4,200.6,34.5,False,
2021-11-17,2021-11-17 10:30:00,38429.1,38456.3,38375.8,38444.1,315.1,10.0,True,2021-11-17 10:45:00
2021-11-22,2021-11-22 11:05:00,37410.4,37434.9,37375.9,37424.1,318.6,0.0,True,2021-11-22 11:10:00
2021-11-22,2021-11-22 12:35:00,37149.2,37170.3,37113.3,37166.7,403.7,89.8,False,
2021-11-23,2021-11-23 10:35:00,37149.8,37161.6,37102.2,37159.1,210.2,15.1,True,2021-11-23 10:45:00
2021-11-24,2021-11-24 10:50:00,37711.9,37726.1,37672.2,37722.3,347.6,39.8,False,
2021-11-24,2021-11-24 10:55:00,37728.4,37731.9,37702.2,37731.9,355.3,30.2,True,2021-11-24 11:20:00
2021-11-25,2021-11-25 12:55:00,37216.6,37238.9,37187.5,37231.1,233.2,151.8,False,
2021-11-26,2021-11-26 10:30:00,36399.8,36417.9,36308.4,36411.9,478.3,0.0,True,2021-11-26 10:35:00
2021-11-26,2021-11-26 13:50:00,36162.9,36162.9,36102.6,36151.1,288.5,195.0,False,
2021-11-26,2021-11-26 14:10:00,36255.9,36271.1,36232.2,36263.8,295.1,82.3,True,2021-11-26 14:35:00
2021-11-29,2021-11-29 12:20:00,36183.1,36189.4,36146.2,36174.3,210.1,39.1,True,2021-11-29 12:30:00
2021-11-29,2021-11-29 14:55:00,36073.1,36085.1,36034.8,36080.3,375.3,0.0,True,2021-11-29 15:00:00
2021-11-30,2021-11-30 11:35:00,35990.1,35990.1,35783.5,35921.7,793.7,227.2,False,
2021-11-30,2021-11-30 11:45:00,36075.2,36075.2,35938.5,36032.6,920.9,116.3,False,
2021-11-30,2021-11-30 12:00:00,36096.6,36102.6,36017.9,36087.6,746.9,0.0,True,2021-11-30 12:05:00
2021-12-01,2021-12-01 11:35:00,36267.4,36288.4,36233.1,36283.2,301.0,81.5,False,
2021-12-02,2021-12-02 12:25:00,36302.9,36304.9,36273.9,36294.1,255.4,45.2,True,2021-12-02 12:35:00
2021-12-03,2021-12-03 10:35:00,36610.4,36621.6,36576.5,36620.1,334.0,87.0,False,
2021-12-03,2021-12-03 12:35:00,36504.1,36519.9,36478.9,36514.6,257.1,0.0,True,2021-12-03 12:40:00
2021-12-03,2021-12-03 14:40:00,36120.6,36128.3,36062.9,36127.6,258.2,122.0,False,
2021-12-03,2021-12-03 14:50:00,36186.1,36186.1,36124.2,36165.6,299.9,84.0,True,2021-12-03 15:00:00
2021-12-06,2021-12-06 10:50:00,36254.4,36254.4,36220.8,36248.6,282.6,0.0,True,2021-12-06 10:55:00
2021-12-06,2021-12-06 14:20:00,35960.8,35976.7,35937.9,35971.4,245.2,0.0,True,2021-12-06 14:25:00
2021-12-07,2021-12-07 11:35:00,36632.2,36640.1,36583.5,36637.8,281.6,47.8,False,
2021-12-07,2021-12-07 12:05:00,36644.6,36654.6,36611.5,36649.9,256.5,50.0,True,2021-12-07 12:25:00
2021-12-08,2021-12-08 10:25:00,37051.4,37057.9,37011.8,37057.9,275.4,103.4,False,
2021-12-08,2021-12-08 10:40:00,37108.1,37110.1,37035.2,37094.1,275.4,99.2,False,
2021-12-08,2021-12-08 10:45:00,37091.2,37113.8,37062.9,37104.8,275.4,106.6,False,
2021-12-08,2021-12-08 13:50:00,37326.4,37336.2,37287.9,37315.9,261.2,68.9,True,2021-12-08 14:15:00
2021-12-08,2021-12-08 14:10:00,37309.4,37321.9,37275.9,37318.4,224.1,0.0,True,2021-12-08 14:15:00
2021-12-09,2021-12-09 14:25:00,37022.1,37022.1,36960.9,37005.9,249.0,83.5,False,
2021-12-13,2021-12-13 13:45:00,37139.6,37145.6,37103.7,37133.4,233.0,0.0,True,2021-12-13 13:50:00
2021-12-13,2021-12-13 14:00:00,36963.8,36988.9,36912.8,36984.8,262.5,53.0,False,
2021-12-13,2021-12-13 14:40:00,37000.9,37021.0,36953.6,37017.7,305.3,43.7,True,2021-12-13 14:55:00
2021-12-14,2021-12-14 10:20:00,36588.1,36593.7,36552.5,36580.4,248.0,51.7,False,
2021-12-14,2021-12-14 14:15:00,36859.1,36860.9,36830.9,36850.8,215.2,0.0,True,2021-12-14 14:20:00
2021-12-17,2021-12-17 14:45:00,35660.4,35660.4,35605.8,35658.7,305.9,0.0,True,2021-12-17 14:50:00
2021-12-20,2021-12-20 14:05:00,34234.7,34241.0,34162.9,34211.4,243.4,239.4,False,
2021-12-22,2021-12-22 11:15:00,34878.2,34879.9,34837.4,34866.6,229.1,39.0,False,
2021-12-23,2021-12-23 12:20:00,35359.8,35375.7,35323.9,35374.0,213.5,73.1,False,
2021-12-23,2021-12-23 12:50:00,35420.9,35423.1,35371.2,35410.0,228.0,67.1,False,
2021-12-27,2021-12-27 10:15:00,34706.6,34734.8,34638.8,34732.3,558.3,69.5,False,
2021-12-27,2021-12-27 12:00:00,34806.7,34814.4,34764.9,34794.1,223.8,179.0,False,
2021-12-27,2021-12-27 12:55:00,35051.7,35056.1,35013.6,35041.8,320.0,0.0,True,2021-12-27 13:00:00
2021-12-27,2021-12-27 14:45:00,35051.5,35059.4,35025.2,35043.2,231.7,72.8,False,
2021-12-29,2021-12-29 10:25:00,35237.1,35243.8,35224.2,35241.4,207.3,22.7,True,2021-12-29 10:50:00
2022-01-03,2022-01-03 10:15:00,35827.4,35829.2,35789.6,35814.9,329.8,131.1,False,
2022-01-04,2022-01-04 10:20:00,36831.0,36841.8,36758.0,36816.6,466.7,71.2,True,2022-01-04 10:45:00
2022-01-04,2022-01-04 10:25:00,36814.4,36830.2,36770.4,36827.9,467.4,59.9,True,2022-01-04 10:45:00
2022-01-04,2022-01-04 14:05:00,36720.2,36723.1,36684.2,36715.4,220.5,109.1,False,
2022-01-04,2022-01-04 14:10:00,36716.6,36722.2,36694.9,36719.8,208.3,121.3,False,
2022-01-04,2022-01-04 14:20:00,36755.9,36761.9,36741.1,36761.9,242.5,10.6,True,2022-01-04 14:30:00
2022-01-05,2022-01-05 13:00:00,37706.4,37711.4,37667.4,37700.9,289.1,106.0,False,
2022-01-05,2022-01-05 13:35:00,37750.2,37761.2,37718.9,37756.6,219.9,34.3,False,
2022-01-06,2022-01-06 10:15:00,37234.2,37252.2,37193.3,37243.5,385.2,25.6,True,2022-01-06 10:25:00
2022-01-07,2022-01-07 11:15:00,37935.9,37950.3,37870.4,37949.2,222.7,20.0,True,2022-01-07 11:45:00
2022-01-07,2022-01-07 12:00:00,37748.4,37751.3,37699.9,37744.4,398.7,25.1,True,2022-01-07 12:10:00
2022-01-07,2022-01-07 12:45:00,37498.2,37526.7,37427.8,37526.6,413.5,124.8,False,
2022-01-07,2022-01-07 13:15:00,37604.3,37624.8,37534.6,37620.1,281.3,105.6,False,
2022-01-10,2022-01-10 12:50:00,38128.1,38139.3,38110.2,38135.1,215.5,0.0,True,2022-01-10 12:55:00
2022-01-11,2022-01-11 10:40:00,38252.6,38257.9,38215.2,38244.6,243.3,2.2,True,2022-01-11 10:50:00
2022-01-11,2022-01-11 14:45:00,38333.4,38353.2,38292.2,38348.4,224.0,124.0,False,
2022-01-11,2022-01-11 14:55:00,38387.8,38388.1,38349.0,38374.9,224.0,117.0,False,
2022-01-14,2022-01-14 11:20:00,38070.9,38070.9,38043.6,38065.4,202.5,0.0,True,2022-01-14 11:30:00
2022-01-21,2022-01-21 10:45:00,37310.4,37341.1,37271.1,37326.6,256.5,87.6,False,
2022-01-21,2022-01-21 12:45:00,37582.9,37593.5,37533.4,37590.4,285.0,149.0,False,
2022-01-21,2022-01-21 13:50:00,37521.8,37537.8,37493.4,37531.1,234.8,136.8,True,2022-01-21 14:20:00
2022-01-24,2022-01-24 10:40:00,37463.0,37470.6,37414.2,37448.4,299.0,0.0,True,2022-01-24 10:45:00
2022-01-24,2022-01-24 10:50:00,37393.3,37421.9,37335.1,37416.0,295.5,52.0,True,2022-01-24 11:15:00
2022-01-24,2022-01-24 14:50:00,36563.1,36609.1,36508.1,36588.3,497.7,485.6,False,
2022-01-25,2022-01-25 11:30:00,37231.7,37265.1,37167.0,37256.6,346.7,13.7,False,
2022-01-25,2022-01-25 11:40:00,37215.1,37224.4,37162.0,37201.4,346.7,128.6,False,
2022-01-25,2022-01-25 13:25:00,37441.9,37445.3,37319.8,37423.1,298.7,114.5,False,
2022-01-25,2022-01-25 13:35:00,37383.9,37404.8,37334.1,37395.0,298.7,148.9,False,
2022-01-27,2022-01-27 13:20:00,37570.0,37607.8,37514.6,37595.6,694.9,194.6,False,
2022-01-27,2022-01-27 14:30:00,37929.2,37944.4,37875.9,37938.8,388.9,104.7,True,2022-01-27 14:50:00
2022-01-28,2022-01-28 12:30:00,38322.2,38323.6,38264.5,38304.4,220.5,0.0,True,2022-01-28 12:35:00
2022-01-28,2022-01-28 14:15:00,37851.1,37855.1,37649.9,37804.7,510.9,153.5,False,
2022-01-31,2022-01-31 10:15:00,37858.4,37866.6,37768.9,37836.6,422.4,88.8,True,2022-01-31 10:40:00
2022-01-31,2022-01-31 12:25:00,38005.0,38023.8,37977.8,38017.6,207.8,0.0,True,2022-01-31 12:30:00
2022-01-31,2022-01-31 12:40:00,37974.9,37983.8,37907.6,37958.6,207.8,157.0,False,
2022-02-01,2022-02-01 11:35:00,38445.4,38446.5,38238.6,38390.3,358.2,352.9,False,
2022-02-01,2022-02-01 11:40:00,38387.9,38432.6,38341.2,38410.8,529.0,332.4,False,
2022-02-02,2022-02-02 10:15:00,39134.2,39162.4,39084.4,39157.7,412.9,19.5,True,2022-02-02 10:35:00
2022-02-03,2022-02-03 14:10:00,39198.8,39202.0,39159.4,39186.1,248.0,0.0,True,2022-02-03 14:15:00
2022-02-04,2022-02-04 12:20:00,38676.4,38698.6,38618.2,38695.4,346.9,144.7,False,
2022-02-04,2022-02-04 13:00:00,38686.3,38706.6,38631.1,38702.1,222.4,0.0,True,2022-02-04 13:05:00
2022-02-04,2022-02-04 14:50:00,38764.6,38767.3,38700.7,38752.7,210.0,136.1,False,
2022-02-07,2022-02-07 14:55:00,37881.5,37914.1,37825.9,37902.0,278.4,146.6,False,
2022-02-08,2022-02-08 11:00:00,37402.4,37402.4,37319.1,37383.1,465.0,183.3,False,
2022-02-08,2022-02-08 13:55:00,37780.0,37791.6,37699.9,37754.3,324.2,24.1,True,2022-02-08 14:10:00
2022-02-08,2022-02-08 14:15:00,37674.3,37700.6,37618.9,37699.0,318.5,126.4,False,
2022-02-08,2022-02-08 14:25:00,37719.1,37749.0,37662.7,37741.1,295.0,219.2,False,
2022-02-09,2022-02-09 10:50:00,38452.9,38464.8,38420.9,38462.3,247.2,22.3,True,2022-02-09 11:00:00
2022-02-09,2022-02-09 11:15:00,38383.6,38399.9,38359.2,38394.7,201.2,38.6,False,
2022-02-10,2022-02-10 10:50:00,39043.6,39054.3,39011.2,39050.6,561.2,74.3,True,2022-02-10 11:20:00
2022-02-11,2022-02-11 10:15:00,38470.5,38470.5,38396.4,38464.0,354.5,90.8,False,
2022-02-11,2022-02-11 10:55:00,38505.9,38508.5,38456.6,38503.2,257.0,38.4,False,
2022-02-11,2022-02-11 14:10:00,38578.0,38621.4,38528.8,38599.9,216.5,36.5,True,2022-02-11 14:40:00
2022-02-15,2022-02-15 10:50:00,36712.9,36745.9,36651.9,36729.4,228.2,280.8,False,
2022-02-15,2022-02-15 11:25:00,36973.8,36980.9,36907.9,36953.9,358.3,222.3,False,
2022-02-15,2022-02-15 12:30:00,37196.2,37211.0,37147.1,37208.8,384.8,178.0,False,
2022-02-15,2022-02-15 12:40:00,37262.8,37269.1,37230.8,37253.1,319.2,133.7,False,
2022-02-16,2022-02-16 10:35:00,38079.7,38089.6,38018.4,38069.6,250.3,0.0,True,2022-02-16 10:40:00
2022-02-16,2022-02-16 11:25:00,38008.4,38011.8,37927.8,37982.3,411.8,0.0,True,2022-02-16 11:35:00
2022-02-16,2022-02-16 13:55:00,38427.3,38437.4,38373.5,38413.6,342.3,15.2,True,2022-02-16 14:10:00
2022-02-18,2022-02-18 14:45:00,37536.8,37561.9,37493.0,37551.9,310.2,124.7,False,
2022-02-18,2022-02-18 14:50:00,37551.2,37561.4,37515.8,37561.0,317.4,115.6,False,
2022-02-21,2022-02-21 11:55:00,37908.1,37922.4,37848.1,37919.4,344.8,135.0,False,
2022-02-21,2022-02-21 12:45:00,37939.1,37954.9,37900.7,37949.1,206.3,91.8,False,
2022-02-22,2022-02-22 10:35:00,37144.4,37149.5,37097.1,37131.9,301.8,0.0,True,2022-02-22 10:40:00
2022-02-24,2022-02-24 12:20:00,36088.5,36101.1,36032.4,36070.1,249.1,37.8,True,2022-02-24 12:40:00
2022-02-24,2022-02-24 12:45:00,35985.4,35996.6,35919.8,35964.2,247.1,0.0,True,2022-02-24 12:50:00
2022-02-25,2022-02-25 11:05:00,36616.6,36617.2,36545.6,36607.4,356.2,77.2,False,
2022-02-25,2022-02-25 11:35:00,36574.0,36574.0,36520.7,36558.9,209.5,41.0,True,2022-02-25 11:50:00
2022-02-25,2022-02-25 12:05:00,36483.4,36484.9,36407.0,36459.1,260.4,147.6,True,2022-02-25 12:35:00
2022-03-02,2022-03-02 12:25:00,35074.2,35079.6,35014.2,35055.8,255.5,6.6,True,2022-03-02 12:35:00
2022-03-02,2022-03-02 13:15:00,35099.3,35105.9,35041.4,35104.9,287.0,24.9,True,2022-03-02 13:25:00
2022-03-03,2022-03-03 10:20:00,35201.6,35201.6,35148.9,35189.1,489.5,59.3,True,2022-03-03 10:45:00
2022-03-03,2022-03-03 13:00:00,35072.0,35083.4,35024.2,35079.6,289.3,12.3,True,2022-03-03 13:15:00
2022-03-03,2022-03-03 13:40:00,35059.4,35064.8,34999.9,35064.8,299.7,88.1,True,2022-03-03 14:00:00
2022-03-03,2022-03-03 13:50:00,35108.9,35119.1,35042.0,35095.1,299.7,12.5,True,2022-03-03 14:00:00
2022-03-03,2022-03-03 14:40:00,34984.1,35030.8,34919.9,35014.5,308.0,22.9,True,2022-03-03 14:55:00
2022-03-04,2022-03-04 11:20:00,34178.2,34195.1,34120.1,34195.1,258.6,127.7,False,
2022-03-04,2022-03-04 11:40:00,34258.6,34266.7,34207.3,34243.8,238.0,128.3,False,
2022-03-04,2022-03-04 12:05:00,34313.2,34339.9,34263.6,34332.9,275.7,279.9,False,
2022-03-07,2022-03-07 11:30:00,32986.2,33001.4,32946.4,32994.6,911.8,67.3,True,2022-03-07 11:45:00
2022-03-07,2022-03-07 11:35:00,32998.5,32998.5,32942.0,32980.3,911.8,81.6,True,2022-03-07 11:45:00
2022-03-07,2022-03-07 12:35:00,33014.6,33014.6,32954.6,33001.1,206.5,59.1,True,2022-03-07 13:05:00
2022-03-08,2022-03-08 12:40:00,32298.1,32298.1,32219.7,32295.2,253.4,91.5,False,
2022-03-08,2022-03-08 13:05:00,32249.4,32315.8,32155.3,32288.4,249.4,149.3,False,
2022-03-10,2022-03-10 11:30:00,35258.9,35272.0,35200.8,35242.3,200.9,0.0,True,2022-03-10 11:35:00
2022-03-10,2022-03-10 12:15:00,35108.0,35114.9,35033.0,35092.9,239.2,93.5,True,2022-03-10 12:35:00
2022-03-10,2022-03-10 12:20:00,35089.6,35102.4,35053.0,35097.4,305.7,89.0,True,2022-03-10 12:35:00
2022-03-11,2022-03-11 14:30:00,34472.9,34491.2,34420.9,34489.4,276.3,133.5,False,
2022-03-14,2022-03-14 14:30:00,35328.6,35339.4,35301.9,35336.2,225.7,98.9,False,
2022-03-15,2022-03-15 12:45:00,35309.2,35312.1,35241.6,35294.9,399.0,65.2,True,2022-03-15 13:00:00
2022-03-15,2022-03-15 13:25:00,35108.7,35142.6,35026.4,35132.3,525.8,63.8,True,2022-03-15 13:55:00
2022-03-16,2022-03-16 13:25:00,35667.6,35667.6,35622.6,35667.2,258.3,54.7,False,
2022-03-16,2022-03-16 13:30:00,35667.4,35681.5,35638.4,35680.9,258.3,41.0,False,
2022-03-16,2022-03-16 13:35:00,35680.9,35681.1,35634.4,35667.9,258.3,54.0,True,2022-03-16 14:05:00
2022-03-21,2022-03-21 10:15:00,36155.5,36158.6,36123.1,36147.6,488.8,0.0,True,2022-03-21 10:20:00
2022-03-21,2022-03-21 12:50:00,35975.1,35989.9,35901.2,35950.9,244.2,31.7,False,
2022-03-22,2022-03-22 10:15:00,35476.1,35479.9,35421.4,35471.1,543.2,134.2,False,
2022-03-22,2022-03-22 11:10:00,35664.4,35669.1,35630.0,35653.3,257.7,12.8,True,2022-03-22 11:30:00
2022-03-22,2022-03-22 13:35:00,36202.3,36210.6,36166.9,36210.1,772.5,145.1,False,
2022-03-22,2022-03-22 13:40:00,36207.6,36214.6,36131.8,36198.1,657.3,157.1,False,
2022-03-23,2022-03-23 10:55:00,36534.0,36554.3,36487.4,36553.6,213.9,2.2,True,2022-03-23 11:05:00
2022-03-23,2022-03-23 11:30:00,36416.9,36419.6,36380.1,36410.3,276.4,0.0,True,2022-03-23 11:35:00
2022-03-23,2022-03-23 12:15:00,36285.9,36286.8,36254.7,36278.4,227.0,69.2,True,2022-03-23 12:30:00
2022-03-23,2022-03-23 12:20:00,36278.4,36281.5,36243.8,36281.1,227.0,66.5,True,2022-03-23 12:30:00
2022-03-24,2022-03-24 13:45:00,35524.5,35529.9,35421.7,35493.6,277.0,136.9,False,
2022-03-25,2022-03-25 12:20:00,35388.5,35394.1,35352.2,35382.3,218.5,56.6,False,
2022-03-28,2022-03-28 14:50:00,35627.6,35648.1,35588.1,35642.8,217.0,128.0,False,
2022-03-29,2022-03-29 10:40:00,35746.1,35748.6,35673.7,35733.4,216.8,128.2,False,
2022-03-29,2022-03-29 13:15:00,35667.7,35667.7,35506.6,35622.1,235.0,71.5,False,
2022-03-29,2022-03-29 14:10:00,35674.4,35681.8,35661.1,35679.5,301.6,56.6,True,2022-03-29 14:35:00
2022-03-30,2022-03-30 10:45:00,36372.1,36378.9,36328.6,36360.8,265.3,55.1,False,
2022-04-01,2022-04-01 10:40:00,36739.6,36741.9,36699.0,36726.8,285.1,73.1,False,
2022-04-04,2022-04-04 10:25:00,38665.9,38679.1,38580.4,38640.1,842.3,0.0,True,2022-04-04 10:30:00
2022-04-04,2022-04-04 11:35:00,38172.4,38228.6,38078.1,38201.7,467.5,170.7,False,
2022-04-04,2022-04-04 14:45:00,38636.0,38640.5,38565.2,38629.0,303.7,83.0,False,
2022-04-05,2022-04-05 13:20:00,38509.1,38510.4,38487.9,38510.3,274.0,120.7,False,
2022-04-08,2022-04-08 12:30:00,37650.0,37661.4,37597.3,37633.9,280.2,108.5,False,
2022-04-11,2022-04-11 13:05:00,37882.9,37896.6,37840.8,37869.0,236.6,46.7,False,
2022-04-12,2022-04-12 10:15:00,37343.3,37346.2,37301.3,37338.7,251.7,137.9,False,
2022-04-18,2022-04-18 13:40:00,36575.4,36576.3,36535.6,36563.6,215.5,83.3,False,
2022-04-19,2022-04-19 12:30:00,36917.4,36917.7,36879.4,36908.3,260.0,5.4,True,2022-04-19 12:40:00
2022-04-20,2022-04-20 12:45:00,36470.6,36486.8,36441.4,36485.1,288.5,21.7,True,2022-04-20 13:10:00
2022-04-20,2022-04-20 14:25:00,36243.5,36257.8,36171.5,36224.5,295.1,0.0,True,2022-04-20 14:30:00
2022-04-21,2022-04-21 14:45:00,36743.9,36760.1,36721.4,36752.2,209.8,82.4,False,
2022-04-21,2022-04-21 14:55:00,36778.6,36790.9,36757.2,36784.8,209.8,128.6,False,
2022-04-22,2022-04-22 10:15:00,36289.6,36303.8,36248.3,36303.8,325.4,65.3,False,
2022-04-22,2022-04-22 14:45:00,36089.0,36108.1,36042.2,36101.9,286.0,0.0,True,2022-04-22 14:50:00
2022-04-25,2022-04-25 12:40:00,36004.4,36009.7,35953.8,35999.1,268.0,192.5,False,
2022-04-25,2022-04-25 12:50:00,36061.6,36066.4,36037.1,36055.4,268.0,214.7,False,
2022-04-28,2022-04-28 13:15:00,36326.4,36329.4,36263.5,36312.9,219.4,60.3,False,
2022-04-29,2022-04-29 14:25:00,36319.2,36358.0,36225.4,36346.6,375.7,82.8,False,
2022-04-29,2022-04-29 14:45:00,36360.6,36383.4,36298.2,36374.2,410.2,55.2,True,2022-04-29 15:00:00
2022-05-02,2022-05-02 10:15:00,35897.1,35918.1,35867.5,35908.1,442.6,89.3,False,
2022-05-02,2022-05-02 12:30:00,36053.8,36063.8,36006.1,36041.4,225.2,17.3,True,2022-05-02 12:45:00
2022-05-02,2022-05-02 13:35:00,35986.4,35996.9,35933.2,35971.8,202.3,39.6,True,2022-05-02 14:05:00
2022-05-02,2022-05-02 14:50:00,36148.2,36186.3,36104.8,36168.8,332.2,66.4,False,
2022-05-04,2022-05-04 12:45:00,35795.4,35798.4,35736.6,35797.1,345.8,205.8,False,
2022-05-04,2022-05-04 12:55:00,35799.6,35824.2,35735.1,35818.1,371.2,232.5,False,
2022-05-04,2022-05-04 14:10:00,35634.9,35699.9,35526.0,35684.5,591.9,179.5,True,2022-05-04 14:40:00
2022-05-04,2022-05-04 14:15:00,35688.4,35704.6,35641.5,35700.9,634.6,163.1,True,2022-05-04 14:30:00
2022-05-05,2022-05-05 12:20:00,35720.9,35739.4,35695.0,35731.1,229.7,100.0,False,
2022-05-05,2022-05-05 12:45:00,35749.6,35758.9,35709.2,35756.9,203.0,42.0,True,2022-05-05 13:00:00
2022-05-05,2022-05-05 13:15:00,35599.9,35642.6,35527.5,35632.4,248.0,74.2,True,2022-05-05 13:40:00
2022-05-06,2022-05-06 12:10:00,34596.5,34615.3,34553.0,34615.2,263.2,16.0,True,2022-05-06 12:25:00
2022-05-06,2022-05-06 13:45:00,34532.6,34559.8,34471.8,34559.8,341.1,216.0,False,
2022-05-11,2022-05-11 11:30:00,34474.1,34486.9,34437.9,34484.1,221.7,76.8,False,
2022-05-11,2022-05-11 13:35:00,34350.4,34401.8,34291.2,34378.4,310.7,274.0,False,
2022-05-12,2022-05-12 10:35:00,33999.6,33999.9,33956.1,33998.2,235.1,0.0,True,2022-05-12 10:40:00
2022-05-13,2022-05-13 10:50:00,33801.0,33804.6,33761.6,33796.6,246.6,0.0,True,2022-05-13 10:55:00
2022-05-13,2022-05-13 11:10:00,33785.4,33785.4,33728.9,33770.3,250.0,10.8,True,2022-05-13 11:20:00
2022-05-16,2022-05-16 10:55:00,33689.1,33714.7,33647.1,33702.6,203.6,75.0,True,2022-05-16 11:25:00
2022-05-16,2022-05-16 13:35:00,33635.1,33652.5,33593.9,33651.4,298.3,102.7,False,
2022-05-17,2022-05-17 10:50:00,33907.2,33928.4,33846.7,33928.4,248.8,91.5,False,
2022-05-17,2022-05-17 14:15:00,34298.4,34302.9,34260.3,34288.2,296.8,51.8,False,
2022-05-17,2022-05-17 14:20:00,34286.6,34286.6,34237.2,34270.6,297.1,71.0,False,
2022-05-18,2022-05-18 14:55:00,34223.9,34231.7,34197.0,34215.2,200.1,0.0,True,2022-05-18 15:00:00
2022-05-20,2022-05-20 13:20:00,34282.8,34294.2,34257.8,34292.1,349.3,0.0,True,2022-05-20 13:25:00
2022-05-20,2022-05-20 13:55:00,34212.9,34217.9,34166.0,34216.8,208.1,84.9,False,
2022-05-23,2022-05-23 14:50:00,34404.9,34415.2,34367.1,34415.2,394.3,22.9,True,2022-05-23 15:00:00
2022-05-26,2022-05-26 13:20:00,34906.9,34913.4,34842.3,34898.2,469.0,47.9,True,2022-05-26 13:50:00
2022-05-26,2022-05-26 14:05:00,34789.5,34797.7,34742.9,34793.8,207.2,277.6,False,
2022-05-30,2022-05-30 12:20:00,35851.6,35864.2,35821.8,35863.1,237.3,80.8,False,
2022-06-01,2022-06-01 14:55:00,35378.9,35385.4,35357.2,35382.4,244.6,366.8,False,
2022-06-06,2022-06-06 10:30:00,35276.8,35282.8,35214.2,35256.8,273.8,78.1,False,
2022-06-06,2022-06-06 10:45:00,35233.8,35247.3,35196.5,35245.2,243.8,89.7,False,
2022-06-08,2022-06-08 14:10:00,34894.0,34895.4,34848.6,34888.3,323.8,82.1,False,
2022-06-14,2022-06-14 10:50:00,33464.6,33480.6,33432.4,33478.6,201.5,139.5,False,
2022-06-14,2022-06-14 12:50:00,33350.6,33354.4,33308.6,33340.0,221.0,142.8,False,
2022-06-14,2022-06-14 14:15:00,33236.9,33239.2,33204.4,33228.9,249.7,0.0,True,2022-06-14 14:20:00
2022-06-14,2022-06-14 14:45:00,33251.5,33258.9,33213.4,33255.3,203.4,141.5,False,
2022-06-15,2022-06-15 10:15:00,33380.8,33393.4,33327.9,33393.4,233.5,50.1,False,
2022-06-16,2022-06-16 13:10:00,32951.7,32956.9,32915.4,32939.9,278.9,0.0,True,2022-06-16 13:15:00
2022-06-16,2022-06-16 14:05:00,32794.9,32795.9,32732.4,32795.9,355.6,36.5,True,2022-06-16 14:15:00
2022-06-17,2022-06-17 12:45:00,32686.6,32686.9,32632.3,32678.0,325.9,132.5,True,2022-06-17 13:10:00
2022-06-20,2022-06-20 10:25:00,32692.4,32702.8,32646.4,32677.9,362.6,0.0,True,2022-06-20 10:30:00
2022-06-20,2022-06-20 11:00:00,32638.9,32638.9,32597.6,32630.4,200.2,109.2,False,
2022-06-20,2022-06-20 11:15:00,32696.2,32698.7,32648.5,32688.7,217.8,50.9,False,
2022-06-21,2022-06-21 13:45:00,33495.2,33498.0,33438.9,33485.0,322.0,47.8,False,
2022-06-23,2022-06-23 14:25:00,33033.6,33052.8,32962.0,33049.6,613.1,257.0,False,
2022-06-27,2022-06-27 10:30:00,33918.3,33930.2,33904.1,33924.8,208.0,49.4,True,2022-06-27 10:50:00
2022-06-28,2022-06-28 13:25:00,33563.1,33580.8,33536.5,33574.9,237.2,97.3,False,
2022-06-28,2022-06-28 13:55:00,33605.8,33608.1,33576.8,33597.9,215.1,0.0,True,2022-06-28 14:00:00
2022-06-30,2022-06-30 10:35:00,33409.2,33422.2,33387.1,33418.8,320.2,105.3,False,
2022-06-30,2022-06-30 10:55:00,33417.1,33425.3,33370.2,33408.2,237.7,86.7,False,
2022-07-04,2022-07-04 10:20:00,33663.4,33668.9,33651.9,33666.4,220.0,0.0,True,2022-07-04 10:25:00
2022-07-05,2022-07-05 14:30:00,34073.1,34082.1,34056.4,34078.2,262.6,0.0,True,2022-07-05 14:35:00
2022-07-07,2022-07-07 13:50:00,34831.2,34849.9,34809.9,34840.9,218.2,0.0,True,2022-07-07 13:55:00
2022-07-07,2022-07-07 14:40:00,34857.8,34870.8,34828.7,34864.5,289.0,84.8,False,
2022-07-11,2022-07-11 14:30:00,35506.9,35524.5,35485.9,35516.4,248.9,25.2,True,2022-07-11 14:45:00
2022-07-11,2022-07-11 14:40:00,35499.0,35510.2,35454.9,35507.6,239.0,35.5,False,
2022-07-13,2022-07-13 11:15:00,35061.6,35075.2,35032.7,35071.1,237.8,58.0,False,
2022-07-19,2022-07-19 12:25:00,35591.6,35595.6,35556.6,35580.9,220.1,27.4,True,2022-07-19 12:50:00
2022-07-21,2022-07-21 11:50:00,36285.6,36287.9,36266.8,36282.8,258.2,27.6,True,2022-07-21 12:15:00
2022-07-22,2022-07-22 12:30:00,36684.4,36686.3,36660.4,36676.4,231.6,110.1,False,
2022-07-25,2022-07-25 10:45:00,36584.9,36594.1,36544.1,36593.1,272.9,31.3,True,2022-07-25 11:05:00
2022-07-27,2022-07-27 10:25:00,36510.2,36515.2,36482.9,36504.9,310.0,0.0,True,2022-07-27 10:30:00
2022-07-27,2022-07-27 10:55:00,36588.2,36593.3,36573.8,36590.8,227.3,37.9,True,2022-07-27 11:05:00
2022-07-29,2022-07-29 10:50:00,37408.9,37412.9,37355.1,37397.2,355.9,0.0,True,2022-07-29 10:55:00
2022-07-29,2022-07-29 11:20:00,37410.8,37417.2,37371.4,37399.6,261.0,111.3,False,
2022-08-01,2022-08-01 11:05:00,37743.9,37750.8,37708.9,37749.3,244.2,5.8,False,
2022-08-02,2022-08-02 11:55:00,37999.8,38015.4,37975.0,38007.9,245.5,18.3,False,
2022-08-02,2022-08-02 12:05:00,37989.6,37989.6,37941.2,37976.4,267.8,40.0,True,2022-08-02 12:35:00
2022-08-02,2022-08-02 12:10:00,37979.9,37993.8,37964.4,37987.6,259.4,28.8,True,2022-08-02 12:35:00
2022-08-03,2022-08-03 10:15:00,37875.8,37879.2,37811.1,37866.4,256.7,4.4,True,2022-08-03 10:25:00
2022-08-03,2022-08-03 10:55:00,37786.7,37799.1,37766.9,37793.6,222.5,51.8,True,2022-08-03 11:05:00
2022-08-04,2022-08-04 12:55:00,37705.9,37721.6,37677.4,37716.4,253.5,56.2,True,2022-08-04 13:05:00
2022-08-05,2022-08-05 11:40:00,38051.1,38051.1,38009.8,38045.8,208.8,82.3,False,
2022-08-05,2022-08-05 11:45:00,38043.9,38055.1,38010.0,38055.1,208.8,73.0,False,
2022-08-08,2022-08-08 10:35:00,38100.3,38118.6,38063.1,38116.8,335.4,34.4,False,
2022-08-18,2022-08-18 12:00:00,39354.6,39365.2,39307.5,39340.9,233.8,83.7,False,
2022-08-23,2022-08-23 10:40:00,38317.1,38317.1,38228.0,38306.2,260.0,24.6,True,2022-08-23 11:05:00
2022-08-24,2022-08-24 14:25:00,38835.4,38843.9,38807.3,38842.2,218.2,97.2,False,
2022-08-26,2022-08-26 11:35:00,39109.0,39110.4,39074.9,39100.4,263.0,123.2,False,
2022-08-26,2022-08-26 11:40:00,39101.1,39119.9,39050.7,39119.9,238.3,103.7,False,
2022-08-26,2022-08-26 12:20:00,39151.6,39164.4,39122.4,39163.4,210.0,56.3,False,
2022-09-01,2022-09-01 10:50:00,39551.6,39554.2,39507.2,39540.2,350.1,42.0,True,2022-09-01 11:05:00
2022-09-01,2022-09-01 11:55:00,39394.5,39397.4,39330.2,39382.9,254.3,131.2,False,
2022-09-05,2022-09-05 10:25:00,39798.1,39798.9,39773.1,39791.1,227.9,3.6,True,2022-09-05 10:35:00
2022-09-05,2022-09-05 10:30:00,39789.5,39794.7,39755.8,39794.7,224.8,0.0,True,2022-09-05 10:35:00
2022-09-06,2022-09-06 10:50:00,39703.9,39704.1,39667.4,39694.4,291.3,127.8,False,
2022-09-06,2022-09-06 11:10:00,39790.6,39803.1,39759.7,39800.8,235.6,51.7,False,
2022-09-06,2022-09-06 14:50:00,39689.1,39704.1,39646.9,39699.1,275.2,48.5,True,2022-09-06 15:20:00
2022-09-07,2022-09-07 10:15:00,39444.3,39456.4,39413.6,39452.1,240.0,10.0,True,2022-09-07 10:35:00
2022-09-09,2022-09-09 13:40:00,40343.4,40346.3,40307.2,40336.3,232.0,116.6,False,
2022-09-14,2022-09-14 14:15:00,41526.9,41528.7,41495.4,41523.1,254.5,103.8,False,
2022-09-14,2022-09-14 14:40:00,41599.6,41605.1,41563.6,41593.9,348.0,0.0,True,2022-09-14 14:45:00
2022-09-15,2022-09-15 10:50:00,41230.6,41253.1,41182.9,41245.1,493.0,71.3,False,
2022-09-15,2022-09-15 11:15:00,41216.6,41242.7,41154.9,41241.8,394.0,151.3,False,
2022-09-15,2022-09-15 11:25:00,41311.9,41325.6,41264.5,41323.8,337.2,62.0,True,2022-09-15 11:40:00
2022-09-15,2022-09-15 11:30:00,41326.6,41326.6,41257.5,41304.8,295.4,88.3,True,2022-09-15 11:50:00
2022-09-15,2022-09-15 13:45:00,41264.1,41266.4,41209.1,41254.5,238.5,132.4,False,
2022-09-16,2022-09-16 13:20:00,40817.8,40846.3,40775.9,40835.7,359.9,52.5,True,2022-09-16 13:30:00
2022-09-16,2022-09-16 14:05:00,40617.2,40635.9,40569.6,40628.6,359.7,38.4,True,2022-09-16 14:20:00
2022-09-19,2022-09-19 10:30:00,41070.1,41072.4,41028.6,41057.4,471.3,112.9,False,
2022-09-21,2022-09-21 10:45:00,41327.1,41341.1,41311.4,41334.4,251.1,38.1,False,
2022-09-21,2022-09-21 10:55:00,41345.2,41346.8,41315.6,41339.7,251.1,16.9,True,2022-09-21 11:25:00
2022-09-21,2022-09-21 11:00:00,41340.8,41342.4,41312.4,41336.4,251.1,20.2,True,2022-09-21 11:25:00
2022-09-21,2022-09-21 12:25:00,40932.6,40940.0,40889.1,40939.9,407.6,217.0,False,
2022-09-22,2022-09-22 10:20:00,40818.9,40820.2,40763.1,40812.4,344.3,0.0,True,2022-09-22 10:25:00
2022-09-22,2022-09-22 10:35:00,40730.6,40734.4,40681.7,40718.2,458.3,138.2,False,
2022-09-22,2022-09-22 10:55:00,40782.1,40782.1,40722.0,40768.9,359.3,87.5,True,2022-09-22 11:15:00
2022-09-22,2022-09-22 11:10:00,40763.2,40763.6,40712.9,40754.8,237.2,0.0,True,2022-09-22 11:15:00
2022-09-22,2022-09-22 11:55:00,40653.6,40666.4,40606.6,40663.7,254.8,0.0,True,2022-09-22 12:00:00
2022-09-22,2022-09-22 12:30:00,40484.1,40485.9,40453.9,40481.2,236.1,49.6,True,2022-09-22 12:40:00
2022-09-22,2022-09-22 14:40:00,40795.8,40802.9,40758.7,40785.9,212.0,0.0,True,2022-09-22 14:45:00
2022-09-23,2022-09-23 10:45:00,39775.6,39799.6,39726.4,39796.6,314.9,90.8,True,2022-09-23 11:15:00
2022-09-23,2022-09-23 12:20:00,39611.1,39636.6,39561.6,39629.4,242.1,82.0,False,
2022-09-23,2022-09-23 14:25:00,39493.6,39497.5,39416.2,39474.6,204.3,114.8,False,
2022-09-23,2022-09-23 14:30:00,39473.1,39477.7,39412.7,39459.2,231.5,130.2,False,
2022-09-26,2022-09-26 11:45:00,38608.2,38639.8,38567.9,38625.9,224.9,197.9,False,
2022-09-26,2022-09-26 12:25:00,38721.4,38727.3,38656.2,38706.0,255.9,225.8,False,
2022-09-26,2022-09-26 14:05:00,38675.0,38696.9,38650.4,38687.1,367.9,185.0,False,
2022-09-27,2022-09-27 13:35:00,38628.4,38629.7,38553.4,38615.9,265.3,37.9,False,
2022-09-27,2022-09-27 13:40:00,38614.6,38622.6,38583.6,38605.2,265.3,48.6,True,2022-09-27 14:10:00
2022-09-27,2022-09-27 14:25:00,38429.9,38450.4,38340.3,38401.0,257.6,0.0,True,2022-09-27 14:30:00
2022-09-28,2022-09-28 13:10:00,38176.1,38195.6,38146.2,38187.8,226.9,101.6,True,2022-09-28 13:40:00
2022-09-29,2022-09-29 10:30:00,37995.5,37997.2,37956.9,37991.8,319.5,110.3,False,
2022-09-29,2022-09-29 13:00:00,37617.9,37634.9,37562.6,37630.4,274.4,30.5,False,
2022-09-30,2022-09-30 11:35:00,38329.6,38348.3,38306.8,38339.1,356.2,131.3,False,
2022-09-30,2022-09-30 12:05:00,38392.5,38415.5,38348.1,38410.2,319.8,221.9,False,
2022-09-30,2022-09-30 14:05:00,38730.9,38751.6,38683.0,38750.5,208.4,60.5,True,2022-09-30 14:30:00
2022-10-03,2022-10-03 10:15:00,38238.1,38238.1,38158.1,38224.4,453.1,55.6,False,
2022-10-07,2022-10-07 10:15:00,38976.6,38983.8,38931.6,38969.0,306.6,0.0,True,2022-10-07 10:20:00
2022-10-07,2022-10-07 14:25:00,39009.4,39022.9,38985.9,39020.9,211.6,214.2,False,
2022-10-10,2022-10-10 14:10:00,38903.9,38917.6,38845.9,38888.1,357.4,192.0,False,
2022-10-10,2022-10-10 14:20:00,38950.1,38950.1,38904.4,38948.7,324.0,170.7,False,
2022-10-10,2022-10-10 14:55:00,39090.9,39095.8,39042.2,39079.5,273.5,79.7,False,
2022-10-13,2022-10-13 11:05:00,38704.8,38708.0,38673.6,38694.5,257.2,0.0,True,2022-10-13 11:10:00
2022-10-14,2022-10-14 11:00:00,39303.9,39312.4,39244.7,39285.1,230.8,138.2,False,
2022-10-14,2022-10-14 11:20:00,39383.2,39404.7,39345.4,39401.0,212.9,22.3,False,
2022-10-18,2022-10-18 10:40:00,40288.1,40306.6,40241.8,40304.8,222.0,25.2,False,
2022-10-19,2022-10-19 13:30:00,40382.1,40387.8,40352.4,40372.5,211.2,2.6,True,2022-10-19 13:40:00
2022-10-20,2022-10-20 11:25:00,39933.1,39943.0,39872.2,39917.0,215.3,73.7,False,
2022-10-21,2022-10-21 14:35:00,40699.2,40716.6,40672.6,40708.6,338.9,0.0,True,2022-10-21 14:40:00
2022-10-28,2022-10-28 11:45:00,40994.6,41022.0,40954.6,41010.6,229.8,48.5,False,
2022-10-28,2022-10-28 12:00:00,40996.7,40996.7,40924.2,40972.8,240.2,86.3,False,
2022-11-11,2022-11-11 12:00:00,42235.2,42237.9,42192.3,42229.8,206.9,115.7,False,
2022-11-11,2022-11-11 12:20:00,42310.2,42313.3,42249.4,42306.2,237.7,39.3,False,
2022-11-14,2022-11-14 10:15:00,42020.9,42033.7,41983.4,42028.5,210.4,42.9,False,
2022-12-01,2022-12-01 13:35:00,43187.1,43201.9,43145.4,43200.8,233.2,45.2,True,2022-12-01 13:50:00
2022-12-08,2022-12-08 10:20:00,43360.8,43370.4,43345.4,43367.4,263.2,35.1,True,2022-12-08 10:45:00
2022-12-09,2022-12-09 10:15:00,43806.1,43819.0,43777.1,43815.4,203.3,0.0,True,2022-12-09 10:20:00
2022-12-16,2022-12-16 14:40:00,43197.8,43212.4,43170.9,43210.4,213.5,38.9,True,2022-12-16 14:50:00
2022-12-22,2022-12-22 14:05:00,42513.9,42549.4,42459.9,42534.1,227.6,103.8,False,
2022-12-26,2022-12-26 14:25:00,42546.4,42572.9,42510.1,42564.2,251.4,281.9,False,
2022-12-26,2022-12-26 14:45:00,42763.4,42791.1,42713.9,42782.7,491.9,27.4,True,2022-12-26 15:05:00
2022-12-28,2022-12-28 11:25:00,42984.8,42990.4,42951.2,42976.1,250.3,19.7,False,
2023-01-04,2023-01-04 10:35:00,43287.3,43295.6,43249.6,43278.9,354.7,0.7,True,2023-01-04 10:50:00
2023-01-04,2023-01-04 11:25:00,43133.1,43135.4,43107.3,43134.9,211.9,24.4,True,2023-01-04 11:45:00
2023-01-05,2023-01-05 10:20:00,42843.6,42852.8,42813.4,42834.2,407.5,36.2,True,2023-01-05 10:35:00
2023-01-05,2023-01-05 14:00:00,42471.9,42474.1,42427.6,42462.6,328.2,0.0,True,2023-01-05 14:10:00
2023-01-06,2023-01-06 13:40:00,41993.5,41999.6,41966.4,41987.1,310.8,105.6,False,
2023-01-06,2023-01-06 14:30:00,42014.6,42021.0,41965.6,42006.2,215.7,194.2,False,
2023-01-06,2023-01-06 14:40:00,42005.0,42026.3,41975.1,42019.2,215.7,241.6,False,
2023-01-09,2023-01-09 11:50:00,42683.9,42689.9,42667.1,42689.9,208.9,26.9,True,2023-01-09 12:00:00
2023-01-11,2023-01-11 11:40:00,42106.2,42121.8,42083.1,42114.7,212.3,199.4,False,
2023-01-11,2023-01-11 14:10:00,42110.9,42118.8,42074.4,42100.8,212.0,159.2,False,
2023-01-12,2023-01-12 11:05:00,41986.6,41992.3,41961.9,41979.8,258.5,0.0,True,2023-01-12 11:10:00
2023-01-13,2023-01-13 10:35:00,41996.9,42007.6,41953.1,41985.3,317.3,12.6,True,2023-01-13 10:50:00
2023-01-16,2023-01-16 14:00:00,42201.9,42216.0,42148.4,42209.2,310.5,41.2,True,2023-01-16 14:25:00
2023-01-23,2023-01-23 10:20:00,42930.6,42943.2,42912.6,42938.8,246.0,42.9,False,
2023-01-23,2023-01-23 10:25:00,42938.1,42948.1,42923.1,42943.8,241.2,37.9,True,2023-01-23 10:40:00
2023-01-25,2023-01-25 11:10:00,41987.8,41994.8,41956.8,41979.1,266.2,15.2,True,2023-01-25 11:20:00
2023-01-25,2023-01-25 13:40:00,41808.2,41811.4,41793.6,41803.6,236.1,112.0,False,
2023-01-25,2023-01-25 14:15:00,41860.4,41866.4,41829.6,41852.6,211.5,0.0,True,2023-01-25 14:20:00
2023-01-27,2023-01-27 14:35:00,40280.5,40280.5,40216.6,40268.6,276.0,0.0,True,2023-01-27 14:40:00
2023-01-30,2023-01-30 10:25:00,40280.1,40280.1,40206.6,40258.6,577.0,48.0,True,2023-01-30 10:40:00
2023-01-30,2023-01-30 10:45:00,40102.1,40102.1,39981.2,40068.1,418.9,29.9,True,2023-01-30 11:00:00
2023-01-30,2023-01-30 11:00:00,39990.2,40001.6,39921.4,39970.9,447.4,140.7,False,
2023-01-30,2023-01-30 11:55:00,40164.6,40169.2,40099.0,40152.1,246.3,12.0,True,2023-01-30 12:10:00
2023-01-30,2023-01-30 12:00:00,40154.2,40154.2,40098.8,40150.1,247.8,14.0,True,2023-01-30 12:10:00
2023-01-30,2023-01-30 12:20:00,39967.7,39967.7,39931.1,39958.1,234.1,0.0,True,2023-01-30 12:25:00
2023-01-31,2023-01-31 10:30:00,40394.5,40416.8,40347.9,40412.8,284.7,117.1,False,
2023-01-31,2023-01-31 14:45:00,40550.1,40558.9,40503.4,40537.8,311.6,182.9,False,
2023-02-01,2023-02-01 10:40:00,41230.6,41257.5,41183.2,41253.9,322.0,98.5,False,
2023-02-01,2023-02-01 11:20:00,41128.0,41156.8,40996.9,41156.8,240.5,165.1,False,
2023-02-02,2023-02-02 10:40:00,40218.9,40229.9,40149.0,40229.9,579.2,285.8,False,
2023-02-02,2023-02-02 11:30:00,40411.7,40431.7,40333.9,40389.2,416.0,16.2,True,2023-02-02 11:40:00
2023-02-03,2023-02-03 11:30:00,40693.1,40693.6,40609.8,40686.9,343.5,207.6,False,
2023-02-03,2023-02-03 12:05:00,40824.2,40840.2,40772.1,40836.6,309.6,105.4,False,
2023-02-06,2023-02-06 14:10:00,41492.9,41498.2,41448.1,41480.8,213.7,0.0,True,2023-02-06 14:15:00
2023-02-07,2023-02-07 13:05:00,41131.4,41153.9,41095.1,41148.9,308.8,241.2,False,
2023-02-08,2023-02-08 10:25:00,41615.6,41618.2,41574.1,41608.1,248.7,0.0,True,2023-02-08 10:30:00
2023-02-09,2023-02-09 14:30:00,41520.4,41531.8,41497.4,41526.9,255.7,29.5,True,2023-02-09 14:45:00
2023-02-14,2023-02-14 14:15:00,41626.4,41639.5,41599.6,41635.2,271.1,82.8,False,
2023-02-21,2023-02-21 12:10:00,40745.8,40771.6,40697.1,40765.9,202.8,0.0,True,2023-02-21 12:15:00
2023-02-22,2023-02-22 11:35:00,40169.7,40173.5,40122.4,40160.4,205.3,0.0,True,2023-02-22 11:40:00
2023-02-23,2023-02-23 10:45:00,40078.1,40083.8,40007.4,40056.9,547.6,0.0,True,2023-02-23 10:50:00
2023-02-23,2023-02-23 11:30:00,39965.1,39965.1,39853.1,39940.6,322.7,17.5,False,
2023-02-23,2023-02-23 13:15:00,40004.2,40015.1,39974.1,40014.9,260.7,2.9,True,2023-02-23 13:25:00
2023-02-23,2023-02-23 13:20:00,40015.9,40017.8,39988.4,40008.2,258.0,0.0,True,2023-02-23 13:25:00
2023-02-27,2023-02-27 10:40:00,39919.9,39932.9,39878.3,39932.4,252.5,218.0,False,
2023-02-28,2023-02-28 14:50:00,40222.6,40226.3,40160.3,40208.1,243.9,145.4,False,
2023-03-06,2023-03-06 10:15:00,41647.2,41655.1,41586.3,41633.8,280.8,37.4,True,2023-03-06 10:40:00
2023-03-10,2023-03-10 10:30:00,40586.1,40595.8,40516.8,40595.3,268.7,32.5,False,
2023-03-13,2023-03-13 12:05:00,40190.9,40190.9,40152.6,40181.8,268.5,2.8,True,2023-03-13 12:15:00
2023-03-13,2023-03-13 12:30:00,40141.5,40145.7,40085.6,40134.6,257.9,0.0,True,2023-03-13 12:35:00
2023-03-14,2023-03-14 10:30:00,39304.5,39316.6,39219.4,39276.6,508.2,122.5,False,
2023-03-14,2023-03-14 13:15:00,39297.9,39299.2,39228.3,39276.9,447.6,266.9,False,
2023-03-14,2023-03-14 13:35:00,39433.1,39446.1,39362.1,39446.1,389.6,19.8,True,2023-03-14 13:50:00
2023-03-14,2023-03-14 14:45:00,39468.4,39475.4,39423.6,39455.9,288.6,0.0,True,2023-03-14 14:50:00
2023-03-16,2023-03-16 12:30:00,38797.4,38803.8,38755.9,38790.9,372.5,224.9,False,
2023-03-16,2023-03-16 13:50:00,38946.6,38946.6,38895.1,38936.2,275.7,398.2,False,
2023-03-17,2023-03-17 10:50:00,39203.6,39211.9,39147.4,39188.4,234.4,35.2,True,2023-03-17 11:10:00
2023-03-20,2023-03-20 11:25:00,39258.4,39260.9,39206.9,39253.5,403.4,5.6,True,2023-03-20 11:35:00
2023-03-20,2023-03-20 14:55:00,39172.6,39206.2,39130.4,39192.8,285.6,225.0,False,
2023-03-21,2023-03-21 10:50:00,39580.1,39587.2,39518.4,39569.6,223.6,1.4,True,2023-03-21 11:00:00
2023-03-21,2023-03-21 13:15:00,39734.4,39749.8,39662.5,39712.0,310.6,7.5,True,2023-03-21 13:35:00
2023-03-21,2023-03-21 14:10:00,39791.7,39793.8,39760.3,39786.1,205.4,129.5,False,
2023-03-23,2023-03-23 14:30:00,39846.6,39855.9,39784.1,39833.9,355.7,10.2,True,2023-03-23 14:40:00
2023-03-24,2023-03-24 11:50:00,39693.6,39721.1,39658.6,39710.1,248.3,57.3,False,
2023-03-24,2023-03-24 12:00:00,39731.9,39741.1,39668.1,39720.5,261.5,47.4,True,2023-03-24 12:30:00
2023-03-29,2023-03-29 10:30:00,39875.7,39901.1,39838.4,39894.3,227.9,6.1,True,2023-03-29 10:55:00
2023-03-29,2023-03-29 11:10:00,39793.6,39800.8,39759.5,39782.8,200.5,65.4,False,
2023-03-29,2023-03-29 14:50:00,39736.9,39744.9,39682.3,39726.0,240.6,315.2,False,
2023-04-06,2023-04-06 12:15:00,41111.2,41123.8,41090.9,41118.4,213.5,52.0,False,
2023-04-10,2023-04-10 14:25:00,40808.6,40811.9,40749.9,40795.6,285.9,62.5,False,
2023-04-17,2023-04-17 11:20:00,42069.6,42075.1,42021.9,42056.8,236.2,67.3,False,
2023-04-17,2023-04-17 13:05:00,42149.9,42151.1,42116.5,42140.4,200.9,23.8,True,2023-04-17 13:20:00
2023-04-24,2023-04-24 13:20:00,42577.8,42581.6,42559.2,42572.6,209.9,113.5,False,
2023-04-27,2023-04-27 10:15:00,42835.6,42846.1,42816.1,42844.7,203.6,53.2,True,2023-04-27 10:40:00
2023-05-05,2023-05-05 12:15:00,43215.1,43245.5,43162.6,43232.2,308.4,20.4,False,
2023-05-05,2023-05-05 12:25:00,43215.5,43235.4,43163.1,43229.7,250.6,51.2,False,
2023-05-05,2023-05-05 12:30:00,43234.3,43246.6,43198.3,43241.6,250.6,39.3,True,2023-05-05 13:00:00
2023-05-05,2023-05-05 13:50:00,42976.6,42989.8,42914.4,42983.8,326.7,74.8,False,
2023-05-09,2023-05-09 10:20:00,43446.9,43451.1,43425.8,43449.6,214.2,0.0,True,2023-05-09 10:25:00
2023-05-09,2023-05-09 14:00:00,43248.0,43252.0,43155.5,43224.8,240.8,115.8,False,
2023-05-10,2023-05-10 14:05:00,43218.9,43221.7,43183.9,43209.1,200.7,125.4,False,
2023-05-10,2023-05-10 14:45:00,43249.0,43253.9,43211.8,43237.6,217.5,0.0,True,2023-05-10 14:50:00
2023-05-16,2023-05-16 10:35:00,44023.2,44036.1,43986.8,44035.6,272.4,76.3,False,
2023-05-17,2023-05-17 12:30:00,43562.6,43591.9,43523.8,43581.6,302.9,44.6,True,2023-05-17 13:00:00
2023-05-18,2023-05-18 14:30:00,43916.0,43929.6,43831.4,43888.1,298.6,0.0,True,2023-05-18 14:35:00
2023-05-25,2023-05-25 10:25:00,43524.8,43524.8,43470.8,43518.9,201.4,38.2,False,
2023-06-02,2023-06-02 14:35:00,43870.2,43885.7,43844.3,43878.7,248.8,135.7,False,
2023-06-19,2023-06-19 13:40:00,43563.9,43569.4,43528.4,43554.9,255.7,46.5,False,
2023-06-19,2023-06-19 13:50:00,43545.2,43557.5,43525.9,43552.1,255.7,49.3,False,
2023-06-27,2023-06-27 14:20:00,43987.5,43996.6,43928.3,43968.8,249.2,37.3,True,2023-06-27 14:40:00
2023-06-27,2023-06-27 14:35:00,43989.8,44006.1,43942.9,44005.1,223.7,0.0,True,2023-06-27 14:40:00
2023-06-30,2023-06-30 10:15:00,44594.2,44601.2,44573.4,44601.2,220.9,0.0,True,2023-06-30 10:20:00
2023-07-03,2023-07-03 11:20:00,45092.0,45093.4,45041.0,45076.5,231.2,82.1,False,
2023-07-10,2023-07-10 14:55:00,44775.5,44797.5,44732.6,44791.9,204.1,132.9,False,
2023-07-18,2023-07-18 12:20:00,45373.9,45376.1,45286.5,45360.6,498.2,293.1,False,
2023-07-21,2023-07-21 10:25:00,46063.9,46070.6,46027.1,46070.6,318.4,32.8,False,
2023-07-24,2023-07-24 10:40:00,46160.9,46168.5,46131.9,46152.2,216.4,0.0,True,2023-07-24 10:45:00
2023-07-24,2023-07-24 13:05:00,46023.4,46023.4,45967.4,46016.1,231.8,72.6,False,
2023-07-25,2023-07-25 13:25:00,45703.1,45718.1,45664.9,45718.1,262.5,0.0,True,2023-07-25 13:30:00
2023-07-25,2023-07-25 14:45:00,45881.6,45881.6,45794.8,45867.4,287.2,66.0,False,
2023-07-27,2023-07-27 12:45:00,45810.7,45831.8,45781.1,45822.2,208.3,17.2,True,2023-07-27 12:55:00
2023-08-03,2023-08-03 12:55:00,44528.6,44533.3,44462.7,44508.4,332.0,41.5,False,
2023-08-03,2023-08-03 13:20:00,44500.7,44510.4,44448.4,44488.3,290.5,28.9,True,2023-08-03 13:45:00
2023-08-03,2023-08-03 14:50:00,44391.0,44395.9,44338.5,44382.4,246.2,230.7,False,
2023-08-04,2023-08-04 10:15:00,44653.2,44666.6,44627.8,44661.1,242.0,77.8,False,
2023-08-07,2023-08-07 14:40:00,44882.7,44886.8,44863.9,44884.9,217.3,0.0,True,2023-08-07 14:45:00
2023-08-08,2023-08-08 11:40:00,44943.5,44952.4,44916.8,44949.4,205.0,47.6,True,2023-08-08 12:00:00
2023-08-10,2023-08-10 11:00:00,44635.7,44646.2,44588.8,44622.3,501.4,50.1,True,2023-08-10 11:10:00
2023-08-10,2023-08-10 11:25:00,44646.9,44662.9,44613.4,44654.9,262.3,73.3,False,
2023-08-14,2023-08-14 14:25:00,44104.6,44114.6,44070.9,44114.6,221.0,71.4,False,
2023-08-23,2023-08-23 13:05:00,44385.4,44390.4,44357.0,44378.2,242.8,60.1,False,
2023-08-25,2023-08-25 11:35:00,44265.1,44266.4,44219.1,44259.9,310.1,76.6,False,
2023-09-01,2023-09-01 14:50:00,44470.2,44500.2,44430.3,44485.9,216.0,7.2,True,2023-09-01 15:15:00
2023-09-04,2023-09-04 10:15:00,44422.9,44425.1,44372.4,44410.1,256.7,49.3,True,2023-09-04 10:35:00
2023-09-08,2023-09-08 12:15:00,45129.6,45136.5,45092.2,45117.2,285.4,0.0,True,2023-09-08 12:25:00
2023-09-08,2023-09-08 12:20:00,45113.8,45113.8,45086.1,45104.9,279.1,0.0,True,2023-09-08 12:25:00
2023-09-08,2023-09-08 14:55:00,45167.3,45171.0,45129.1,45162.8,258.8,53.0,False,
2023-09-11,2023-09-11 10:40:00,45393.2,45395.8,45379.0,45395.7,210.3,0.0,True,2023-09-11 10:45:00
2023-09-12,2023-09-12 11:15:00,45584.4,45587.0,45537.8,45575.2,203.6,47.5,False,
2023-09-12,2023-09-12 11:35:00,45564.8,45586.1,45509.3,45584.6,201.5,38.1,False,
2023-09-12,2023-09-12 13:15:00,45421.7,45427.4,45359.8,45404.2,270.3,129.7,False,
2023-09-14,2023-09-14 10:40:00,45910.0,45940.0,45841.4,45927.3,352.4,106.3,False,
2023-09-14,2023-09-14 10:50:00,45897.6,45918.1,45869.0,45911.4,299.4,122.2,False,
2023-09-14,2023-09-14 11:10:00,45995.9,46012.1,45962.1,46012.1,232.1,17.5,True,2023-09-14 11:35:00
2023-09-15,2023-09-15 12:40:00,46089.0,46089.0,46057.8,46079.9,252.1,57.0,False,
2023-09-20,2023-09-20 10:50:00,45545.4,45550.1,45513.3,45539.8,200.8,4.8,True,2023-09-20 11:00:00
2023-09-20,2023-09-20 10:55:00,45540.1,45544.6,45521.1,45543.7,211.9,0.0,True,2023-09-20 11:00:00
2023-09-28,2023-09-28 11:00:00,44560.5,44577.4,44541.9,44569.5,213.6,0.0,True,2023-09-28 11:05:00
2023-09-28,2023-09-28 11:20:00,44467.2,44487.8,44430.2,44480.1,307.9,59.3,False,
2023-10-05,2023-10-05 11:05:00,44294.6,44295.1,44271.7,44288.1,208.5,103.8,False,
2023-10-16,2023-10-16 10:20:00,44219.4,44231.9,44162.6,44230.1,214.5,40.8,False,
2023-10-18,2023-10-18 11:00:00,44079.3,44082.9,44048.4,44071.5,361.8,0.0,True,2023-10-18 11:05:00
2023-10-18,2023-10-18 11:45:00,43938.7,43940.8,43900.4,43939.9,305.4,15.3,True,2023-10-18 11:55:00
2023-10-19,2023-10-19 11:40:00,43920.6,43923.6,43883.0,43910.6,294.4,66.4,False,
2023-10-19,2023-10-19 14:25:00,43893.1,43898.6,43867.4,43896.1,240.7,0.0,True,2023-10-19 14:30:00
2023-10-19,2023-10-19 14:50:00,43812.8,43814.1,43777.6,43806.1,255.4,1.8,True,2023-10-19 15:05:00
2023-10-25,2023-10-25 10:15:00,43343.8,43343.8,43310.8,43336.4,234.2,18.5,True,2023-10-25 10:25:00
2023-10-25,2023-10-25 10:20:00,43337.6,43354.9,43317.1,43346.6,234.2,0.0,True,2023-10-25 10:25:00
2023-10-30,2023-10-30 11:50:00,42839.6,42856.1,42810.8,42852.4,201.1,105.6,False,
2023-10-31,2023-10-31 10:30:00,42992.2,42999.2,42938.2,42984.1,236.0,64.2,False,
2023-11-02,2023-11-02 12:20:00,42897.8,42913.2,42854.1,42913.2,280.2,22.9,False,
2023-11-13,2023-11-13 10:40:00,43718.6,43728.1,43704.6,43724.3,210.1,48.8,False,
2023-11-17,2023-11-17 10:15:00,43714.6,43714.6,43564.4,43671.1,295.6,99.6,False,
2023-11-17,2023-11-17 10:30:00,43735.8,43741.6,43715.1,43729.9,305.3,40.8,False,
2023-11-17,2023-11-17 10:35:00,43731.1,43741.2,43717.9,43736.6,305.3,34.1,True,2023-11-17 11:00:00
2023-11-20,2023-11-20 10:25:00,43702.6,43716.9,43667.0,43716.9,244.4,6.5,False,
2023-11-20,2023-11-20 11:35:00,43541.0,43552.4,43522.6,43549.4,213.6,69.8,False,
2023-11-20,2023-11-20 11:40:00,43550.3,43565.8,43515.5,43563.2,213.6,56.0,False,
2023-11-20,2023-11-20 11:50:00,43564.0,43566.2,43544.0,43560.2,213.6,74.7,False,
2023-11-22,2023-11-22 12:25:00,43259.6,43274.9,43233.9,43269.4,301.6,61.8,False,
2023-12-01,2023-12-01 10:35:00,44891.6,44893.9,44869.4,44893.4,269.4,13.8,True,2023-12-01 11:05:00
2023-12-04,2023-12-04 14:10:00,46162.3,46167.9,46137.5,46154.4,212.8,34.1,True,2023-12-04 14:20:00
2023-12-05,2023-12-05 10:35:00,47109.7,47143.8,47003.7,47143.8,442.1,82.6,False,
2023-12-05,2023-12-05 10:50:00,47145.0,47147.8,47101.7,47134.5,360.9,44.2,True,2023-12-05 11:05:00
2023-12-07,2023-12-07 11:10:00,46866.2,46874.8,46844.6,46874.8,350.8,0.0,True,2023-12-07 11:15:00
2023-12-08,2023-12-08 10:35:00,47102.9,47103.7,47076.0,47099.6,246.3,67.5,True,2023-12-08 10:55:00
2023-12-08,2023-12-08 11:25:00,47094.6,47099.9,47067.8,47088.4,228.3,22.2,True,2023-12-08 11:40:00
2023-12-08,2023-12-08 11:30:00,47088.9,47101.9,47067.8,47096.9,228.3,13.7,True,2023-12-08 11:40:00
2023-12-18,2023-12-18 11:00:00,47990.6,47994.5,47975.2,47992.6,220.8,0.0,True,2023-12-18 11:05:00
2023-12-21,2023-12-21 10:20:00,47272.8,47294.2,47232.9,47286.4,392.5,0.0,True,2023-12-21 10:25:00
2023-12-21,2023-12-21 13:25:00,47533.8,47551.2,47491.9,47542.8,232.6,49.0,True,2023-12-21 13:35:00
2023-12-21,2023-12-21 13:45:00,47465.0,47481.4,47414.2,47475.4,217.6,42.2,True,2023-12-21 14:00:00
2023-12-26,2023-12-26 10:55:00,47721.3,47731.6,47694.9,47727.8,289.4,8.4,True,2023-12-26 11:05:00
2023-12-28,2023-12-28 10:40:00,48401.1,48417.4,48370.8,48414.1,287.9,130.0,False,
2024-01-04,2024-01-04 10:25:00,47981.9,47982.2,47941.4,47970.5,230.7,26.9,False,
2024-01-05,2024-01-05 14:25:00,47879.7,47892.8,47855.5,47891.5,270.3,305.4,False,
2024-01-08,2024-01-08 11:20:00,47901.4,47911.8,47876.4,47910.0,255.0,0.0,True,2024-01-08 11:45:00
2024-01-08,2024-01-08 11:30:00,47892.4,47899.2,47855.8,47882.4,255.0,9.9,True,2024-01-08 11:45:00
2024-01-15,2024-01-15 10:45:00,48040.0,48044.6,47999.1,48027.9,261.0,34.9,False,
2024-01-15,2024-01-15 10:50:00,48026.6,48029.6,48003.7,48028.1,241.5,34.7,False,
2024-01-16,2024-01-16 13:50:00,48101.5,48127.8,48053.1,48119.3,209.0,62.8,False,
2024-01-17,2024-01-17 10:25:00,46926.8,46947.2,46872.4,46946.6,228.1,4.6,True,2024-01-17 10:35:00
2024-01-17,2024-01-17 11:05:00,46625.1,46645.6,46588.6,46638.6,401.1,21.9,True,2024-01-17 11:30:00
2024-01-17,2024-01-17 11:15:00,46609.4,46634.1,46555.9,46629.6,395.5,12.1,True,2024-01-17 11:35:00
2024-01-17,2024-01-17 11:30:00,46592.5,46606.9,46532.8,46576.9,395.3,0.0,True,2024-01-17 11:35:00
2024-01-17,2024-01-17 11:50:00,46367.8,46389.9,46319.8,46386.4,440.1,0.7,True,2024-01-17 12:00:00
2024-01-17,2024-01-17 12:35:00,46318.4,46323.6,46259.1,46322.4,320.7,7.4,True,2024-01-17 12:50:00
2024-01-18,2024-01-18 10:15:00,45776.7,45809.7,45710.0,45809.7,494.9,162.1,False,
2024-01-18,2024-01-18 11:35:00,45960.3,45960.4,45907.9,45949.4,335.5,140.0,False,
2024-01-18,2024-01-18 14:45:00,45691.7,45693.2,45642.4,45679.6,242.7,108.3,False,
2024-01-19,2024-01-19 13:50:00,45743.9,45753.1,45700.4,45733.8,282.9,20.4,True,2024-01-19 14:10:00
2024-01-19,2024-01-19 14:05:00,45711.5,45717.8,45668.9,45717.7,282.9,0.0,True,2024-01-19 14:10:00
2024-01-19,2024-01-19 14:35:00,45724.9,45732.6,45656.6,45732.6,247.5,35.1,False,
2024-01-20,2024-01-20 10:25:00,45937.4,45940.6,45891.9,45933.6,319.9,72.5,False,
2024-01-20,2024-01-20 13:20:00,46079.9,46107.1,46037.6,46099.4,472.2,84.3,True,2024-01-20 13:45:00
2024-01-23,2024-01-23 11:00:00,45738.8,45750.6,45646.6,45713.1,407.8,67.3,True,2024-01-23 11:15:00
2024-01-23,2024-01-23 11:30:00,45667.9,45676.1,45613.8,45674.9,322.3,0.0,True,2024-01-23 11:35:00
2024-01-23,2024-01-23 14:00:00,45117.8,45142.2,45080.7,45133.2,216.1,2.7,True,2024-01-23 14:10:00
2024-01-24,2024-01-24 10:35:00,45433.6,45445.1,45368.0,45421.4,530.1,0.0,True,2024-01-24 10:40:00
2024-01-24,2024-01-24 13:15:00,44802.4,44846.2,44682.6,44834.9,286.9,81.5,False,
2024-01-25,2024-01-25 12:15:00,44561.6,44566.6,44520.8,44548.6,255.5,33.4,True,2024-01-25 12:30:00
2024-01-31,2024-01-31 10:20:00,45816.6,45841.9,45760.7,45836.4,815.6,291.4,False,
2024-01-31,2024-01-31 12:40:00,45932.2,45939.3,45872.0,45915.6,305.3,111.5,False,
2024-02-01,2024-02-01 10:15:00,45894.1,45921.3,45837.4,45912.1,470.9,161.9,False,
2024-02-01,2024-02-01 10:40:00,46045.1,46046.0,46012.6,46034.9,350.0,78.7,False,
2024-02-01,2024-02-01 10:55:00,46080.1,46082.3,45911.9,46032.2,318.0,81.4,True,2024-02-01 11:15:00
2024-02-01,2024-02-01 11:05:00,46069.9,46078.5,45958.1,46039.1,300.0,14.4,True,2024-02-01 11:15:00
2024-02-01,2024-02-01 12:20:00,46049.5,46053.9,45928.5,46022.1,516.7,278.8,False,
2024-02-01,2024-02-01 12:50:00,46274.6,46300.9,46230.1,46295.5,607.8,0.0,True,2024-02-01 12:55:00
2024-02-01,2024-02-01 13:00:00,46204.6,46225.8,46111.6,46179.4,638.5,70.2,True,2024-02-01 13:15:00
2024-02-01,2024-02-01 14:05:00,46083.6,46092.4,46022.0,46065.8,291.5,92.3,False,
2024-02-02,2024-02-02 12:30:00,46497.1,46497.1,46308.5,46468.9,399.8,67.2,False,
2024-02-02,2024-02-02 12:35:00,46471.1,46495.7,46324.9,46492.6,583.9,43.5,False,
2024-02-02,2024-02-02 13:30:00,46255.9,46264.9,46130.4,46222.4,368.5,93.8,False,
2024-02-02,2024-02-02 14:55:00,46110.7,46131.2,46014.9,46081.6,293.2,0.0,True,2024-02-02 15:00:00
2024-02-08,2024-02-08 10:15:00,46023.1,46023.1,45897.7,45981.6,259.8,69.7,True,2024-02-08 10:40:00
2024-02-09,2024-02-09 13:45:00,45334.9,45341.8,45296.3,45326.6,202.1,0.0,True,2024-02-09 13:50:00
2024-02-09,2024-02-09 14:00:00,45319.4,45341.0,45294.5,45330.6,202.1,214.5,False,
2024-02-12,2024-02-12 10:30:00,45212.4,45247.1,45146.3,45243.6,476.5,41.9,False,
2024-02-12,2024-02-12 10:40:00,45236.1,45237.4,45201.1,45228.1,421.2,117.5,False,
2024-02-12,2024-02-12 11:10:00,45323.9,45339.6,45299.0,45334.8,259.4,11.6,True,2024-02-12 11:30:00
2024-02-13,2024-02-13 12:15:00,45086.7,45108.2,45053.8,45101.2,307.4,7.2,True,2024-02-13 12:25:00
2024-02-13,2024-02-13 12:35:00,45086.5,45089.0,45013.8,45077.2,323.8,248.7,False,
2024-02-14,2024-02-14 10:45:00,45238.4,45261.2,45206.1,45251.1,326.3,203.4,False,
2024-02-14,2024-02-14 11:35:00,45280.1,45285.8,45227.6,45267.0,248.4,192.6,False,
2024-02-14,2024-02-14 14:25:00,45838.8,45840.1,45753.4,45815.4,422.1,355.0,False,
2024-02-15,2024-02-15 10:50:00,45940.8,45955.2,45915.8,45951.6,385.9,0.0,True,2024-02-15 10:55:00
2024-02-15,2024-02-15 14:40:00,46154.4,46168.4,46124.8,46164.8,204.9,91.9,False,
2024-02-16,2024-02-16 14:00:00,46552.0,46557.9,46505.6,46542.4,293.3,0.0,True,2024-02-16 14:05:00
2024-02-16,2024-02-16 14:55:00,46466.9,46480.5,46416.6,46453.0,318.2,0.0,True,2024-02-16 15:00:00
2024-02-19,2024-02-19 10:35:00,46497.4,46511.65,46455.35,46507.3,223.8,123.9,False,
2024-02-20,2024-02-20 11:00:00,46867.45,46868.85,46837.9,46858.05,384.15,110.2,False,
2024-02-21,2024-02-21 11:50:00,47138.05,47141.95,47104.8,47130.4,226.95,50.55,False,
2024-02-21,2024-02-21 12:05:00,47118.5,47128.5,47080.85,47125.4,202.75,105.9,False,
2024-02-21,2024-02-21 14:00:00,47101.75,47128.25,47033.75,47116.3,243.8,39.4,True,2024-02-21 14:20:00
2024-02-21,2024-02-21 14:45:00,47034.8,47058.4,47001.4,47049.5,305.05,55.6,False,
2024-02-22,2024-02-22 14:20:00,46719.5,46719.5,46667.75,46709.45,383.95,167.85,False,
2024-02-23,2024-02-23 11:30:00,47045.05,47047.15,47008.6,47040.85,239.5,22.45,True,2024-02-23 11:50:00
2024-02-23,2024-02-23 14:00:00,46893.65,46924.6,46853.75,46913.25,328.8,0.0,True,2024-02-23 14:05:00
2024-02-28,2024-02-28 11:25:00,46267.25,46274.45,46205.25,46256.2,714.25,56.1,True,2024-02-28 11:40:00
2024-02-28,2024-02-28 11:55:00,46244.55,46251.65,46224.65,46250.85,398.25,0.0,True,2024-02-28 12:00:00
2024-02-29,2024-02-29 10:45:00,45813.05,45827.55,45774.0,45821.7,492.45,13.4,True,2024-02-29 10:55:00
2024-03-01,2024-03-01 14:35:00,47225.05,47225.2,47190.95,47217.4,264.45,109.55,False,
2024-03-07,2024-03-07 11:35:00,47895.2,47907.95,47880.55,47902.2,216.05,0.0,True,2024-03-07 11:40:00
2024-03-12,2024-03-12 10:20:00,47744.5,47744.5,47707.2,47736.5,615.8,1.5,True,2024-03-12 10:30:00
2024-03-12,2024-03-12 10:50:00,47064.55,47064.55,46964.1,47058.5,928.3,315.45,False,
2024-03-13,2024-03-13 10:20:00,47351.0,47357.75,47326.05,47343.6,258.4,0.0,True,2024-03-13 10:25:00
2024-03-13,2024-03-13 11:05:00,47247.15,47270.05,47179.45,47270.05,243.9,0.95,True,2024-03-13 11:20:00
2024-03-13,2024-03-13 11:15:00,47234.15,47240.65,47203.3,47227.35,289.25,0.0,True,2024-03-13 11:20:00
2024-03-13,2024-03-13 11:30:00,47113.4,47127.0,47060.4,47127.0,317.1,26.55,False,
2024-03-13,2024-03-13 11:40:00,47100.5,47117.8,47074.15,47109.4,317.1,53.05,True,2024-03-13 12:10:00
2024-03-13,2024-03-13 11:50:00,47080.05,47104.9,47047.95,47093.0,286.85,69.45,False,
2024-03-14,2024-03-14 11:25:00,47051.95,47055.4,47002.0,47036.6,327.2,194.9,False,
2024-03-14,2024-03-14 14:00:00,46885.8,46894.7,46783.95,46853.05,249.3,4.75,True,2024-03-14 14:15:00
2024-03-14,2024-03-14 14:55:00,46772.9,46793.85,46733.3,46783.6,222.95,61.8,False,
2024-03-18,2024-03-18 13:05:00,46585.95,46609.25,46531.3,46600.05,279.8,49.6,False,
2024-03-19,2024-03-19 11:25:00,46477.25,46485.5,46458.3,46483.05,231.0,14.85,True,2024-03-19 11:35:00
2024-03-20,2024-03-20 10:30:00,46112.6,46123.4,46053.55,46099.35,495.2,18.15,True,2024-03-20 10:40:00
2024-03-20,2024-03-20 12:10:00,46295.85,46298.25,46256.35,46282.9,257.2,208.5,False,
2024-03-21,2024-03-21 10:20:00,46954.6,46977.8,46864.0,46929.85,280.4,0.0,True,2024-03-21 10:25:00
2024-03-21,2024-03-21 12:40:00,46747.95,46752.75,46706.15,46739.8,280.05,0.0,True,2024-03-21 12:45:00
2024-03-22,2024-03-22 10:20:00,46876.2,46886.6,46803.75,46863.45,328.0,75.4,False,
2024-03-28,2024-03-28 11:10:00,47340.15,47347.25,47322.25,47346.05,216.95,0.0,True,2024-03-28 11:15:00
2024-03-28,2024-03-28 13:10:00,47326.8,47341.65,47299.45,47337.8,201.85,29.3,False,
2024-04-01,2024-04-01 10:15:00,47543.05,47554.7,47523.55,47549.55,269.05,62.7,False,
2024-04-02,2024-04-02 10:25:00,47582.3,47586.9,47558.75,47586.1,250.4,20.35,True,2024-04-02 10:35:00
2024-04-04,2024-04-04 11:05:00,47857.3,47860.0,47792.45,47836.95,216.55,106.1,False,
2024-04-08,2024-04-08 14:00:00,48558.75,48575.0,48533.05,48569.8,217.15,54.75,False,
2024-04-08,2024-04-08 14:10:00,48559.45,48574.8,48543.6,48567.3,217.15,57.25,False,
2024-04-09,2024-04-09 14:30:00,48730.95,48732.45,48706.5,48724.25,261.55,19.7,True,2024-04-09 14:50:00
2024-04-18,2024-04-18 10:25:00,47507.7,47521.8,47479.6,47520.5,308.4,84.05,False,
2024-04-18,2024-04-18 10:40:00,47564.95,47571.65,47538.85,47556.8,217.8,192.15,False,
2024-04-18,2024-04-18 10:45:00,47553.75,47561.45,47521.45,47544.8,217.8,204.15,False,
2024-04-18,2024-04-18 11:40:00,47667.45,47672.4,47623.55,47654.65,233.6,59.3,True,2024-04-18 12:10:00
2024-04-18,2024-04-18 13:50:00,47356.25,47389.15,47269.05,47378.0,584.95,41.1,False,
2024-04-19,2024-04-19 13:35:00,47293.2,47300.65,47254.35,47281.9,286.65,348.1,False,
2024-04-19,2024-04-19 13:55:00,47525.05,47536.1,47481.35,47512.15,330.55,141.8,True,2024-04-19 14:20:00
2024-04-25,2024-04-25 11:50:00,48195.55,48206.6,48168.8,48202.15,232.3,0.0,True,2024-04-25 11:55:00
2024-04-26,2024-04-26 10:50:00,48407.3,48410.05,48372.45,48401.2,257.55,41.05,True,2024-04-26 11:05:00
2024-04-26,2024-04-26 14:00:00,48255.1,48272.8,48232.2,48265.75,288.35,93.8,False,
2024-04-26,2024-04-26 14:05:00,48266.5,48270.1,48231.6,48259.95,288.35,99.6,False,
2024-04-29,2024-04-29 13:50:00,49300.2,49328.85,49264.2,49315.4,401.7,83.9,False,
2024-04-30,2024-04-30 11:05:00,49574.05,49584.0,49478.9,49548.4,270.7,69.4,False,
2024-05-02,2024-05-02 11:45:00,49252.05,49270.8,49226.3,49264.6,296.5,10.0,True,2024-05-02 12:05:00
2024-05-03,2024-05-03 10:40:00,49129.7,49129.9,49048.35,49109.3,365.85,43.05,True,2024-05-03 10:55:00
2024-05-06,2024-05-06 10:35:00,49177.5,49184.4,49120.9,49161.9,324.85,69.7,False,
2024-05-06,2024-05-06 11:45:00,49041.1,49053.25,49015.4,49051.4,216.75,59.35,False,
2024-05-06,2024-05-06 12:50:00,48928.1,48929.8,48863.8,48916.3,219.3,64.95,False,
2024-05-07,2024-05-07 10:25:00,48513.5,48516.95,48441.75,48508.1,496.2,0.0,True,2024-05-07 10:30:00
2024-05-10,2024-05-10 10:30:00,47705.3,47727.85,47639.25,47721.65,342.2,55.8,True,2024-05-10 10:50:00
2024-05-10,2024-05-10 13:00:00,47388.1,47441.45,47313.35,47418.95,320.9,134.8,False,
2024-05-10,2024-05-10 13:55:00,47567.05,47574.9,47530.15,47571.55,279.2,0.0,True,2024-05-10 14:00:00
2024-05-13,2024-05-13 10:20:00,47054.45,47061.4,47005.05,47060.4,386.05,29.35,True,2024-05-13 10:35:00
2024-05-13,2024-05-13 12:45:00,47455.2,47464.15,47391.15,47437.2,303.35,57.1,False,
2024-05-13,2024-05-13 12:50:00,47437.5,47445.1,47391.7,47427.4,291.75,66.9,True,2024-05-13 13:20:00
2024-05-13,2024-05-13 14:25:00,47704.75,47716.45,47662.7,47715.55,672.2,116.1,False,
2024-05-16,2024-05-16 11:40:00,47491.7,47510.85,47436.4,47510.85,339.8,327.0,False,
2024-05-21,2024-05-21 10:15:00,48003.2,48029.6,47961.2,48021.3,291.6,64.05,False,
2024-05-23,2024-05-23 14:50:00,48670.4,48683.35,48607.2,48681.2,262.3,148.5,False,
2024-05-27,2024-05-27 12:35:00,49671.0,49672.8,49638.8,49666.45,394.95,0.0,True,2024-05-27 12:40:00
2024-05-28,2024-05-28 13:15:00,49288.25,49298.25,49269.25,49294.45,241.35,26.55,True,2024-05-28 13:30:00
2024-05-30,2024-05-30 13:10:00,48840.35,48855.8,48814.45,48851.1,259.5,0.0,True,2024-05-30 13:15:00
2024-05-30,2024-05-30 14:35:00,48748.3,48748.3,48678.15,48744.25,303.45,46.85,True,2024-05-30 14:55:00
2024-05-31,2024-05-31 11:00:00,48690.8,48702.75,48639.55,48674.25,254.45,36.15,True,2024-05-31 11:25:00
2024-05-31,2024-05-31 12:25:00,48711.3,48727.15,48684.35,48723.5,223.1,93.3,False,
2024-05-31,2024-05-31 13:25:00,48934.2,48945.4,48904.8,48940.6,261.7,121.75,False,
2024-05-31,2024-05-31 14:05:00,49094.15,49095.2,48983.45,49057.5,305.85,2.5,True,2024-05-31 14:15:00
2024-06-03,2024-06-03 10:55:00,50504.95,50524.1,50474.9,50515.1,255.5,224.75,False,
2024-06-03,2024-06-03 11:25:00,50726.05,50739.7,50680.1,50734.2,330.05,210.85,False,
2024-06-03,2024-06-03 11:35:00,50678.75,50712.2,50614.5,50695.5,323.85,252.7,False,
2024-06-03,2024-06-03 12:15:00,50850.3,50852.95,50740.9,50828.45,412.4,82.05,False,
2024-06-04,2024-06-04 10:20:00,49359.1,49409.15,48986.6,49401.95,1509.85,2.1,True,2024-06-04 10:40:00
2024-06-04,2024-06-04 10:45:00,48814.2,48935.9,48618.05,48887.1,1006.4,0.0,True,2024-06-04 10:50:00
2024-06-04,2024-06-04 12:50:00,47258.45,47398.2,46833.05,47382.15,1803.95,199.75,False,
2024-06-04,2024-06-04 13:15:00,47284.35,47288.95,47099.75,47255.85,1322.05,446.25,False,
2024-06-04,2024-06-04 13:30:00,47215.3,47322.75,46943.2,47321.05,1494.95,762.8,False,
2024-06-04,2024-06-04 13:40:00,47316.25,47322.65,47081.95,47296.95,1130.8,786.9,False,
2024-06-04,2024-06-04 14:20:00,47386.4,47399.35,47041.35,47291.6,1140.65,378.95,False,
2024-06-05,2024-06-05 12:10:00,47639.85,47682.75,47568.05,47673.3,616.2,311.5,False,
2024-06-05,2024-06-05 13:40:00,48345.2,48347.55,48254.0,48327.55,675.9,472.4,False,
2024-06-06,2024-06-06 10:25:00,49561.8,49605.85,49497.35,49593.0,458.7,79.75,False,
2024-06-06,2024-06-06 10:30:00,49588.55,49601.3,49513.9,49568.4,479.95,104.35,False,
2024-06-06,2024-06-06 11:15:00,49601.4,49604.7,49548.4,49592.0,362.25,20.6,True,2024-06-06 11:30:00
2024-06-06,2024-06-06 14:30:00,49091.2,49105.5,48999.85,49064.3,347.7,252.85,False,
2024-06-07,2024-06-07 10:20:00,49327.65,49360.1,49228.05,49345.7,366.85,314.9,False,
2024-06-07,2024-06-07 11:20:00,49625.25,49630.0,49571.5,49609.85,449.35,322.3,False,
2024-06-07,2024-06-07 12:15:00,49833.9,49844.8,49730.95,49800.05,368.15,143.15,False,
2024-06-07,2024-06-07 14:25:00,49843.75,49850.25,49761.5,49818.7,201.5,31.15,True,2024-06-07 14:40:00
2024-06-07,2024-06-07 14:55:00,49857.4,49866.6,49824.1,49847.35,201.5,0.0,True,2024-06-07 15:00:00
2024-06-10,2024-06-10 11:35:00,49952.5,49968.95,49915.9,49963.25,247.8,10.45,True,2024-06-10 11:55:00
2024-06-10,2024-06-10 11:40:00,49964.15,49973.7,49919.25,49949.55,247.8,23.6,True,2024-06-10 11:55:00
2024-06-10,2024-06-10 14:15:00,50046.3,50057.8,50023.45,50054.25,201.1,0.0,True,2024-06-10 14:20:00
2024-06-10,2024-06-10 14:35:00,49836.45,49886.7,49716.8,49886.7,260.3,15.5,False,
2024-06-10,2024-06-10 14:40:00,49887.15,49902.2,49815.35,49895.25,382.4,0.0,True,2024-06-10 14:45:00
2024-06-11,2024-06-11 11:00:00,49852.15,49867.15,49812.6,49864.4,228.35,23.95,True,2024-06-11 11:25:00
2024-06-11,2024-06-11 14:10:00,49831.9,49835.55,49777.6,49814.55,201.5,37.2,False,
2024-06-19,2024-06-19 10:30:00,50737.15,50824.4,50594.85,50798.25,536.15,381.65,False,
2024-06-20,2024-06-20 13:45:00,51807.9,51818.55,51749.25,51792.65,254.3,0.0,True,2024-06-20 13:50:00
2024-06-24,2024-06-24 10:55:00,51459.65,51464.8,51423.55,51449.0,354.2,269.95,False,
2024-06-25,2024-06-25 10:50:00,52161.3,52167.7,52125.0,52154.35,211.4,33.9,True,2024-06-25 11:10:00
2024-06-26,2024-06-26 10:25:00,52516.1,52525.55,52467.55,52523.5,281.5,109.5,False,
2024-06-27,2024-06-27 10:45:00,52741.75,52742.0,52668.65,52720.05,444.9,243.65,False,
2024-06-28,2024-06-28 11:50:00,52805.1,52811.95,52776.15,52810.8,272.3,3.9,True,2024-06-28 12:05:00
2024-06-28,2024-06-28 13:20:00,52475.15,52486.85,52456.15,52482.25,292.15,146.1,False,
2024-07-03,2024-07-03 10:20:00,53066.35,53073.85,53008.65,53050.95,607.9,205.75,False,
2024-07-03,2024-07-03 11:00:00,53131.85,53151.0,53029.85,53102.75,248.05,1.65,True,2024-07-03 11:20:00
2024-07-03,2024-07-03 11:25:00,53023.6,53052.35,52967.4,53045.4,246.55,74.1,False,
2024-07-03,2024-07-03 11:40:00,53078.0,53087.1,53057.05,53083.25,200.3,36.25,True,2024-07-03 12:05:00
2024-07-04,2024-07-04 10:45:00,52910.2,52916.3,52815.9,52879.85,361.85,23.3,False,
2024-07-04,2024-07-04 11:00:00,52861.6,52876.3,52823.0,52871.6,406.2,76.25,False,
2024-07-04,2024-07-04 11:15:00,52881.35,52897.25,52863.0,52890.2,386.4,57.65,False,
2024-07-04,2024-07-04 14:40:00,53153.55,53167.7,53122.45,53163.55,263.0,24.5,True,2024-07-04 14:55:00
2024-07-08,2024-07-08 10:45:00,52562.55,52564.9,52527.6,52553.2,293.6,0.0,True,2024-07-08 10:50:00
2024-07-08,2024-07-08 10:55:00,52516.9,52522.0,52463.6,52509.25,264.05,13.95,True,2024-07-08 11:05:00
2024-07-08,2024-07-08 11:10:00,52447.3,52452.35,52388.75,52450.7,269.15,19.0,True,2024-07-08 11:40:00
2024-07-08,2024-07-08 11:30:00,52433.15,52444.8,52401.85,52439.3,287.8,4.85,True,2024-07-08 11:40:00
2024-07-10,2024-07-10 10:40:00,52128.45,52165.75,52077.9,52151.15,277.9,9.5,False,
2024-07-10,2024-07-10 11:00:00,52135.6,52152.5,52105.4,52148.15,291.6,11.9,False,
2024-07-11,2024-07-11 14:20:00,52193.55,52196.25,52134.55,52174.75,366.75,120.95,False,
2024-07-12,2024-07-12 12:00:00,52507.2,52511.45,52468.5,52496.9,346.15,79.7,False,
2024-07-19,2024-07-19 11:15:00,52297.2,52314.1,52257.95,52314.1,329.15,83.65,False,
2024-07-22,2024-07-22 10:35:00,52412.05,52413.5,52348.75,52396.2,272.4,30.8,True,2024-07-22 10:55:00
2024-07-23,2024-07-23 10:15:00,52215.1,52227.35,52124.45,52193.4,459.0,141.8,False,
2024-07-23,2024-07-23 11:45:00,52129.55,52158.35,52084.65,52146.2,626.35,102.9,True,2024-07-23 12:15:00
2024-07-23,2024-07-23 14:20:00,51738.9,51763.55,51688.6,51760.5,496.7,325.85,False,
2024-07-24,2024-07-24 10:35:00,51526.55,51530.3,51406.15,51497.95,583.3,32.45,True,2024-07-24 10:55:00
2024-07-24,2024-07-24 11:15:00,51190.15,51236.95,51136.2,51214.25,677.8,4.35,True,2024-07-24 11:25:00
2024-07-24,2024-07-24 12:05:00,51130.35,51144.9,51050.4,51111.25,351.4,7.65,True,2024-07-24 12:15:00
2024-07-24,2024-07-24 12:20:00,50904.75,50914.5,50784.25,50881.7,331.5,85.3,False,
2024-07-25,2024-07-25 11:50:00,50848.95,50851.9,50811.0,50840.35,227.9,25.0,True,2024-07-25 12:05:00
2024-07-26,2024-07-26 10:20:00,50780.9,50785.65,50739.7,50770.85,259.45,14.95,True,2024-07-26 10:45:00
2024-07-30,2024-07-30 14:05:00,51834.4,51841.2,51784.85,51819.55,330.0,75.9,False,
2024-08-01,2024-08-01 14:30:00,51494.2,51512.05,51467.35,51507.4,238.5,88.4,True,2024-08-01 15:00:00
2024-08-02,2024-08-02 10:40:00,51421.1,51424.8,51379.7,51407.65,274.75,127.25,False,
2024-08-06,2024-08-06 11:40:00,50189.35,50204.75,50152.05,50200.3,347.65,0.0,True,2024-08-06 11:45:00
2024-08-06,2024-08-06 13:50:00,49816.8,49870.05,49725.2,49845.7,382.2,79.55,True,2024-08-06 14:15:00
2024-08-07,2024-08-07 13:00:00,49942.8,49945.85,49893.9,49930.05,222.15,26.35,True,2024-08-07 13:15:00
2024-08-16,2024-08-16 10:30:00,49876.5,49915.9,49806.05,49901.6,380.3,115.15,False,
2024-08-16,2024-08-16 11:00:00,49955.9,49967.25,49931.75,49965.75,214.25,0.0,True,2024-08-16 11:05:00
2024-08-16,2024-08-16 14:15:00,50575.2,50580.55,50542.55,50564.9,242.4,14.65,True,2024-08-16 14:25:00
2024-08-19,2024-08-19 10:25:00,50396.25,50413.1,50361.85,50408.45,297.65,82.3,False,
2024-08-19,2024-08-19 11:50:00,50519.4,50529.8,50500.9,50525.4,206.3,28.6,True,2024-08-19 12:05:00
2024-08-20,2024-08-20 10:45:00,50777.9,50786.85,50751.8,50785.9,239.1,0.0,True,2024-08-20 11:00:00
2024-08-20,2024-08-20 12:00:00,50933.45,50936.25,50915.6,50930.25,223.35,61.05,False,
2024-08-21,2024-08-21 11:10:00,50394.2,50422.4,50343.85,50414.0,224.75,276.65,False,
2024-09-06,2024-09-06 10:15:00,50987.8,50987.8,50868.2,50958.35,481.8,111.8,False,
2024-09-06,2024-09-06 11:30:00,50894.6,50894.6,50850.55,50886.2,220.8,42.0,False,
2024-09-06,2024-09-06 14:50:00,50560.7,50560.75,50447.3,50540.55,274.75,105.55,False,
2024-09-09,2024-09-09 10:20:00,50572.75,50585.5,50547.05,50579.15,310.1,231.0,False,
2024-09-10,2024-09-10 10:50:00,51080.1,51086.9,51058.3,51086.9,236.15,112.8,False,
2024-09-11,2024-09-11 11:25:00,51274.2,51284.95,51218.5,51282.6,208.8,43.0,True,2024-09-11 11:35:00
2024-09-11,2024-09-11 12:10:00,51186.9,51187.1,51130.55,51181.1,301.35,26.7,False,
2024-09-11,2024-09-11 12:20:00,51161.0,51180.9,51116.0,51179.15,267.15,28.65,False,
2024-09-12,2024-09-12 12:05:00,51179.25,51197.25,51152.9,51191.65,200.25,23.9,True,2024-09-12 12:20:00
2024-09-12,2024-09-12 14:55:00,51621.75,51632.4,51596.35,51627.85,402.4,250.25,False,
2024-09-19,2024-09-19 11:40:00,52946.0,52955.75,52847.9,52915.95,301.35,95.9,False,
2024-09-19,2024-09-19 12:05:00,52983.8,52997.8,52956.55,52994.65,311.85,16.6,True,2024-09-19 12:15:00
2024-09-20,2024-09-20 14:05:00,53396.75,53426.85,53348.05,53416.1,581.55,78.65,True,2024-09-20 14:20:00
2024-09-30,2024-09-30 10:50:00,53248.8,53250.8,53214.15,53241.4,205.8,116.2,False,
2024-10-04,2024-10-04 10:35:00,51907.5,51919.8,51848.25,51917.9,287.4,325.85,False,
2024-10-04,2024-10-04 13:45:00,51553.1,51555.5,51463.75,51539.95,455.35,57.6,False,
2024-10-07,2024-10-07 11:30:00,51357.15,51371.05,51284.25,51339.7,455.95,0.0,True,2024-10-07 11:35:00
2024-10-07,2024-10-07 13:40:00,50433.1,50440.0,50194.3,50380.0,728.15,489.55,False,
2024-10-08,2024-10-08 10:45:00,51014.75,51033.75,50968.7,51026.9,349.65,63.15,False,
2024-10-10,2024-10-10 13:45:00,51556.45,51561.05,51513.1,51546.25,234.65,0.0,True,2024-10-10 13:50:00
2024-10-10,2024-10-10 14:05:00,51562.65,51563.1,51527.05,51553.8,213.75,98.9,False,
2024-10-11,2024-10-11 10:45:00,51348.45,51371.1,51317.25,51361.15,215.0,6.45,True,2024-10-11 10:55:00
2024-10-11,2024-10-11 12:10:00,51093.05,51096.75,51055.95,51087.9,221.15,88.9,False,
2024-10-15,2024-10-15 10:55:00,51865.5,51870.7,51748.85,51826.95,255.85,6.85,True,2024-10-15 11:20:00
2024-10-15,2024-10-15 11:35:00,51751.35,51768.2,51732.9,51760.55,265.1,132.1,False,
2024-10-18,2024-10-18 11:50:00,51750.3,51754.95,51698.65,51744.0,327.55,111.0,False,
2024-10-18,2024-10-18 14:05:00,52066.0,52095.55,52018.9,52085.05,318.85,103.5,False,
2024-10-22,2024-10-22 12:30:00,51578.6,51611.8,51527.05,51599.05,398.25,0.0,True,2024-10-22 12:45:00
2024-10-22,2024-10-22 12:35:00,51591.55,51596.75,51527.15,51572.75,360.15,19.85,True,2024-10-22 12:45:00
2024-10-22,2024-10-22 14:25:00,51553.9,51585.25,51485.45,51569.7,239.25,26.2,True,2024-10-22 14:50:00
2024-10-23,2024-10-23 10:25:00,51226.15,51268.25,51167.1,51251.55,443.65,71.35,False,
2024-10-24,2024-10-24 10:20:00,51641.55,51642.25,51584.1,51622.95,477.25,158.6,False,
2024-10-25,2024-10-25 11:20:00,50689.8,50715.15,50646.7,50703.65,308.3,0.0,True,2024-10-25 11:25:00
2024-10-25,2024-10-25 12:15:00,50617.75,50620.25,50575.6,50607.9,204.5,0.0,True,2024-10-25 12:20:00
2024-10-25,2024-10-25 14:25:00,50423.8,50440.7,50382.1,50432.35,210.25,299.3,False,
2024-10-25,2024-10-25 14:30:00,50437.2,50443.7,50395.65,50442.95,233.7,385.95,False,
2024-10-28,2024-10-28 12:00:00,51415.75,51419.7,51366.3,51411.8,217.6,177.35,False,
2024-10-28,2024-10-28 12:50:00,51395.55,51429.95,51350.0,51413.2,228.15,82.0,False,
2024-10-28,2024-10-28 12:55:00,51417.3,51417.3,51367.25,51401.7,239.15,95.3,False,
2024-10-28,2024-10-28 13:00:00,51405.75,51414.15,51373.85,51414.05,239.15,82.95,False,
2024-10-28,2024-10-28 13:30:00,51470.75,51471.15,51413.0,51463.85,213.15,0.0,True,2024-10-28 13:35:00
2024-10-29,2024-10-29 12:05:00,51733.45,51734.6,51672.75,51718.9,388.6,105.3,False,
2024-10-29,2024-10-29 13:05:00,51914.45,51923.65,51876.75,51903.9,241.7,15.3,True,2024-10-29 13:20:00
2024-10-29,2024-10-29 13:10:00,51909.4,51919.2,51855.15,51894.15,246.95,69.7,True,2024-10-29 13:35:00
2024-10-29,2024-10-29 14:10:00,52247.6,52257.15,52201.85,52252.9,485.2,64.75,False,
2024-10-29,2024-10-29 14:50:00,52292.65,52296.3,52262.5,52286.4,466.2,68.45,False,
2024-10-30,2024-10-30 10:25:00,51801.45,51823.3,51733.0,51822.15,373.7,278.6,False,
2024-10-30,2024-10-30 11:15:00,51934.7,51946.8,51896.6,51940.9,367.75,108.9,False,
2024-10-30,2024-10-30 13:55:00,51868.85,51874.75,51840.05,51874.75,386.3,0.0,True,2024-10-30 14:05:00
2024-10-30,2024-10-30 14:00:00,51868.65,51873.8,51830.7,51857.35,386.3,29.3,True,2024-10-30 14:10:00
2024-10-31,2024-10-31 12:35:00,51468.35,51475.55,51443.2,51460.95,297.4,0.0,True,2024-10-31 12:40:00
2024-11-05,2024-11-05 14:35:00,52149.65,52165.3,52103.7,52162.6,489.4,126.95,False,
2024-11-06,2024-11-06 10:30:00,52228.3,52262.4,52187.35,52246.95,215.35,118.75,False,
2024-11-07,2024-11-07 11:10:00,51970.0,51972.25,51923.25,51957.25,338.5,0.0,True,2024-11-07 11:15:00
2024-11-07,2024-11-07 11:25:00,51863.95,51877.4,51833.75,51873.4,338.5,25.9,True,2024-11-07 11:55:00
2024-11-08,2024-11-08 11:25:00,51636.45,51641.8,51616.0,51630.35,294.0,51.45,True,2024-11-08 11:50:00
2024-11-11,2024-11-11 11:20:00,52137.3,52146.05,52085.3,52123.2,631.75,54.5,False,
2024-11-11,2024-11-11 11:30:00,52137.65,52150.15,52103.45,52145.9,430.4,31.8,False,
2024-11-11,2024-11-11 12:10:00,52075.25,52092.1,52042.95,52091.2,200.35,0.0,True,2024-11-11 12:15:00
2024-11-12,2024-11-12 10:45:00,51702.9,51702.9,51586.35,51681.7,497.0,182.8,False,
2024-11-13,2024-11-13 14:35:00,50257.6,50266.0,50189.8,50262.55,632.85,0.0,True,2024-11-13 14:40:00
2024-11-14,2024-11-14 11:05:00,50025.05,50055.6,49970.3,50042.55,546.5,105.5,False,
2024-11-14,2024-11-14 12:25:00,50270.35,50283.35,50224.85,50255.85,345.35,0.0,True,2024-11-14 12:30:00
2024-11-21,2024-11-21 10:55:00,50119.3,50133.35,50081.0,50130.65,290.9,121.3,False,
2024-11-22,2024-11-22 10:35:00,50782.25,50801.9,50751.6,50796.85,326.0,0.0,True,2024-11-22 10:40:00
2024-11-22,2024-11-22 11:30:00,50729.25,50748.2,50702.25,50739.9,254.0,196.3,False,
2024-11-22,2024-11-22 14:30:00,51147.2,51165.35,51040.05,51157.55,377.45,99.2,False,
2024-11-22,2024-11-22 14:40:00,51121.5,51121.5,51065.5,51103.4,303.75,153.35,False,
2024-11-25,2024-11-25 13:40:00,52043.8,52050.55,52014.95,52036.55,258.1,30.35,True,2024-11-25 13:55:00
2024-11-26,2024-11-26 10:40:00,52107.9,52113.5,52057.7,52096.15,347.9,51.8,False,
2024-11-28,2024-11-28 11:35:00,52099.4,52113.4,52070.6,52108.1,425.35,140.65,False,
2024-12-03,2024-12-03 11:10:00,52685.35,52685.45,52666.45,52681.75,213.7,66.35,False,
2024-12-04,2024-12-04 10:25:00,52986.0,52995.7,52943.95,52994.3,354.2,187.85,False,
2024-12-04,2024-12-04 10:30:00,52993.5,53024.15,52954.1,53010.65,305.45,171.5,False,
2024-12-04,2024-12-04 12:30:00,53091.25,53109.35,53057.15,53101.75,310.55,2.45,True,2024-12-04 12:40:00
2024-12-05,2024-12-05 12:50:00,53495.2,53518.05,53452.65,53507.55,648.95,134.8,False,
2024-12-09,2024-12-09 11:35:00,53700.5,53703.25,53677.5,53702.65,298.55,38.25,True,2024-12-09 11:50:00
2024-12-10,2024-12-10 12:40:00,53378.05,53381.8,53302.65,53355.9,243.15,94.65,False,
2024-12-11,2024-12-11 11:05:00,53492.3,53505.05,53471.85,53499.65,229.15,148.4,False,
2024-12-11,2024-12-11 11:15:00,53493.75,53499.2,53455.55,53484.9,229.15,163.15,False,
2024-12-13,2024-12-13 12:05:00,52999.5,53002.1,52911.75,52982.35,738.75,176.15,False,
2024-12-17,2024-12-17 12:45:00,52899.8,52913.25,52869.25,52911.35,266.0,122.35,True,2024-12-17 13:15:00
2024-12-18,2024-12-18 11:05:00,52289.9,52295.5,52230.9,52275.9,295.25,93.1,False,
2024-12-18,2024-12-18 11:50:00,52259.0,52262.05,52229.5,52249.9,281.3,86.3,True,2024-12-18 12:10:00
2024-12-18,2024-12-18 14:00:00,52195.85,52203.3,52164.35,52202.05,213.45,0.0,True,2024-12-18 14:05:00
2024-12-20,2024-12-20 12:20:00,51270.6,51300.3,51204.45,51290.7,239.1,43.75,True,2024-12-20 12:45:00
2024-12-20,2024-12-20 13:10:00,51113.3,51143.35,51076.65,51129.75,359.45,87.9,True,2024-12-20 13:40:00
2024-12-23,2024-12-23 10:25:00,51330.3,51364.0,51272.75,51348.0,253.3,47.3,False,
2024-12-26,2024-12-26 11:50:00,51199.4,51218.85,51149.15,51211.55,248.5,12.5,True,2024-12-26 12:05:00
2024-12-26,2024-12-26 11:55:00,51212.0,51212.5,51182.65,51203.8,227.2,20.25,True,2024-12-26 12:05:00
2024-12-30,2024-12-30 10:40:00,51465.55,51485.75,51432.4,51481.45,297.25,61.35,True,2024-12-30 11:00:00
2024-12-30,2024-12-30 11:35:00,51710.0,51715.5,51656.4,51693.65,366.7,286.1,False,
2024-12-30,2024-12-30 14:00:00,50857.0,50860.55,50793.4,50843.35,636.55,53.85,True,2024-12-30 14:10:00
2025-01-02,2025-01-02 12:15:00,51129.5,51129.95,51081.6,51119.5,239.9,235.95,False,
2025-01-03,2025-01-03 11:55:00,51331.8,51351.45,51306.3,51343.45,298.95,10.45,True,2025-01-03 12:05:00
2025-01-03,2025-01-03 14:50:00,51063.2,51065.85,51030.1,51065.05,234.25,11.25,True,2025-01-03 15:00:00
2025-01-06,2025-01-06 11:15:00,50260.2,50289.65,50193.1,50278.45,601.25,105.75,True,2025-01-06 11:45:00
2025-01-06,2025-01-06 13:30:00,49931.25,49934.85,49870.55,49915.4,327.7,56.95,True,2025-01-06 13:50:00
2025-01-08,2025-01-08 11:15:00,49664.35,49681.6,49557.15,49643.15,515.8,112.25,False,
2025-01-08,2025-01-08 11:20:00,49643.05,49643.05,49544.35,49610.6,517.65,144.8,False,
2025-01-08,2025-01-08 12:05:00,49565.4,49581.35,49530.2,49576.3,211.55,0.0,True,2025-01-08 12:10:00
2025-01-08,2025-01-08 12:35:00,49527.7,49532.1,49489.5,49530.85,247.35,24.55,True,2025-01-08 12:45:00
2025-01-08,2025-01-08 12:40:00,49537.65,49555.4,49494.5,49547.1,216.95,0.0,True,2025-01-08 12:45:00
2025-01-08,2025-01-08 13:15:00,49431.55,49446.9,49398.05,49441.0,212.45,317.45,False,
2025-01-08,2025-01-08 13:55:00,49770.1,49772.8,49706.45,49758.5,384.35,220.55,False,
2025-01-09,2025-01-09 12:45:00,49341.3,49351.6,49288.4,49324.5,219.25,0.0,True,2025-01-09 12:50:00
2025-01-10,2025-01-10 10:30:00,49015.1,49031.55,48971.75,49023.95,444.2,0.0,True,2025-01-10 10:35:00
2025-01-10,2025-01-10 11:25:00,49234.4,49250.8,49173.8,49214.35,419.7,87.3,True,2025-01-10 11:40:00
2025-01-10,2025-01-10 14:25:00,48752.0,48759.05,48637.6,48733.25,285.6,26.0,False,
2025-01-13,2025-01-13 14:40:00,47954.5,47988.9,47898.35,47976.4,227.65,96.25,False,
2025-01-14,2025-01-14 12:10:00,48535.1,48538.35,48504.05,48531.4,309.55,0.0,True,2025-01-14 12:15:00
2025-01-14,2025-01-14 12:30:00,48478.65,48480.25,48433.1,48479.8,321.7,112.8,False,
2025-01-14,2025-01-14 14:50:00,48679.15,48683.35,48629.95,48674.85,430.85,164.65,False,
2025-01-15,2025-01-15 10:55:00,49038.4,49052.5,49007.15,49048.55,256.95,0.0,True,2025-01-15 11:00:00
2025-01-16,2025-01-16 13:05:00,49412.15,49416.2,49362.65,49402.5,218.25,47.85,False,
2025-01-16,2025-01-16 14:35:00,49219.65,49219.65,49136.5,49199.25,211.3,64.4,False,
2025-01-17,2025-01-17 10:50:00,48413.5,48413.5,48362.45,48398.4,300.0,0.0,True,2025-01-17 10:55:00
2025-01-17,2025-01-17 11:20:00,48441.15,48457.85,48389.75,48449.95,375.4,91.4,False,
2025-01-20,2025-01-20 12:15:00,49315.9,49329.2,49291.75,49325.85,323.8,138.4,False,
2025-01-21,2025-01-21 13:10:00,48848.35,48862.3,48813.1,48857.25,404.35,0.0,True,2025-01-21 13:15:00
2025-01-21,2025-01-21 13:55:00,48764.45,48788.1,48699.2,48777.85,324.9,63.5,False,
2025-01-21,2025-01-21 14:05:00,48831.95,48841.35,48749.85,48804.8,279.5,0.0,True,2025-01-21 14:10:00
2025-01-23,2025-01-23 11:25:00,48711.75,48722.2,48681.05,48720.35,253.6,20.05,True,2025-01-23 11:35:00
2025-01-24,2025-01-24 13:05:00,48553.6,48566.3,48505.45,48566.3,322.45,54.15,True,2025-01-24 13:20:00
2025-01-27,2025-01-27 11:10:00,48093.55,48094.35,48022.15,48076.25,267.45,133.45,False,
2025-01-27,2025-01-27 12:25:00,48313.6,48313.6,48246.7,48295.3,236.2,0.0,True,2025-01-27 12:30:00
2025-01-28,2025-01-28 11:45:00,49007.8,49009.25,48942.8,49006.05,328.25,132.2,False,
2025-01-29,2025-01-29 11:55:00,49050.1,49054.4,49027.9,49044.45,306.05,105.05,False,
2025-01-31,2025-01-31 11:00:00,49346.95,49361.9,49294.6,49330.4,303.95,0.0,True,2025-01-31 11:05:00
2025-01-31,2025-01-31 13:20:00,49628.1,49633.05,49585.3,49632.7,285.1,42.1,True,2025-01-31 13:35:00
2025-01-31,2025-01-31 14:25:00,49382.8,49384.45,49332.0,49371.15,372.7,153.0,False,
2025-01-31,2025-01-31 14:35:00,49441.85,49463.6,49416.4,49453.55,335.7,118.15,False,
2025-02-01,2025-02-01 10:20:00,49775.95,49788.8,49754.4,49782.95,304.0,7.35,True,2025-02-01 10:35:00
2025-02-01,2025-02-01 13:10:00,49029.3,49078.2,48925.45,49065.1,776.55,359.85,False,
2025-02-01,2025-02-01 13:35:00,49262.3,49302.75,49144.1,49297.9,451.45,204.75,False,
2025-02-03,2025-02-03 12:20:00,49193.0,49204.0,49172.75,49199.25,214.0,40.65,True,2025-02-03 12:45:00
2025-02-04,2025-02-04 12:00:00,49812.95,49823.75,49768.5,49818.5,229.6,182.25,False,
2025-02-06,2025-02-06 14:50:00,50343.95,50346.95,50289.3,50338.55,200.9,99.2,False,
2025-02-07,2025-02-07 10:25:00,50188.1,50188.1,50042.3,50142.6,498.4,157.4,False,
2025-02-10,2025-02-10 10:15:00,49774.55,49792.3,49716.9,49792.3,386.4,41.55,False,
2025-02-11,2025-02-11 14:40:00,49350.65,49353.3,49304.45,49344.35,211.05,133.3,False,
2025-02-12,2025-02-12 11:20:00,49063.1,49083.65,49003.95,49080.0,371.3,369.6,False,
2025-02-12,2025-02-12 11:50:00,49313.2,49352.85,49233.7,49349.0,481.35,83.05,False,
2025-02-13,2025-02-13 13:40:00,49351.25,49378.25,49307.5,49365.05,394.75,0.0,True,2025-02-13 13:45:00
2025-02-13,2025-02-13 14:30:00,49338.6,49351.9,49279.7,49321.4,210.1,107.6,False,
2025-02-14,2025-02-14 14:55:00,49143.75,49143.75,49025.7,49108.35,518.95,44.95,False,
2025-02-17,2025-02-17 12:20:00,48772.15,48775.45,48729.45,48761.25,223.05,161.5,False,
2025-02-18,2025-02-18 10:20:00,48935.2,48936.25,48847.4,48923.55,283.0,60.4,False,
2025-02-21,2025-02-21 10:15:00,48826.85,48858.8,48764.0,48847.35,484.15,60.7,False,
2025-02-21,2025-02-21 13:45:00,48836.2,48850.75,48799.8,48850.05,201.15,131.2,False,
2025-03-06,2025-03-06 10:50:00,48543.65,48556.6,48523.85,48550.15,300.65,0.0,True,2025-03-06 10:55:00
2025-03-18,2025-03-18 12:55:00,48985.7,48997.4,48960.1,48997.4,212.85,101.8,False,
2025-03-19,2025-03-19 10:25:00,49658.45,49668.2,49626.85,49666.1,268.3,82.9,False,
2025-03-19,2025-03-19 11:10:00,49711.2,49724.65,49671.85,49719.9,252.2,35.35,False,
2025-03-21,2025-03-21 10:55:00,50446.9,50459.95,50413.75,50454.55,336.4,78.1,False,
2025-03-21,2025-03-21 14:45:00,50437.15,50446.2,50391.55,50422.0,238.75,230.0,False,
2025-03-25,2025-03-25 11:00:00,51849.25,51849.25,51781.05,51844.95,293.25,37.2,True,2025-03-25 11:20:00
2025-03-25,2025-03-25 12:40:00,51649.35,51667.85,51603.8,51661.65,231.25,7.3,False,
2025-03-25,2025-03-25 14:00:00,51708.5,51711.45,51666.7,51699.35,220.25,88.3,True,2025-03-25 14:25:00
2025-03-26,2025-03-26 10:15:00,51749.8,51773.3,51704.95,51763.15,258.45,112.65,True,2025-03-26 10:45:00
2025-03-26,2025-03-26 11:10:00,51589.8,51599.15,51546.2,51595.95,366.1,30.5,False,
2025-03-26,2025-03-26 11:40:00,51555.95,51557.6,51510.95,51548.75,294.65,18.7,True,2025-03-26 11:55:00
2025-03-27,2025-03-27 10:25:00,51600.15,51612.45,51571.1,51611.65,306.2,0.0,True,2025-03-27 10:30:00
2025-03-28,2025-03-28 11:40:00,51497.85,51500.5,51445.0,51492.45,302.05,113.95,False,
2025-04-01,2025-04-01 10:50:00,51089.7,51092.85,51046.6,51079.85,658.8,0.0,True,2025-04-01 10:55:00
2025-04-02,2025-04-02 10:30:00,51184.6,51202.5,51145.05,51196.75,275.65,79.35,False,
2025-04-02,2025-04-02 10:55:00,51193.35,51215.8,51155.1,51209.15,236.0,66.95,False,
2025-04-03,2025-04-03 10:15:00,51399.7,51407.4,51345.6,51407.4,531.05,120.7,False,
2025-04-07,2025-04-07 13:10:00,49320.1,49344.3,49249.65,49333.45,314.5,0.0,True,2025-04-07 13:15:00
2025-04-07,2025-04-07 14:25:00,49563.7,49597.5,49515.25,49580.75,337.35,109.5,False,
2025-04-08,2025-04-08 12:40:00,50662.8,50695.15,50606.05,50681.6,595.95,40.9,False,
2025-04-08,2025-04-08 14:55:00,50515.4,50539.3,50458.4,50529.85,344.8,0.0,True,2025-04-08 15:00:00
2025-04-09,2025-04-09 10:35:00,50117.2,50121.75,50033.95,50097.9,366.75,55.85,True,2025-04-09 11:00:00
2025-04-09,2025-04-09 11:35:00,50111.25,50129.25,50057.35,50126.4,242.9,84.45,False,
2025-04-09,2025-04-09 11:50:00,50144.35,50148.25,50093.4,50131.85,300.0,0.0,True,2025-04-09 11:55:00
2025-04-09,2025-04-09 12:00:00,50092.0,50114.9,50034.85,50109.0,300.0,115.9,False,
2025-04-09,2025-04-09 12:10:00,50127.05,50129.8,50096.7,50129.3,300.0,108.25,False,
2025-04-09,2025-04-09 12:50:00,50227.5,50232.15,50156.7,50207.65,217.1,98.95,False,
2025-04-11,2025-04-11 12:20:00,51204.9,51205.65,51170.15,51197.15,277.25,28.25,True,2025-04-11 12:35:00
2025-04-11,2025-04-11 14:20:00,50988.8,50995.7,50955.25,50980.45,200.15,0.0,True,2025-04-11 14:25:00
2025-04-16,2025-04-16 11:45:00,52796.15,52799.7,52761.45,52786.4,201.85,7.4,True,2025-04-16 11:55:00
2025-04-22,2025-04-22 12:10:00,55715.25,55740.15,55668.55,55728.4,315.0,16.5,False,
2025-04-22,2025-04-22 12:20:00,55673.15,55692.7,55628.0,55688.2,294.0,56.7,False,
2025-04-25,2025-04-25 10:15:00,54665.1,54669.3,54540.3,54631.5,870.2,67.1,True,2025-04-25 10:25:00
2025-04-25,2025-04-25 14:35:00,54721.6,54727.9,54645.6,54705.85,264.45,92.1,False,
2025-04-25,2025-04-25 14:40:00,54700.95,54701.55,54642.4,54688.6,265.4,109.35,False,
2025-04-28,2025-04-28 12:35:00,55502.4,55503.15,55470.3,55498.85,302.45,0.0,True,2025-04-28 12:40:00
2025-04-30,2025-04-30 10:20:00,55235.65,55274.8,55181.25,55256.3,354.65,0.0,True,2025-04-30 10:25:00
2025-04-30,2025-04-30 10:35:00,55112.75,55123.0,55047.3,55101.8,365.95,139.6,False,
2025-05-02,2025-05-02 11:10:00,55358.7,55373.5,55321.6,55370.45,254.8,51.55,True,2025-05-02 11:20:00
2025-05-02,2025-05-02 12:40:00,55067.25,55094.15,54994.4,55092.1,247.1,93.8,False,
2025-05-02,2025-05-02 13:35:00,55258.3,55275.4,55212.0,55268.1,296.35,15.45,False,
2025-05-05,2025-05-05 10:45:00,55146.25,55154.0,55100.2,55133.8,240.4,0.0,True,2025-05-05 10:50:00
2025-05-05,2025-05-05 11:50:00,54871.4,54877.8,54824.6,54856.65,280.1,54.25,True,2025-05-05 12:15:00
2025-05-07,2025-05-07 10:35:00,54354.95,54357.15,54288.65,54340.65,431.35,44.65,True,2025-05-07 10:50:00
2025-05-07,2025-05-07 10:55:00,54282.1,54285.25,54244.2,54271.3,321.45,172.35,False,
2025-05-07,2025-05-07 11:35:00,54461.9,54472.6,54396.55,54441.5,233.65,0.0,True,2025-05-07 11:45:00
2025-05-12,2025-05-12 10:45:00,55229.7,55243.6,55196.5,55238.0,269.3,109.6,False,
2025-05-13,2025-05-13 10:45:00,55074.95,55093.55,55040.2,55088.45,269.55,225.55,False,
2025-05-13,2025-05-13 10:55:00,55126.25,55164.75,55054.75,55156.5,269.55,157.5,False,
2025-05-14,2025-05-14 10:20:00,55082.95,55094.1,55064.95,55091.15,224.6,0.0,True,2025-05-14 10:25:00
2025-05-14,2025-05-14 12:55:00,54577.55,54600.35,54537.65,54590.65,406.3,121.95,False,
2025-05-14,2025-05-14 13:30:00,54677.45,54681.1,54654.3,54673.35,337.0,0.0,True,2025-05-14 13:35:00
2025-05-15,2025-05-15 14:00:00,55361.0,55393.2,55286.85,55386.55,644.55,104.0,False,
2025-05-19,2025-05-19 10:45:00,55557.5,55570.7,55537.95,55567.1,237.65,100.05,False,
2025-05-19,2025-05-19 11:00:00,55609.65,55628.05,55578.25,55622.3,286.8,49.2,False,
2025-05-19,2025-05-19 14:10:00,55406.3,55406.3,55355.9,55399.6,215.9,57.9,False,
2025-05-20,2025-05-20 11:10:00,55218.7,55223.45,55175.5,55208.3,204.65,0.0,True,2025-05-20 11:15:00
2025-05-20,2025-05-20 11:30:00,55134.9,55148.75,55104.0,55143.85,217.3,24.1,True,2025-05-20 11:40:00
2025-05-21,2025-05-21 13:50:00,54995.15,54997.25,54965.5,54988.3,292.75,33.8,True,2025-05-21 14:00:00
2025-05-22,2025-05-22 14:50:00,54819.8,54829.25,54760.7,54808.6,242.0,187.5,False,
2025-05-23,2025-05-23 12:10:00,55254.2,55259.3,55195.45,55236.4,239.55,197.25,False,
2025-05-23,2025-05-23 12:25:00,55345.35,55351.25,55312.8,55349.6,239.55,84.05,False,
2025-05-26,2025-05-26 11:10:00,55476.0,55483.65,55454.55,55480.1,475.25,96.15,True,2025-05-26 11:35:00
2025-05-27,2025-05-27 10:15:00,55109.55,55117.5,55056.7,55098.1,473.7,61.8,False,
2025-05-27,2025-05-27 13:05:00,55405.85,55428.1,55367.7,55424.9,309.5,32.5,True,2025-05-27 13:15:00
2025-05-29,2025-05-29 10:15:00,55352.7,55364.15,55294.65,55335.1,409.1,49.9,True,2025-05-29 10:35:00
2025-05-29,2025-05-29 10:30:00,55315.6,55322.6,55256.5,55306.5,260.5,33.2,True,2025-05-29 10:40:00
2025-06-02,2025-06-02 10:15:00,55585.55,55586.8,55553.9,55577.85,386.55,108.6,False,
2025-06-02,2025-06-02 10:20:00,55578.0,55598.45,55551.5,55589.95,282.8,96.5,False,
2025-06-03,2025-06-03 10:40:00,55806.45,55825.05,55746.15,55817.45,241.2,43.9,True,2025-06-03 11:10:00
2025-06-03,2025-06-03 11:25:00,55729.85,55762.55,55684.35,55750.5,345.85,54.8,False,
2025-06-03,2025-06-03 11:45:00,55710.9,55727.95,55675.95,55722.65,201.95,27.15,True,2025-06-03 12:15:00
2025-06-06,2025-06-06 11:50:00,56588.15,56599.55,56567.3,56594.0,277.7,56.2,True,2025-06-06 12:15:00
2025-06-10,2025-06-10 11:00:00,56628.35,56637.15,56602.8,56637.15,200.35,48.65,True,2025-06-10 11:30:00
2025-06-10,2025-06-10 11:20:00,56654.15,56660.6,56630.6,56657.75,201.9,0.0,True,2025-06-10 11:25:00
2025-06-16,2025-06-16 10:50:00,55644.0,55659.45,55618.85,55655.25,316.9,146.45,False,
2025-06-17,2025-06-17 10:20:00,55909.65,55915.1,55887.55,55913.55,217.55,44.8,True,2025-06-17 10:45:00
2025-06-23,2025-06-23 14:30:00,56065.75,56090.4,56021.3,56080.25,204.0,16.25,False,
2025-06-24,2025-06-24 13:00:00,56694.3,56703.4,56587.3,56661.15,373.35,29.65,True,2025-06-24 13:10:00
2025-06-24,2025-06-24 13:55:00,56407.5,56425.2,56355.55,56420.1,463.55,0.0,True,2025-06-24 14:00:00
2025-06-24,2025-06-24 14:25:00,56392.35,56409.1,56352.05,56405.25,229.45,108.1,False,
2025-06-24,2025-06-24 14:50:00,56461.75,56473.7,56434.2,56472.5,209.6,40.85,False,
2025-06-26,2025-06-26 12:25:00,56954.35,56960.0,56931.1,56948.15,468.75,0.0,True,2025-06-26 12:30:00
2025-06-27,2025-06-27 10:20:00,57195.55,57196.35,57168.85,57188.9,221.85,120.95,False,
2025-06-27,2025-06-27 10:35:00,57249.9,57253.15,57184.95,57243.8,267.75,96.95,False,
2025-06-30,2025-06-30 13:15:00,57349.85,57364.2,57320.7,57358.45,214.1,29.6,True,2025-06-30 13:45:00
2025-07-03,2025-07-03 14:05:00,56966.45,56970.15,56928.1,56957.4,208.9,0.0,True,2025-07-03 14:10:00
2025-07-04,2025-07-04 11:45:00,56717.35,56718.1,56664.05,56713.85,203.15,0.2,True,2025-07-04 11:55:00
2025-07-04,2025-07-04 14:50:00,57013.5,57018.9,56986.5,57005.7,280.75,43.15,False,
2025-07-07,2025-07-07 11:30:00,56967.6,56981.85,56947.55,56975.85,255.25,29.0,True,2025-07-07 11:45:00
2025-07-11,2025-07-11 10:45:00,56718.25,56718.25,56681.35,56707.3,314.7,52.1,True,2025-07-11 11:00:00
2025-07-18,2025-07-18 10:20:00,56347.55,56362.55,56289.95,56357.25,262.4,19.35,True,2025-07-18 10:30:00
2025-07-24,2025-07-24 14:05:00,57110.8,57115.2,57081.4,57104.65,276.6,46.4,True,2025-07-24 14:25:00
2025-07-25,2025-07-25 11:15:00,56659.55,56676.3,56626.85,56674.05,296.95,104.75,True,2025-07-25 11:45:00
2025-07-25,2025-07-25 11:25:00,56695.1,56697.7,56655.5,56689.45,237.6,89.35,True,2025-07-25 11:35:00
2025-07-25,2025-07-25 12:00:00,56567.35,56570.5,56531.1,56557.3,230.1,15.15,True,2025-07-25 12:15:00
2025-07-29,2025-07-29 10:15:00,56049.85,56067.05,55974.6,56028.7,305.7,20.85,True,2025-07-29 10:25:00
2025-07-29,2025-07-29 11:05:00,55957.2,55969.45,55929.7,55967.6,238.6,126.85,False,
2025-07-30,2025-07-30 11:40:00,56244.5,56270.95,56191.5,56268.75,256.6,45.35,False,
2025-07-30,2025-07-30 11:45:00,56262.0,56277.7,56239.5,56272.3,256.6,41.8,True,2025-07-30 12:10:00
2025-07-31,2025-07-31 10:20:00,55597.6,55614.5,55547.35,55614.5,339.15,105.8,False,
2025-07-31,2025-07-31 11:15:00,55808.85,55818.35,55789.55,55817.15,330.2,304.6,False,
2025-07-31,2025-07-31 12:40:00,56240.1,56251.85,56168.9,56216.4,367.95,146.2,False,
2025-07-31,2025-07-31 14:40:00,56220.65,56238.7,56146.3,56197.05,288.55,0.0,True,2025-07-31 14:45:00
2025-08-05,2025-08-05 13:30:00,55302.85,55308.95,55274.25,55306.2,210.4,4.7,True,2025-08-05 13:40:00
2025-08-06,2025-08-06 12:25:00,55427.0,55440.85,55381.0,55412.85,208.05,50.4,True,2025-08-06 12:50:00
2025-08-06,2025-08-06 13:40:00,55545.8,55547.1,55452.4,55515.65,207.85,1.85,True,2025-08-06 14:05:00
2025-08-11,2025-08-11 10:30:00,55279.4,55292.55,55250.95,55288.4,251.6,31.3,False,
2025-08-11,2025-08-11 14:20:00,55406.7,55407.75,55365.9,55398.4,220.0,111.3,False,
2025-08-12,2025-08-12 12:40:00,55395.0,55402.2,55358.25,55383.85,207.75,0.0,True,2025-08-12 12:45:00
2025-08-25,2025-08-25 10:20:00,55106.05,55117.9,55086.55,55114.3,257.6,21.5,True,2025-08-25 10:30:00
2025-09-03,2025-09-03 14:20:00,53881.65,53888.45,53856.7,53874.3,224.8,118.7,False,
2025-09-05,2025-09-05 10:20:00,53814.9,53839.15,53746.2,53830.2,446.3,107.15,False,
2025-09-05,2025-09-05 13:40:00,53949.65,53954.0,53929.95,53945.2,240.75,194.7,False,
2025-09-05,2025-09-05 13:50:00,54020.4,54026.4,53983.6,54024.7,344.55,115.2,False,
2025-09-08,2025-09-08 11:55:00,54264.7,54272.7,54232.65,54269.35,236.35,46.5,False,
2025-09-10,2025-09-10 10:55:00,54613.05,54621.4,54584.75,54604.6,244.95,62.65,True,2025-09-10 11:15:00
2025-09-18,2025-09-18 13:10:00,55577.6,55582.9,55535.5,55570.85,290.4,84.45,False,
2025-09-18,2025-09-18 13:15:00,55569.45,55569.45,55535.2,55559.5,286.8,107.55,False,
2025-09-22,2025-09-22 14:55:00,55299.75,55302.95,55246.55,55286.8,281.4,42.0,False,
2025-09-26,2025-09-26 14:15:00,54371.3,54371.3,54324.9,54359.25,267.5,57.9,False,
2025-09-29,2025-09-29 12:00:00,54377.7,54389.5,54330.35,54364.65,272.9,0.0,True,2025-09-29 12:05:00
2025-10-01,2025-10-01 10:45:00,54933.85,54956.45,54889.95,54948.8,284.65,205.7,False,
2025-10-01,2025-10-01 12:00:00,55362.15,55368.5,55314.4,55365.85,420.1,0.0,True,2025-10-01 12:05:00
2025-10-01,2025-10-01 12:45:00,55253.15,55265.65,55193.35,55260.2,214.6,25.7,False,
2025-10-03,2025-10-03 10:35:00,55470.8,55478.05,55429.9,55462.5,245.75,0.0,True,2025-10-03 10:40:00
2025-10-07,2025-10-07 11:35:00,56261.0,56267.85,56198.65,56246.9,202.65,135.9,False,
2025-10-08,2025-10-08 11:20:00,55867.45,55889.6,55833.35,55879.8,298.7,105.2,False,
2025-10-08,2025-10-08 11:45:00,55898.2,55914.8,55868.85,55912.85,254.05,72.15,False,
2025-10-08,2025-10-08 11:55:00,55948.05,55956.9,55914.25,55939.05,235.8,0.0,True,2025-10-08 12:00:00
2025-10-09,2025-10-09 10:50:00,56031.2,56033.55,55976.8,56027.35,230.85,163.3,False,
2025-10-13,2025-10-13 10:55:00,56584.05,56590.0,56527.3,56569.0,233.1,84.7,False,
2025-10-13,2025-10-13 14:40:00,56726.2,56732.05,56667.55,56714.4,233.75,26.9,True,2025-10-13 15:00:00
2025-10-14,2025-10-14 11:25:00,56349.45,56359.95,56306.35,56355.15,267.6,68.85,False,
2025-10-14,2025-10-14 14:55:00,56525.1,56545.55,56474.3,56535.9,259.25,13.9,True,2025-10-14 15:20:00
2025-10-17,2025-10-17 10:20:00,57525.7,57547.2,57503.55,57536.65,287.45,145.15,False,
2025-10-17,2025-10-17 11:05:00,57756.65,57786.0,57704.65,57776.85,381.85,51.45,False,
2025-10-17,2025-10-17 11:40:00,57800.7,57817.05,57721.65,57775.15,244.85,13.85,False,
2025-10-17,2025-10-17 11:45:00,57772.75,57777.9,57709.3,57767.5,244.85,21.5,False,
2025-10-17,2025-10-17 11:50:00,57765.65,57765.65,57644.6,57728.45,244.85,68.9,False,
2025-10-20,2025-10-20 11:25:00,58164.0,58184.6,58125.9,58176.7,201.2,37.2,False,
2025-10-24,2025-10-24 10:45:00,57843.9,57858.05,57817.0,57852.05,266.0,37.2,False,
2025-10-31,2025-10-31 11:20:00,57853.65,57880.7,57808.25,57869.55,326.25,126.2,False,
2025-10-31,2025-10-31 12:05:00,58012.5,58017.0,57967.45,58002.55,322.25,0.0,True,2025-10-31 12:10:00
2025-11-03,2025-11-03 13:25:00,58152.5,58163.95,58117.85,58161.45,206.9,50.15,True,2025-11-03 13:45:00
2025-11-04,2025-11-04 11:45:00,57845.4,57845.85,57821.2,57838.55,248.85,75.5,False,
2025-11-07,2025-11-07 10:15:00,57283.95,57294.65,57266.75,57289.4,275.2,216.4,False,
2025-11-07,2025-11-07 13:10:00,57881.9,57886.5,57841.9,57873.4,255.6,121.85,False,
2025-11-13,2025-11-13 10:40:00,58526.05,58533.35,58511.0,58532.35,272.1,76.85,False,
2025-11-13,2025-11-13 10:55:00,58559.05,58566.25,58531.3,58551.65,237.1,57.55,True,2025-11-13 11:20:00
2025-11-19,2025-11-19 12:50:00,59050.9,59058.1,59006.95,59040.3,221.2,41.8,False,
2025-11-26,2025-11-26 10:25:00,59418.35,59427.0,59367.75,59423.25,457.35,92.05,False,
2025-11-27,2025-11-27 13:15:00,59658.7,59671.1,59621.5,59669.8,200.85,0.0,True,2025-11-27 13:20:00
2025-11-27,2025-11-27 14:00:00,59670.8,59675.0,59621.65,59658.15,295.25,108.75,False,
2025-12-01,2025-12-01 14:55:00,59586.15,59599.55,59527.6,59571.4,255.05,173.85,False,
2025-12-02,2025-12-02 10:15:00,59471.45,59490.0,59436.9,59484.25,272.25,99.2,False,
2025-12-03,2025-12-03 12:05:00,59110.8,59119.6,59079.7,59118.6,213.45,71.4,False,
2025-12-04,2025-12-04 11:45:00,59286.65,59303.25,59238.9,59301.2,271.2,4.65,True,2025-12-04 12:15:00
2025-12-05,2025-12-05 12:40:00,59699.7,59720.0,59665.8,59710.75,219.0,52.0,False,
2025-12-08,2025-12-08 13:50:00,59163.45,59169.85,59135.1,59167.25,291.7,0.65,True,2025-12-08 14:00:00
2025-12-08,2025-12-08 14:15:00,59103.7,59125.45,59030.6,59116.3,276.4,88.8,False,
2025-12-08,2025-12-08 14:25:00,59138.85,59146.4,59107.2,59131.0,210.2,117.05,False,
2025-12-09,2025-12-09 10:35:00,59082.85,59092.9,59022.05,59092.45,299.5,134.15,False,
2025-12-09,2025-12-09 11:30:00,59201.4,59235.3,59160.5,59220.75,243.15,22.45,True,2025-12-09 11:40:00
2025-12-10,2025-12-10 11:50:00,59009.4,59013.6,58973.75,58999.6,327.75,87.8,False,
2025-12-11,2025-12-11 10:40:00,59184.25,59186.85,59151.85,59173.5,417.0,73.85,True,2025-12-11 10:55:00
2025-12-11,2025-12-11 12:45:00,59359.65,59370.15,59321.9,59347.8,223.9,20.5,True,2025-12-11 13:00:00
2025-12-12,2025-12-12 11:05:00,59284.6,59296.05,59263.7,59293.05,263.1,150.85,False,
2025-12-18,2025-12-18 10:35:00,59142.7,59145.55,59103.05,59130.55,406.6,44.4,True,2025-12-18 11:00:00
2025-12-18,2025-12-18 14:40:00,58913.8,58930.25,58888.05,58925.45,202.0,35.2,False,
2025-12-18,2025-12-18 14:50:00,58936.4,58941.75,58882.15,58923.9,203.95,36.75,False,
2026-01-08,2026-01-08 10:40:00,59953.1,59960.7,59930.05,59957.8,203.15,36.2,True,2026-01-08 10:55:00
2026-01-08,2026-01-08 12:50:00,59656.8,59660.9,59608.3,59647.25,202.6,84.95,False,
2026-01-12,2026-01-12 13:20:00,59456.5,59477.65,59423.5,59470.35,418.35,0.0,True,2026-01-12 13:25:00
2026-01-13,2026-01-13 10:40:00,59600.65,59607.35,59560.15,59592.05,234.0,89.8,False,
2026-01-13,2026-01-13 10:45:00,59587.3,59611.55,59553.95,59602.35,232.85,79.5,False,
2026-01-13,2026-01-13 13:30:00,59411.0,59429.25,59374.4,59424.25,279.55,70.95,False,
2026-01-13,2026-01-13 13:40:00,59431.75,59441.8,59362.05,59437.2,244.45,58.0,True,2026-01-13 14:10:00
2026-01-14,2026-01-14 10:20:00,59421.7,59436.0,59385.3,59431.9,281.05,47.0,False,
2026-01-16,2026-01-16 10:20:00,60070.3,60089.0,60051.45,60079.65,403.35,81.2,False,
2026-01-21,2026-01-21 10:55:00,58474.45,58586.4,58278.6,58535.25,741.7,151.85,False,
2026-01-21,2026-01-21 11:05:00,58512.95,58543.15,58458.3,58535.15,780.05,151.95,False,
2026-01-21,2026-01-21 11:15:00,58629.4,58651.75,58582.6,58646.7,713.7,0.0,True,2026-01-21 11:20:00
2026-01-21,2026-01-21 12:10:00,58760.35,58773.75,58727.75,58773.75,263.75,79.9,True,2026-01-21 12:25:00
2026-01-21,2026-01-21 12:20:00,58822.4,58853.55,58761.0,58842.85,339.2,0.0,True,2026-01-21 12:25:00
2026-01-22,2026-01-22 10:30:00,59139.55,59149.45,58944.25,59149.45,439.8,49.25,True,2026-01-22 10:55:00
2026-01-22,2026-01-22 11:05:00,58933.5,58937.6,58862.45,58910.7,475.1,156.55,False,
2026-01-22,2026-01-22 11:45:00,58889.1,58919.3,58823.05,58917.2,252.5,129.9,False,
2026-01-22,2026-01-22 12:10:00,58977.05,59000.9,58949.8,58989.65,244.2,161.9,False,
2026-01-22,2026-01-22 12:40:00,59076.55,59095.75,58996.6,59088.3,328.5,38.85,True,2026-01-22 12:55:00
2026-01-22,2026-01-22 12:45:00,59093.6,59112.3,59037.85,59106.8,328.5,0.0,True,2026-01-22 12:50:00
2026-01-22,2026-01-22 13:00:00,58959.0,58986.5,58899.0,58986.5,288.15,71.45,False,
2026-01-22,2026-01-22 14:05:00,59089.25,59103.25,59042.8,59074.9,205.4,0.0,True,2026-01-22 14:10:00
2026-01-23,2026-01-23 10:15:00,59086.45,59093.35,59032.8,59072.55,373.05,138.7,False,
2026-01-23,2026-01-23 14:50:00,58570.85,58602.15,58530.8,58587.25,209.5,59.85,True,2026-01-23 15:05:00
2026-01-28,2026-01-28 10:30:00,59447.55,59486.8,59390.3,59472.05,242.4,144.65,False,
2026-01-28,2026-01-28 11:00:00,59590.25,59616.7,59531.25,59615.95,221.85,83.95,False,
2026-01-28,2026-01-28 13:35:00,59343.6,59363.45,59318.85,59354.65,223.95,0.0,True,2026-01-28 13:40:00
2026-01-28,2026-01-28 14:20:00,59281.2,59300.25,59240.1,59291.45,290.6,246.95,False,
2026-01-29,2026-01-29 10:20:00,59573.2,59582.2,59495.0,59554.35,231.75,85.5,False,
2026-01-29,2026-01-29 11:25:00,59731.1,59731.7,59678.8,59719.05,252.7,46.65,True,2026-01-29 11:35:00
2026-01-30,2026-01-30 14:15:00,59777.9,59782.55,59745.55,59770.65,302.8,11.85,True,2026-01-30 14:25:00
2026-02-01,2026-02-01 11:00:00,59734.5,59735.5,59671.4,59724.65,243.35,113.45,True,2026-02-01 11:20:00
2026-02-01,2026-02-01 12:30:00,58695.15,58695.15,57783.2,58424.1,1082.45,628.9,False,
2026-02-01,2026-02-01 13:30:00,58865.15,58878.25,58782.55,58842.6,1270.6,43.15,True,2026-02-01 13:50:00
2026-02-02,2026-02-02 11:35:00,58105.35,58111.0,58002.05,58093.35,461.85,161.35,False,
2026-02-02,2026-02-02 12:25:00,58215.5,58226.1,58174.3,58224.35,494.75,7.4,True,2026-02-02 12:35:00
2026-02-02,2026-02-02 12:35:00,58175.0,58176.3,58115.85,58160.85,341.2,128.55,False,
2026-02-02,2026-02-02 13:00:00,58256.85,58272.4,58227.05,58264.65,256.95,24.75,True,2026-02-02 13:10:00
2026-02-02,2026-02-02 14:00:00,58341.1,58370.35,58295.6,58356.85,433.5,0.0,True,2026-02-02 14:05:00
2026-02-04,2026-02-04 14:00:00,60279.05,60283.8,60218.5,60266.2,202.85,123.2,False,
2026-02-06,2026-02-06 11:15:00,59817.85,59824.1,59769.95,59809.3,357.55,202.4,False,
2026-02-10,2026-02-10 14:00:00,60572.8,60583.45,60531.55,60581.9,213.3,113.1,False,
2026-02-11,2026-02-11 11:00:00,60656.25,60667.2,60628.35,60664.25,218.1,0.0,True,2026-02-11 11:05:00
2026-02-13,2026-02-13 10:15:00,60420.7,60423.6,60359.7,60403.05,205.95,59.05,True,2026-02-13 10:45:00
2026-02-16,2026-02-16 13:25:00,60714.7,60733.35,60688.9,60727.25,213.55,80.3,False,
2026-02-20,2026-02-20 10:50:00,61179.25,61185.6,61147.1,61169.95,231.5,27.95,True,2026-02-20 11:05:00
2026-02-23,2026-02-23 11:10:00,61264.8,61294.35,61222.05,61284.1,244.6,3.4,True,2026-02-23 11:20:00
2026-02-24,2026-02-24 12:10:00,61231.05,61236.1,61193.1,61222.7,251.2,0.0,True,2026-02-24 12:15:00
2026-02-25,2026-02-25 13:00:00,60900.5,60903.35,60834.15,60882.75,270.15,94.7,False,
2026-02-25,2026-02-25 13:05:00,60882.75,60906.9,60843.2,60897.5,317.55,79.95,False,
2026-02-25,2026-02-25 13:25:00,60907.35,60926.3,60849.85,60922.85,286.75,54.6,False,
2026-02-25,2026-02-25 14:40:00,60952.6,60963.85,60925.35,60962.35,203.65,141.4,False,
2026-02-26,2026-02-26 12:20:00,60926.4,60934.25,60813.3,60898.2,246.55,62.95,False,
2026-02-26,2026-02-26 12:45:00,60946.8,60959.45,60913.55,60959.45,285.1,0.0,True,2026-02-26 12:50:00
2026-03-02,2026-03-02 12:30:00,59759.3,59761.25,59723.9,59747.85,220.85,0.0,True,2026-03-02 12:35:00
2026-03-04,2026-03-04 11:30:00,58511.55,58523.75,58484.55,58521.4,233.6,55.55,False,
2026-03-05,2026-03-05 10:25:00,58918.15,58925.4,58846.1,58921.85,238.45,82.95,False,
2026-03-05,2026-03-05 11:35:00,58919.95,58919.95,58852.95,58902.85,287.7,6.0,True,2026-03-05 11:45:00
2026-03-05,2026-03-05 11:50:00,58756.95,58773.15,58692.8,58773.15,390.0,62.0,False,
2026-03-05,2026-03-05 12:35:00,58852.9,58857.2,58801.9,58837.15,233.65,77.85,False,
2026-03-05,2026-03-05 12:45:00,58812.9,58816.5,58748.2,58808.8,222.25,106.2,False,
2026-03-09,2026-03-09 11:10:00,55636.4,55646.25,55499.0,55605.45,555.75,347.3,False,
2026-03-09,2026-03-09 12:00:00,55748.75,55751.7,55671.7,55730.95,453.75,0.0,True,2026-03-09 12:05:00
2026-03-09,2026-03-09 14:00:00,55701.75,55712.75,55644.95,55684.4,252.7,34.15,True,2026-03-09 14:15:00
2026-03-10,2026-03-10 11:10:00,56862.45,56875.65,56838.7,56870.05,378.65,120.85,False,
2026-03-10,2026-03-10 13:15:00,56828.5,56841.85,56795.0,56835.4,273.95,0.0,True,2026-03-10 13:20:00
2026-03-10,2026-03-10 13:45:00,56889.8,56907.75,56861.05,56903.5,258.7,193.55,False,
2026-03-10,2026-03-10 14:00:00,56897.45,56911.0,56852.45,56911.0,211.3,186.05,True,2026-03-10 14:30:00
2026-03-10,2026-03-10 14:55:00,56935.45,56946.15,56903.95,56946.1,306.1,125.25,False,
2026-03-11,2026-03-11 10:20:00,56574.15,56578.3,56506.55,56551.9,345.85,19.9,True,2026-03-11 10:35:00
2026-03-11,2026-03-11 11:50:00,56069.65,56089.2,56015.4,56083.2,434.15,58.05,False,
2026-03-11,2026-03-11 13:45:00,55989.45,55998.2,55935.45,55974.35,240.4,59.65,True,2026-03-11 14:15:00
2026-03-12,2026-03-12 10:30:00,55180.4,55231.2,55078.3,55217.5,345.3,139.55,False,
2026-03-12,2026-03-12 11:20:00,55146.0,55146.45,55053.35,55126.65,372.0,47.2,False,
2026-03-12,2026-03-12 11:30:00,55140.2,55142.5,55071.85,55121.55,319.3,40.6,True,2026-03-12 11:45:00
2026-03-12,2026-03-12 11:35:00,55118.8,55127.35,55085.0,55126.95,319.3,35.2,True,2026-03-12 11:45:00
2026-03-12,2026-03-12 13:00:00,55174.75,55183.65,55125.7,55165.65,210.85,0.0,True,2026-03-12 13:05:00
2026-03-13,2026-03-13 10:55:00,54142.9,54157.75,54098.55,54157.75,296.0,2.7,True,2026-03-13 11:05:00
2026-03-13,2026-03-13 11:35:00,54227.75,54256.05,54183.1,54245.55,290.15,24.65,True,2026-03-13 11:55:00
2026-03-13,2026-03-13 14:15:00,53913.85,53935.95,53848.4,53935.85,239.4,171.15,False,
2026-03-13,2026-03-13 14:55:00,53882.55,53890.25,53793.3,53859.15,431.3,0.0,True,2026-03-13 15:00:00
2026-03-16,2026-03-16 12:15:00,53693.0,53707.55,53661.75,53705.2,340.05,73.7,True,2026-03-16 12:30:00
2026-03-16,2026-03-16 12:35:00,53648.4,53691.65,53569.65,53680.55,278.85,35.25,True,2026-03-16 12:45:00
2026-03-16,2026-03-16 12:55:00,53618.25,53625.95,53578.2,53610.15,282.95,113.2,False,
2026-03-16,2026-03-16 14:05:00,53634.8,53663.85,53601.55,53650.25,204.8,782.95,False,
2026-03-17,2026-03-17 10:40:00,54414.3,54415.65,54339.4,54391.8,453.15,182.75,False,
2026-03-17,2026-03-17 11:55:00,54314.55,54338.95,54241.9,54330.8,391.75,89.1,False,
2026-03-17,2026-03-17 12:30:00,54325.75,54340.35,54260.65,54334.75,237.1,221.35,False,
2026-03-17,2026-03-17 13:25:00,54599.3,54602.7,54550.0,54583.35,405.3,128.6,True,2026-03-17 13:35:00
2026-03-18,2026-03-18 13:35:00,55402.45,55405.55,55345.1,55394.5,273.0,72.65,False,
2026-03-19,2026-03-19 10:40:00,53890.55,53905.45,53829.55,53902.8,348.3,56.35,True,2026-03-19 11:00:00
2026-03-20,2026-03-20 11:10:00,54080.15,54100.9,54036.6,54092.4,242.4,156.9,True,2026-03-20 11:40:00
2026-03-20,2026-03-20 11:55:00,53946.65,53946.65,53887.35,53939.6,312.2,0.0,True,2026-03-20 12:00:00
2026-03-20,2026-03-20 12:25:00,53646.15,53651.0,53575.8,53624.45,546.7,286.35,False,
2026-03-20,2026-03-20 12:30:00,53622.5,53674.15,53509.2,53672.0,580.25,238.8,False,
2026-03-23,2026-03-23 11:00:00,51658.35,51660.7,51568.4,51633.85,345.7,183.95,False,
2026-03-23,2026-03-23 11:15:00,51748.75,51751.8,51697.9,51736.9,327.65,60.4,True,2026-03-23 11:30:00
2026-03-23,2026-03-23 11:35:00,51686.75,51696.2,51642.45,51692.4,273.9,98.35,False,
2026-03-23,2026-03-23 12:55:00,51635.7,51652.5,51593.9,51648.9,204.3,53.6,False,
2026-03-24,2026-03-24 11:05:00,51930.1,51960.05,51881.55,51945.15,420.5,159.45,False,
2026-03-24,2026-03-24 13:15:00,52765.2,52773.3,52691.6,52750.9,887.4,198.25,False,
2026-03-25,2026-03-25 10:50:00,53861.4,53893.85,53822.8,53879.7,367.55,136.0,False,
2026-03-25,2026-03-25 12:15:00,54095.3,54101.5,54016.85,54089.1,413.95,57.05,True,2026-03-25 12:45:00
2026-03-27,2026-03-27 10:25:00,52677.0,52700.3,52634.35,52691.2,301.95,69.95,True,2026-03-27 10:45:00
2026-03-30,2026-03-30 12:55:00,50807.15,50809.25,50766.95,50795.45,229.7,0.0,True,2026-03-30 13:00:00
2026-04-01,2026-04-01 13:10:00,51951.45,51979.3,51856.4,51975.7,401.75,50.15,True,2026-04-01 13:20:00
2026-04-02,2026-04-02 11:10:00,50122.0,50132.5,50086.95,50111.15,231.75,22.35,True,2026-04-02 11:25:00
2026-04-02,2026-04-02 13:05:00,50413.45,50445.95,50314.4,50438.5,498.3,429.95,False,
2026-04-06,2026-04-06 10:40:00,51600.15,51605.5,51520.85,51603.6,499.9,60.95,True,2026-04-06 11:00:00
2026-04-06,2026-04-06 11:25:00,51540.75,51565.05,51492.45,51561.55,312.0,212.4,False,
2026-04-06,2026-04-06 14:25:00,52400.95,52419.6,52311.85,52372.3,301.75,111.85,False,
2026-04-07,2026-04-07 10:35:00,52186.05,52191.9,52100.15,52168.2,346.55,118.5,True,2026-04-07 10:50:00
2026-04-07,2026-04-07 12:10:00,52203.1,52205.85,52111.65,52174.95,353.3,15.4,True,2026-04-07 12:20:00
2026-04-07,2026-04-07 14:10:00,52471.85,52475.55,52389.6,52455.1,539.3,58.55,True,2026-04-07 14:35:00
2026-04-08,2026-04-08 10:20:00,55251.05,55262.05,55169.35,55224.55,422.15,236.3,False,
2026-04-08,2026-04-08 11:35:00,55460.3,55471.3,55396.05,55443.8,279.2,36.15,True,2026-04-08 11:50:00
2026-04-08,2026-04-08 13:30:00,55465.7,55472.8,55436.5,55469.55,225.15,63.65,True,2026-04-08 13:40:00
2026-04-09,2026-04-09 10:20:00,55473.4,55473.4,55381.15,55457.05,497.15,110.75,True,2026-04-09 10:40:00
2026-04-09,2026-04-09 10:25:00,55456.55,55460.2,55342.3,55442.2,487.15,125.6,True,2026-04-09 10:40:00
2026-04-09,2026-04-09 10:50:00,55360.35,55365.35,55304.9,55349.65,488.95,128.35,True,2026-04-09 11:15:00
2026-04-09,2026-04-09 11:45:00,55269.25,55289.95,55230.3,55288.45,246.5,6.2,True,2026-04-09 12:00:00
2026-04-09,2026-04-09 13:20:00,54917.4,54919.6,54807.7,54881.5,325.05,41.7,False,
2026-04-09,2026-04-09 13:45:00,54824.2,54863.3,54769.7,54851.25,329.0,94.7,False,
2026-04-09,2026-04-09 14:50:00,54736.6,54765.0,54700.55,54751.75,319.1,181.1,False,
2026-04-13,2026-04-13 10:15:00,54743.75,54778.4,54669.55,54778.4,491.9,201.5,False,
2026-04-13,2026-04-13 11:00:00,54960.85,54966.55,54921.55,54951.5,350.25,27.75,True,2026-04-13 11:25:00
2026-04-13,2026-04-13 11:10:00,54940.1,54959.1,54889.95,54954.05,350.25,58.45,False,
2026-04-13,2026-04-13 13:45:00,55498.35,55516.25,55469.65,55509.65,319.65,243.0,False,
2026-04-13,2026-04-13 14:10:00,55583.65,55588.5,55520.4,55575.0,440.05,162.05,False,
2026-04-16,2026-04-16 10:20:00,56577.75,56582.5,56536.65,56572.6,390.6,33.45,True,2026-04-16 10:35:00
2026-04-16,2026-04-16 11:50:00,56257.15,56257.65,56187.85,56241.6,430.3,0.0,True,2026-04-16 11:55:00
2026-04-16,2026-04-16 13:10:00,55951.7,55951.7,55898.25,55936.7,259.65,104.7,False,
2026-04-20,2026-04-20 11:00:00,57038.15,57040.25,56995.2,57032.75,359.95,0.0,True,2026-04-20 11:05:00
2026-04-20,2026-04-20 13:25:00,56614.85,56615.8,56505.75,56602.8,424.45,79.5,False,
2026-04-20,2026-04-20 13:55:00,56671.6,56674.2,56622.85,56668.5,492.8,3.1,True,2026-04-20 14:05:00
2026-04-20,2026-04-20 14:00:00,56668.0,56671.6,56605.05,56651.75,458.1,112.15,False,
2026-04-20,2026-04-20 14:30:00,56736.05,56737.7,56647.0,56709.8,201.35,26.6,False,
2026-04-21,2026-04-21 11:15:00,57284.3,57288.8,57250.45,57279.35,201.05,5.55,True,2026-04-21 11:30:00
2026-04-23,2026-04-23 11:35:00,56574.5,56588.25,56549.65,56583.2,210.05,0.0,True,2026-04-23 11:40:00
2026-04-23,2026-04-23 12:50:00,56320.45,56329.55,56241.4,56310.55,299.05,196.85,False,
2026-04-23,2026-04-23 13:25:00,56503.45,56510.2,56457.35,56490.75,309.9,0.0,True,2026-04-23 13:30:00
2026-04-24,2026-04-24 13:15:00,55917.4,55927.35,55891.25,55923.05,259.05,22.6,True,2026-04-24 13:30:00
2026-04-24,2026-04-24 13:55:00,55831.65,55836.55,55790.9,55822.7,258.9,0.0,True,2026-04-24 14:00:00
2026-04-27,2026-04-27 12:20:00,56072.1,56073.95,56036.15,56065.0,231.4,102.9,False,
2026-04-27,2026-04-27 13:50:00,56362.45,56365.95,56335.7,56358.3,348.9,8.45,True,2026-04-27 14:00:00
2026-04-28,2026-04-28 11:30:00,55742.6,55747.0,55685.25,55725.8,329.2,65.4,True,2026-04-28 11:55:00
2026-04-28,2026-04-28 11:40:00,55781.7,55785.55,55748.35,55773.85,359.85,14.7,True,2026-04-28 11:50:00
2026-04-29,2026-04-29 11:55:00,55886.35,55903.95,55862.0,55895.85,221.35,214.4,False,
2026-05-04,2026-05-04 10:40:00,55370.25,55374.9,55324.45,55360.05,350.9,57.3,True,2026-05-04 10:55:00
2026-05-04,2026-05-04 13:00:00,54930.5,54951.85,54898.15,54943.35,479.65,38.85,True,2026-05-04 13:20:00
2026-05-04,2026-05-04 14:45:00,54820.8,54829.9,54777.9,54809.95,239.55,18.7,True,2026-05-04 14:55:00
2026-05-04,2026-05-04 14:50:00,54809.05,54828.65,54782.95,54820.35,239.7,0.0,True,2026-05-04 14:55:00
2026-05-06,2026-05-06 10:15:00,55085.3,55098.45,55036.25,55098.45,337.4,92.25,False,
2026-05-06,2026-05-06 10:35:00,55068.5,55094.25,55034.5,55083.15,217.3,107.55,True,2026-05-06 11:00:00
2026-05-06,2026-05-06 12:30:00,54767.65,54773.5,54727.05,54754.6,312.1,0.0,True,2026-05-06 12:35:00
2026-05-07,2026-05-07 10:50:00,56055.0,56059.35,55980.3,56044.5,243.2,12.55,True,2026-05-07 11:05:00
2026-05-08,2026-05-08 10:15:00,55659.55,55659.55,55570.8,55638.9,290.25,55.15,False,
2026-05-11,2026-05-11 13:10:00,54985.65,55002.45,54896.0,54958.3,305.8,0.0,True,2026-05-11 13:15:00
2026-05-12,2026-05-12 10:35:00,54067.1,54074.3,54015.35,54056.3,280.05,73.0,True,2026-05-12 10:45:00
2026-05-12,2026-05-12 11:35:00,53887.3,53897.7,53846.4,53896.9,292.8,35.95,False,
2026-05-13,2026-05-13 13:55:00,53817.5,53820.55,53755.35,53798.1,312.55,95.7,False,
2026-05-15,2026-05-15 11:30:00,53943.9,53995.85,53872.05,53975.7,390.0,115.05,False,
2026-05-15,2026-05-15 11:40:00,54021.85,54023.5,53959.05,54002.75,453.4,159.35,False,
2026-05-15,2026-05-15 13:40:00,54149.5,54151.85,54071.2,54135.75,274.65,0.0,True,2026-05-15 13:45:00
2026-05-15,2026-05-15 14:10:00,54073.9,54100.85,54040.4,54088.1,299.35,10.95,True,2026-05-15 14:20:00
2026-05-18,2026-05-18 13:10:00,53423.95,53441.05,53354.2,53440.2,578.25,115.7,False,
2026-05-18,2026-05-18 13:20:00,53487.9,53502.65,53403.8,53501.0,515.65,66.2,False,
2026-05-18,2026-05-18 13:45:00,53498.7,53511.6,53443.25,53509.25,349.9,109.95,False,
2026-05-18,2026-05-18 14:15:00,53535.25,53535.8,53473.85,53520.3,215.4,0.0,True,2026-05-18 14:20:00
2026-05-19,2026-05-19 12:35:00,53632.1,53647.35,53593.3,53641.05,208.8,3.7,True,2026-05-19 12:55:00
2026-05-20,2026-05-20 14:25:00,53495.85,53497.35,53435.95,53490.45,447.35,115.85,False,
2026-05-21,2026-05-21 11:05:00,53704.05,53711.0,53672.55,53695.1,200.8,0.0,True,2026-05-21 11:10:00
2026-05-21,2026-05-21 11:15:00,53668.6,53668.6,53530.75,53622.65,238.3,142.45,False,
2026-05-21,2026-05-21 11:40:00,53693.3,53699.45,53661.85,53699.45,327.55,14.1,True,2026-05-21 11:55:00
2026-05-21,2026-05-21 12:40:00,53423.6,53424.1,53327.65,53395.9,327.1,4.0,True,2026-05-21 12:55:00
2026-05-21,2026-05-21 14:15:00,53337.4,53360.7,53303.85,53351.4,204.05,157.95,False,
2026-05-21,2026-05-21 09:45:00,53856.5,53867.65,53806.85,53843.4,738.2,61.55,True,2026-05-21 10:05:00
2026-05-21,2026-05-21 11:05:00,53704.05,53711.0,53672.55,53695.1,200.8,0.0,True,2026-05-21 11:10:00
2026-05-21,2026-05-21 11:15:00,53668.6,53668.6,53530.75,53622.65,238.3,142.45,False,
2026-05-21,2026-05-21 11:40:00,53693.3,53699.45,53661.85,53699.45,327.55,14.1,True,2026-05-21 11:55:00
2026-05-21,2026-05-21 12:40:00,53423.6,53424.1,53327.65,53395.9,327.1,4.0,True,2026-05-21 12:55:00
2026-05-21,2026-05-21 14:15:00,53337.4,53360.7,53303.85,53351.4,204.05,157.95,False,
