Timestamp,Open,High,Low,Close,Volume
2019-05-28 12:40:00,39765.6,39785.0,39576.3,39582.6,0
2019-05-28 12:45:00,39582.6,39582.9,39542.2,39561.7,0
2019-05-28 12:50:00,39560.8,39593.3,39559.4,39589.2,0
2019-05-28 12:55:00,39589.2,39620.6,39562.8,39620.6,0
2019-05-28 13:00:00,39621.0,39624.3,39604.5,39609.6,0
2019-05-28 13:05:00,39610.4,39652.6,39610.2,39640.0,0
2019-05-28 13:10:00,39639.7,39670.7,39629.5,39632.3,0
2019-05-28 13:15:00,39632.1,39652.1,39615.4,39651.5,0
2019-05-28 13:20:00,39650.4,39673.6,39643.8,39662.4,0
2019-05-28 13:25:00,39660.2,39681.0,39652.2,39680.6,0
2019-05-28 13:30:00,39680.7,39681.2,39633.4,39655.5,0
2019-05-28 13:35:00,39652.9,39652.9,39608.1,39633.7,0
2019-05-28 13:40:00,39635.1,39643.4,39599.3,39599.3,0
2019-05-28 13:45:00,39589.4,39611.5,39579.2,39589.2,0
2019-05-28 13:50:00,39601.6,39612.2,39582.8,39606.6,0
2019-05-28 13:55:00,39605.9,39631.6,39601.3,39631.6,0
2019-05-28 15:10:00,39756.9,39800.8,39498.6,39743.9,0
2019-05-28 15:15:00,39745.8,39750.7,39703.8,39732.8,0
2019-05-28 15:20:00,39735.0,39813.4,39728.6,39799.7,0
2019-05-28 15:25:00,39802.7,39828.6,39774.3,39802.9,0
2019-05-29 10:40:00,39714.3,39750.0,39625.3,39707.1,0
2019-05-29 10:45:00,39707.5,39709.5,39685.9,39701.2,0
2019-05-29 10:50:00,39700.7,39713.5,39697.1,39700.1,0
2019-05-29 10:55:00,39700.3,39706.8,39689.7,39696.5,0
2019-05-29 11:00:00,39698.1,39701.1,39683.8,39690.0,0
2019-05-29 11:05:00,39690.9,39742.2,39690.4,39723.4,0
2019-05-29 11:10:00,39727.6,39749.3,39719.9,39738.9,0
2019-05-29 11:15:00,39737.0,39767.9,39731.3,39760.3,0
2019-05-29 11:20:00,39760.5,39760.5,39718.0,39718.2,0
2019-05-29 11:25:00,39717.5,39721.7,39702.3,39705.9,0
2019-05-29 11:30:00,39706.0,39722.3,39704.2,39721.4,0
2019-05-29 11:35:00,39721.2,39745.7,39716.0,39735.1,0
2019-05-29 11:40:00,39734.9,39735.0,39715.1,39727.2,0
2019-05-29 11:45:00,39726.7,39730.5,39684.6,39689.4,0
2019-05-29 11:50:00,39687.6,39688.4,39662.1,39681.8,0
2019-05-29 11:55:00,39686.3,39690.4,39662.9,39664.8,0
2019-05-29 12:00:00,39664.3,39678.5,39661.2,39670.2,0
2019-05-29 12:05:00,39669.0,39687.5,39664.5,39687.1,0
2019-05-29 12:10:00,39684.4,39694.1,39668.6,39670.1,0
2019-05-29 12:15:00,39669.6,39676.6,39657.2,39665.1,0
2019-05-29 12:20:00,39663.0,39667.6,39627.2,39642.5,0
2019-05-29 12:25:00,39642.0,39654.1,39642.0,39644.8,0
2019-05-29 12:30:00,39644.8,39667.6,39644.8,39667.2,0
2019-05-29 12:35:00,39662.8,39665.9,39645.7,39646.4,0
2019-05-29 12:40:00,39647.9,39655.9,39613.1,39618.6,0
2019-05-29 12:45:00,39616.5,39621.4,39586.6,39591.4,0
2019-05-29 12:50:00,39588.6,39615.9,39583.4,39610.0,0
2019-05-29 12:55:00,39609.5,39609.5,39568.9,39589.2,0
2019-05-29 13:00:00,39591.5,39623.8,39591.0,39613.2,0
2019-05-29 13:05:00,39613.2,39615.9,39599.0,39607.5,0
2019-05-29 13:10:00,39606.9,39610.0,39574.0,39575.4,0
2019-05-29 13:15:00,39575.3,39591.9,39566.8,39573.3,0
2019-05-29 13:20:00,39576.5,39584.9,39549.2,39562.3,0
2019-05-29 13:25:00,39562.0,39589.4,39559.8,39585.8,0
2019-05-29 13:30:00,39585.5,39619.9,39574.6,39619.9,0
2019-05-29 13:35:00,39619.9,39630.9,39603.7,39618.4,0
2019-05-29 13:40:00,39618.1,39624.9,39593.0,39594.8,0
2019-05-29 13:45:00,39595.9,39613.2,39585.4,39605.0,0
2019-05-29 13:50:00,39603.3,39606.1,39582.0,39606.1,0
2019-05-29 13:55:00,39605.8,39606.1,39588.5,39600.6,0
2019-05-29 14:00:00,39600.3,39622.0,39599.1,39606.6,0
2019-05-29 14:05:00,39607.8,39616.5,39593.9,39601.8,0
2019-05-29 14:10:00,39604.4,39625.3,39601.2,39619.9,0
2019-05-29 14:15:00,39620.2,39635.3,39604.2,39605.0,0
2019-05-29 14:20:00,39604.7,39607.4,39529.8,39538.1,0
2019-05-29 14:25:00,39538.3,39566.7,39532.9,39553.5,0
2019-05-29 14:30:00,39555.2,39573.7,39547.9,39564.9,0
2019-05-29 14:35:00,39566.1,39570.6,39538.1,39540.4,0
2019-05-29 14:40:00,39535.5,39540.6,39495.2,39496.1,0
2019-05-29 14:45:00,39496.9,39522.9,39494.6,39502.6,0
2019-05-29 14:50:00,39502.0,39503.2,39431.2,39435.2,0
2019-05-29 14:55:00,39433.4,39501.3,39420.5,39499.0,0
2019-05-29 15:00:00,39498.9,39537.9,39495.5,39510.4,0
2019-05-29 15:05:00,39510.0,39512.3,39458.0,39481.4,0
2019-05-29 15:10:00,39484.6,39508.2,39480.6,39504.5,0
2019-05-29 15:15:00,39505.3,39517.8,39480.2,39517.7,0
2019-05-29 15:20:00,39517.5,39537.2,39508.8,39528.8,0
2019-05-29 15:25:00,39529.2,39535.9,39491.8,39509.7,0
2019-06-03 09:15:00,39806.9,39822.7,39711.0,39782.8,0
2019-06-03 09:20:00,39786.3,39879.1,39785.9,39879.1,0
2019-06-03 09:25:00,39877.0,39920.9,39858.5,39894.4,0
2019-06-03 09:30:00,39892.7,39913.1,39872.6,39879.5,0
2019-06-03 09:35:00,39881.4,39904.4,39869.0,39869.0,0
2019-06-03 09:40:00,39866.7,39896.7,39851.3,39885.5,0
2019-06-03 09:45:00,39884.2,39890.4,39869.1,39869.1,0
2019-06-03 09:50:00,39868.9,39885.6,39846.6,39859.9,0
2019-06-03 09:55:00,39859.4,39862.8,39829.6,39851.8,0
2019-06-03 10:00:00,39854.3,39897.2,39853.3,39882.7,0
2019-06-03 10:05:00,39880.1,39882.1,39856.9,39869.6,0
2019-06-03 10:10:00,39870.5,39904.2,39869.8,39900.6,0
2019-06-03 10:15:00,39901.4,39925.5,39888.6,39925.5,0
2019-06-03 10:20:00,39926.8,39935.8,39901.1,39904.0,0
2019-06-03 10:25:00,39903.8,39905.2,39886.6,39887.9,0
2019-06-03 10:30:00,39887.5,39888.4,39859.9,39874.2,0
2019-06-03 10:35:00,39874.5,39895.4,39865.0,39891.3,0
2019-06-03 10:40:00,39891.0,39895.6,39878.4,39890.7,0
2019-06-03 10:45:00,39890.5,39927.9,39890.5,39927.9,0
2019-06-03 10:50:00,39927.7,39929.8,39915.8,39922.2,0
2019-06-03 10:55:00,39920.1,39942.1,39918.6,39925.9,0
2019-06-03 11:00:00,39924.4,39946.0,39915.0,39941.9,0
2019-06-03 11:05:00,39941.9,39961.9,39941.9,39961.6,0
2019-06-03 11:10:00,39961.4,39973.2,39953.6,39971.9,0
2019-06-03 11:15:00,39970.8,39971.0,39933.7,39951.9,0
2019-06-03 11:20:00,39951.6,40003.5,39951.6,39989.3,0
2019-06-03 11:25:00,39986.4,39995.3,39980.8,39987.7,0
2019-06-03 11:30:00,39987.2,40022.3,39987.2,40007.9,0
2019-06-03 11:35:00,40008.3,40034.6,40006.6,40008.3,0
2019-06-03 11:40:00,40008.5,40017.8,40001.8,40004.2,0
2019-06-03 11:45:00,40004.0,40006.9,39985.4,39985.4,0
2019-06-03 11:50:00,39985.4,39988.2,39976.7,39984.5,0
2019-06-03 11:55:00,39984.8,40000.5,39984.8,39987.7,0
2019-06-03 12:00:00,39986.4,40002.1,39980.2,39997.9,0
2019-06-03 12:05:00,39996.0,40021.3,39992.9,40018.8,0
2019-06-03 12:10:00,40018.8,40045.1,40011.3,40043.2,0
2019-06-03 12:15:00,40042.9,40057.9,40042.7,40053.0,0
2019-06-03 12:20:00,40055.9,40067.2,40050.4,40054.0,0
2019-06-03 12:25:00,40054.8,40055.2,40027.3,40033.1,0
2019-06-03 12:30:00,40033.1,40044.7,40023.7,40027.4,0
2019-06-03 12:35:00,40028.4,40048.2,40026.8,40026.8,0
2019-06-03 12:40:00,40027.0,40032.3,40009.7,40015.2,0
2019-06-03 12:45:00,40014.8,40020.9,40004.4,40020.9,0
2019-06-03 12:50:00,40021.9,40046.6,40020.9,40046.6,0
2019-06-03 12:55:00,40044.6,40057.6,40030.8,40057.6,0
2019-06-03 13:00:00,40055.9,40055.9,40029.1,40029.8,0
2019-06-03 13:05:00,40029.8,40064.4,40029.8,40063.0,0
2019-06-03 13:10:00,40063.8,40075.9,40060.9,40061.3,0
2019-06-03 13:15:00,40061.6,40067.2,39973.6,40007.3,0
2019-06-03 13:20:00,40005.2,40025.9,40002.2,40020.5,0
2019-06-03 13:25:00,40020.2,40059.4,40020.1,40041.2,0
2019-06-03 13:30:00,40043.7,40047.2,40032.3,40033.0,0
2019-06-03 13:35:00,40033.3,40037.0,39999.8,40005.4,0
2019-06-03 13:40:00,40005.0,40016.6,40002.9,40012.2,0
2019-06-03 13:45:00,40012.2,40040.6,40012.2,40035.9,0
2019-06-03 13:50:00,40035.4,40087.3,40035.4,40071.5,0
2019-06-03 13:55:00,40069.7,40078.0,40049.2,40068.8,0
2019-06-03 14:00:00,40066.4,40140.3,40065.6,40118.6,0
2019-06-03 14:05:00,40123.9,40133.4,40108.8,40123.5,0
2019-06-03 14:10:00,40123.8,40150.0,40112.9,40150.0,0
2019-06-03 14:15:00,40150.8,40197.5,40150.3,40157.2,0
2019-06-03 14:20:00,40157.3,40183.1,40153.1,40172.9,0
2019-06-03 14:25:00,40172.5,40205.4,40172.5,40190.5,0
2019-06-03 14:30:00,40192.6,40229.8,40192.6,40220.0,0
2019-06-03 14:35:00,40217.2,40221.0,40198.6,40220.3,0
2019-06-03 14:40:00,40225.9,40254.4,40225.9,40229.8,0
2019-06-03 14:45:00,40229.3,40251.3,40226.1,40228.3,0
2019-06-03 14:50:00,40227.4,40227.4,40181.4,40193.8,0
2019-06-03 14:55:00,40192.4,40222.9,40192.0,40199.6,0
2019-06-03 15:00:00,40197.8,40220.7,40194.9,40217.2,0
2019-06-03 15:05:00,40216.0,40241.4,40212.7,40241.4,0
2019-06-03 15:10:00,40243.6,40271.3,40235.9,40267.2,0
2019-06-03 15:15:00,40267.1,40283.5,40258.5,40270.5,0
2019-06-03 15:20:00,40272.7,40308.9,40267.8,40300.3,0
2019-06-03 15:25:00,40294.8,40307.2,40279.3,40283.5,0
2019-06-10 09:15:00,39787.3,39946.5,39785.1,39941.0,0
2019-06-10 09:20:00,39942.3,39953.6,39785.1,39898.8,0
2019-06-10 09:25:00,39899.6,39945.4,39879.0,39926.9,0
2019-06-10 09:30:00,39930.2,39979.5,39927.5,39969.6,0
2019-06-10 09:35:00,39967.4,39970.6,39897.1,39899.9,0
2019-06-10 09:40:00,39897.8,39905.5,39854.8,39863.2,0
2019-06-10 09:45:00,39863.5,39876.5,39842.1,39870.9,0
2019-06-10 09:50:00,39871.9,39890.6,39867.3,39888.5,0
2019-06-10 09:55:00,39888.2,39919.8,39868.3,39917.9,0
2019-06-10 10:00:00,39918.6,39928.1,39913.8,39922.9,0
2019-06-10 10:05:00,39922.2,39937.6,39910.3,39923.1,0
2019-06-10 10:10:00,39923.1,39923.1,39886.2,39888.9,0
2019-06-10 10:15:00,39889.9,39900.1,39867.6,39868.7,0
2019-06-10 10:20:00,39868.0,39880.3,39853.5,39858.6,0
2019-06-10 10:25:00,39858.2,39877.6,39835.6,39877.0,0
2019-06-10 10:30:00,39878.2,39878.2,39852.6,39866.6,0
2019-06-10 10:35:00,39867.0,39880.3,39865.6,39879.2,0
2019-06-10 10:40:00,39873.9,39873.9,39858.3,39863.8,0
2019-06-10 10:45:00,39863.6,39902.6,39863.3,39895.6,0
2019-06-10 10:50:00,39894.0,39906.1,39889.3,39891.7,0
2019-06-10 10:55:00,39891.0,39891.0,39864.6,39873.5,0
2019-06-10 11:00:00,39873.1,39876.9,39860.2,39874.1,0
2019-06-10 11:05:00,39874.2,39874.2,39797.3,39808.8,0
2019-06-10 11:10:00,39808.9,39808.9,39758.0,39790.7,0
2019-06-10 11:15:00,39790.9,39808.1,39768.8,39773.6,0
2019-06-10 11:20:00,39772.2,39809.0,39772.2,39803.1,0
2019-06-10 11:25:00,39802.9,39821.6,39800.1,39800.1,0
2019-06-10 11:30:00,39798.5,39798.5,39691.1,39706.9,0
2019-06-10 11:35:00,39709.9,39731.5,39699.2,39731.5,0
2019-06-10 11:40:00,39732.1,39735.3,39706.6,39706.6,0
2019-06-10 11:45:00,39707.8,39711.3,39684.2,39709.4,0
2019-06-10 11:50:00,39710.7,39731.8,39690.0,39695.7,0
2019-06-10 11:55:00,39696.4,39716.1,39677.4,39692.7,0
2019-06-10 12:00:00,39693.1,39733.2,39688.0,39723.7,0
2019-06-10 12:05:00,39723.7,39730.6,39689.1,39692.9,0
2019-06-10 12:10:00,39691.8,39693.4,39668.6,39677.3,0
2019-06-10 12:15:00,39678.1,39706.5,39666.4,39706.5,0
2019-06-10 12:20:00,39706.8,39707.1,39665.0,39665.0,0
2019-06-10 12:25:00,39665.5,39717.3,39662.7,39706.1,0
2019-06-10 12:30:00,39708.1,39709.9,39684.4,39684.4,0
2019-06-10 12:35:00,39681.5,39696.7,39638.8,39639.8,0
2019-06-10 12:40:00,39639.2,39664.3,39624.5,39664.3,0
2019-06-10 12:45:00,39664.7,39697.7,39663.2,39693.3,0
2019-06-10 12:50:00,39694.1,39702.0,39673.0,39675.8,0
2019-06-10 12:55:00,39675.8,39700.1,39665.6,39683.7,0
2019-06-10 13:00:00,39684.7,39709.5,39680.8,39702.6,0
2019-06-10 13:05:00,39703.9,39718.9,39686.4,39691.2,0
2019-06-10 13:10:00,39690.5,39702.4,39681.5,39683.1,0
2019-06-10 13:15:00,39682.9,39695.4,39668.0,39685.5,0
2019-06-10 13:20:00,39683.9,39772.4,39682.0,39769.1,0
2019-06-10 13:25:00,39768.6,39770.3,39729.6,39734.1,0
2019-06-10 13:30:00,39733.4,39736.9,39708.2,39716.6,0
2019-06-10 13:35:00,39720.5,39755.5,39720.4,39746.8,0
2019-06-10 13:40:00,39749.2,39776.9,39747.7,39764.9,0
2019-06-10 13:45:00,39766.0,39767.0,39722.9,39729.9,0
2019-06-10 13:50:00,39729.9,39751.0,39724.6,39746.9,0
2019-06-10 13:55:00,39746.9,39761.8,39730.3,39730.3,0
2019-06-10 14:00:00,39717.6,39979.5,39623.7,39641.3,0
2019-06-10 14:05:00,39641.1,39656.9,39620.0,39644.2,0
2019-06-10 14:10:00,39644.1,39679.4,39640.0,39640.0,0
2019-06-10 14:15:00,39640.4,39684.4,39636.8,39670.3,0
2019-06-10 14:20:00,39669.3,39719.5,39660.4,39715.6,0
2019-06-10 14:25:00,39716.7,39718.9,39688.6,39712.5,0
2019-06-10 14:30:00,39712.6,39732.4,39708.2,39713.9,0
2019-06-10 14:35:00,39717.4,39750.9,39717.4,39722.7,0
2019-06-10 14:40:00,39723.1,39754.3,39690.2,39694.5,0
2019-06-10 14:45:00,39694.6,39732.9,39657.7,39732.9,0
2019-06-10 14:50:00,39734.6,39738.7,39715.1,39733.1,0
2019-06-10 14:55:00,39732.9,39757.4,39731.8,39746.3,0
2019-06-10 15:00:00,39747.1,39790.6,39747.1,39767.4,0
2019-06-10 15:05:00,39765.8,39773.5,39741.8,39752.6,0
2019-06-10 15:10:00,39757.0,39785.3,39746.1,39777.0,0
2019-06-10 15:15:00,39781.9,39785.5,39754.6,39765.1,0
2019-06-10 15:20:00,39765.4,39807.0,39765.4,39806.4,0
2019-06-10 15:25:00,39803.5,39831.3,39790.6,39795.9,0
2019-06-11 09:15:00,39900.4,39926.8,39857.5,39867.0,0
2019-06-11 09:20:00,39862.2,39866.1,39821.0,39866.1,0
2019-06-11 09:25:00,39866.6,39874.1,39836.4,39844.7,0
2019-06-11 09:30:00,39842.3,39926.8,39778.1,39795.2,0
2019-06-11 09:35:00,39799.8,39800.5,39760.0,39784.4,0
2019-06-11 09:40:00,39787.3,39828.5,39786.3,39820.8,0
2019-06-11 09:45:00,39821.8,39867.9,39818.3,39862.9,0
2019-06-11 09:50:00,39860.2,39876.9,39852.6,39857.7,0
2019-06-11 09:55:00,39859.4,39896.8,39857.2,39883.3,0
2019-06-11 10:00:00,39882.5,39933.6,39881.8,39915.3,0
2019-06-11 10:05:00,39917.1,39917.6,39877.8,39901.4,0
2019-06-11 10:10:00,39901.0,39901.0,39863.5,39886.0,0
2019-06-11 10:15:00,39887.4,39900.4,39881.8,39882.5,0
2019-06-11 10:20:00,39882.3,39882.5,39861.2,39864.4,0
2019-06-11 10:25:00,39866.0,39881.4,39857.9,39880.1,0
2019-06-11 10:30:00,39879.7,39894.2,39860.9,39866.1,0
2019-06-11 10:35:00,39865.4,39872.8,39861.1,39870.6,0
2019-06-11 10:40:00,39865.1,39865.1,39841.4,39852.2,0
2019-06-11 10:45:00,39852.2,39853.7,39816.0,39820.8,0
2019-06-11 10:50:00,39822.3,39841.4,39820.6,39841.4,0
2019-06-11 10:55:00,39841.5,39856.6,39839.7,39856.6,0
2019-06-11 11:00:00,39856.8,39890.7,39855.6,39887.8,0
2019-06-11 11:05:00,39886.6,39888.4,39878.3,39888.0,0
2019-06-11 11:10:00,39888.8,39889.2,39866.3,39875.7,0
2019-06-11 11:15:00,39876.1,39883.2,39865.4,39871.9,0
2019-06-11 11:20:00,39871.6,39882.5,39865.8,39878.4,0
2019-06-11 11:25:00,39878.8,39888.1,39872.7,39879.6,0
2019-06-11 11:30:00,39879.8,39887.4,39876.1,39882.7,0
2019-06-11 11:35:00,39882.7,39906.4,39881.1,39903.3,0
2019-06-11 11:40:00,39901.7,39935.5,39901.6,39929.9,0
2019-06-11 11:45:00,39929.0,39931.4,39910.1,39916.1,0
2019-06-11 11:50:00,39917.4,39917.4,39905.1,39910.1,0
2019-06-11 11:55:00,39910.1,39947.0,39910.1,39933.6,0
2019-06-11 12:00:00,39933.9,39943.2,39908.8,39912.1,0
2019-06-11 12:05:00,39911.9,39921.1,39902.8,39904.8,0
2019-06-11 12:10:00,39903.2,39927.7,39903.1,39925.2,0
2019-06-11 12:15:00,39926.2,39927.9,39903.6,39904.1,0
2019-06-11 12:20:00,39904.1,39905.6,39895.7,39897.1,0
2019-06-11 12:25:00,39897.2,39903.8,39892.6,39902.6,0
2019-06-11 12:30:00,39902.8,39917.6,39901.8,39914.9,0
2019-06-11 12:35:00,39914.9,39926.5,39901.1,39923.4,0
2019-06-11 12:40:00,39924.8,39933.7,39924.1,39929.4,0
2019-06-11 12:45:00,39927.4,39931.9,39921.3,39930.3,0
2019-06-11 12:50:00,39930.5,39945.6,39925.1,39927.9,0
2019-06-11 12:55:00,39927.9,39954.4,39927.6,39949.7,0
2019-06-11 13:00:00,39947.5,39953.7,39906.1,39910.0,0
2019-06-11 13:05:00,39910.0,39937.6,39906.1,39937.6,0
2019-06-11 13:10:00,39937.6,39950.0,39925.4,39943.1,0
2019-06-11 13:15:00,39942.9,39958.0,39933.2,39954.8,0
2019-06-11 13:20:00,39954.7,39954.7,39933.3,39938.5,0
2019-06-11 13:25:00,39939.4,39943.0,39921.9,39929.4,0
2019-06-11 13:30:00,39929.3,39946.5,39926.3,39928.5,0
2019-06-11 13:35:00,39928.0,39940.6,39924.8,39940.3,0
2019-06-11 13:40:00,39938.4,39956.1,39936.6,39950.0,0
2019-06-11 13:45:00,39950.6,39992.6,39945.9,39992.0,0
2019-06-11 13:50:00,39992.9,40015.4,39992.9,40002.1,0
2019-06-11 13:55:00,40000.5,40003.7,39977.0,39986.6,0
2019-06-11 14:00:00,39986.3,40015.7,39979.5,40009.7,0
2019-06-11 14:05:00,40008.5,40048.7,40004.8,40048.6,0
2019-06-11 14:10:00,40047.6,40048.5,40023.9,40036.5,0
2019-06-11 14:15:00,40036.7,40053.9,40020.6,40029.4,0
2019-06-11 14:20:00,40034.1,40055.0,40026.8,40026.8,0
2019-06-11 14:25:00,40027.8,40051.2,40002.8,40048.5,0
2019-06-11 14:30:00,40046.7,40066.3,40040.7,40040.7,0
2019-06-11 14:35:00,40039.9,40061.7,40017.7,40021.7,0
2019-06-11 14:40:00,40024.2,40030.6,39988.1,39988.7,0
2019-06-11 14:45:00,39990.6,40001.5,39961.2,39985.5,0
2019-06-11 14:50:00,39985.3,39998.2,39965.0,39998.2,0
2019-06-11 14:55:00,39999.9,40006.3,39977.9,39978.9,0
2019-06-11 15:00:00,39978.1,40005.2,39918.8,39931.5,0
2019-06-11 15:05:00,39934.6,39951.9,39925.9,39944.3,0
2019-06-11 15:10:00,39946.4,39957.8,39931.9,39951.1,0
2019-06-11 15:15:00,39951.6,39963.2,39937.5,39949.8,0
2019-06-11 15:20:00,39960.0,39979.1,39952.2,39955.5,0
2019-06-11 15:25:00,39959.8,39961.0,39934.0,39943.0,0
2019-06-12 09:15:00,39974.2,39982.1,39785.4,39816.8,0
2019-06-12 09:20:00,39817.2,39817.2,39780.0,39811.1,0
2019-06-12 09:25:00,39808.1,39818.4,39786.9,39812.9,0
2019-06-12 09:30:00,39807.7,39812.0,39781.9,39786.9,0
2019-06-12 09:35:00,39785.7,39811.3,39785.1,39792.9,0
2019-06-12 09:40:00,39793.2,39802.9,39774.7,39802.2,0
2019-06-12 09:45:00,39801.6,39809.2,39786.4,39804.5,0
2019-06-12 09:50:00,39806.4,39829.2,39803.6,39806.0,0
2019-06-12 09:55:00,39807.2,39807.2,39794.3,39797.9,0
2019-06-12 10:00:00,39797.1,39827.3,39777.8,39781.5,0
2019-06-12 10:05:00,39779.1,39779.3,39733.5,39734.1,0
2019-06-12 10:10:00,39737.6,39757.5,39730.7,39754.0,0
2019-06-12 10:15:00,39756.2,39760.1,39722.3,39737.5,0
2019-06-12 10:20:00,39728.1,39730.7,39716.0,39717.6,0
2019-06-12 10:25:00,39715.2,39743.9,39713.2,39728.5,0
2019-06-12 10:30:00,39728.3,39737.5,39706.6,39707.2,0
2019-06-12 10:35:00,39706.5,39706.5,39679.9,39690.0,0
2019-06-12 10:40:00,39690.3,39700.2,39683.8,39694.8,0
2019-06-12 10:45:00,39694.1,39700.9,39684.4,39699.8,0
2019-06-12 10:50:00,39696.7,39719.6,39693.4,39715.7,0
2019-06-12 10:55:00,39713.7,39733.0,39713.7,39729.7,0
2019-06-12 11:00:00,39731.6,39731.6,39684.0,39685.4,0
2019-06-12 11:05:00,39684.2,39684.2,39653.6,39657.0,0
2019-06-12 11:10:00,39658.0,39675.4,39656.0,39667.2,0
2019-06-12 11:15:00,39665.3,39675.1,39660.1,39675.1,0
2019-06-12 11:20:00,39675.4,39697.7,39674.8,39697.7,0
2019-06-12 11:25:00,39696.6,39707.9,39683.8,39683.8,0
2019-06-12 11:30:00,39682.1,39687.1,39675.3,39683.8,0
2019-06-12 11:35:00,39683.5,39684.9,39658.7,39658.7,0
2019-06-12 11:40:00,39659.2,39668.8,39659.2,39667.7,0
2019-06-12 11:45:00,39669.9,39681.9,39669.9,39681.6,0
2019-06-12 11:50:00,39680.6,39689.8,39676.9,39677.1,0
2019-06-12 11:55:00,39677.0,39680.7,39671.5,39675.9,0
2019-06-12 12:00:00,39675.9,39702.9,39675.7,39699.6,0
2019-06-12 12:05:00,39699.4,39711.6,39687.5,39687.5,0
2019-06-12 12:10:00,39687.9,39690.1,39679.7,39687.1,0
2019-06-12 12:15:00,39686.9,39689.0,39665.4,39685.2,0
2019-06-12 12:20:00,39685.4,39697.6,39667.8,39667.8,0
2019-06-12 12:25:00,39667.4,39676.5,39664.8,39664.9,0
2019-06-12 12:30:00,39662.8,39688.7,39655.5,39683.1,0
2019-06-12 12:35:00,39682.2,39699.6,39681.2,39693.4,0
2019-06-12 12:40:00,39694.0,39723.9,39691.8,39701.5,0
2019-06-12 12:45:00,39702.7,39721.2,39702.7,39721.2,0
2019-06-12 12:50:00,39721.5,39721.6,39703.6,39707.0,0
2019-06-12 12:55:00,39707.0,39715.7,39701.6,39711.7,0
2019-06-12 13:00:00,39711.1,39739.6,39705.2,39733.8,0
2019-06-12 13:05:00,39733.5,39749.2,39728.0,39736.1,0
2019-06-12 13:10:00,39738.5,39743.2,39727.0,39727.0,0
2019-06-12 13:15:00,39726.6,39726.6,39672.0,39674.0,0
2019-06-12 13:20:00,39673.8,39679.4,39627.6,39628.8,0
2019-06-12 13:25:00,39627.7,39654.1,39623.5,39650.1,0
2019-06-12 13:30:00,39649.2,39677.2,39643.6,39672.4,0
2019-06-12 13:35:00,39669.7,39725.4,39669.7,39713.1,0
2019-06-12 13:40:00,39713.1,39721.7,39703.6,39703.6,0
2019-06-12 13:45:00,39703.6,39719.4,39694.2,39704.9,0
2019-06-12 13:50:00,39704.7,39716.9,39695.9,39716.9,0
2019-06-12 13:55:00,39717.1,39736.2,39715.7,39722.7,0
2019-06-12 14:00:00,39717.0,39720.7,39700.4,39716.6,0
2019-06-12 14:05:00,39716.6,39735.7,39701.8,39731.8,0
2019-06-12 14:10:00,39732.4,39762.6,39728.0,39762.1,0
2019-06-12 14:15:00,39761.8,39785.4,39747.8,39776.1,0
2019-06-12 14:20:00,39776.1,39798.1,39734.0,39734.0,0
2019-06-12 14:25:00,39734.7,39754.0,39732.0,39751.3,0
2019-06-12 14:30:00,39752.7,39753.2,39710.0,39728.2,0
2019-06-12 14:35:00,39728.0,39731.0,39705.6,39721.9,0
2019-06-12 14:40:00,39719.5,39719.7,39699.2,39711.7,0
2019-06-12 14:45:00,39709.9,39724.0,39702.8,39709.8,0
2019-06-12 14:50:00,39709.6,39710.5,39672.1,39678.9,0
2019-06-12 14:55:00,39677.0,39722.3,39677.0,39720.4,0
2019-06-12 15:00:00,39720.4,39766.5,39718.0,39749.7,0
2019-06-12 15:05:00,39751.5,39771.4,39742.8,39745.0,0
2019-06-12 15:10:00,39745.4,39756.0,39724.6,39754.0,0
2019-06-12 15:15:00,39753.7,39766.8,39747.9,39761.8,0
2019-06-12 15:20:00,39760.5,39783.2,39759.9,39777.5,0
2019-06-12 15:25:00,39778.1,39802.7,39775.5,39781.5,0
2019-06-13 09:15:00,39679.4,39679.4,39619.3,39664.2,0
2019-06-13 09:20:00,39664.3,39722.6,39658.2,39713.8,0
2019-06-13 09:25:00,39711.0,39724.5,39678.2,39694.1,0
2019-06-13 09:30:00,39692.1,39692.1,39636.3,39642.5,0
2019-06-13 09:35:00,39638.0,39648.1,39619.1,39619.4,0
2019-06-13 09:40:00,39620.6,39642.3,39620.2,39637.3,0
2019-06-13 09:45:00,39638.2,39644.3,39610.9,39621.6,0
2019-06-13 09:50:00,39621.1,39640.9,39613.7,39614.6,0
2019-06-13 09:55:00,39614.4,39617.0,39587.6,39588.1,0
2019-06-13 10:00:00,39585.8,39587.1,39556.3,39556.3,0
2019-06-13 10:05:00,39555.9,39560.9,39530.1,39532.4,0
2019-06-13 10:10:00,39534.0,39576.8,39528.8,39576.8,0
2019-06-13 10:15:00,39576.2,39583.9,39563.2,39576.1,0
2019-06-13 10:20:00,39574.5,39591.7,39574.2,39578.9,0
2019-06-13 10:25:00,39579.4,39589.2,39567.8,39579.3,0
2019-06-13 10:30:00,39578.8,39606.9,39578.6,39599.9,0
2019-06-13 10:35:00,39600.0,39606.2,39582.8,39585.7,0
2019-06-13 10:40:00,39583.8,39586.2,39567.8,39572.6,0
2019-06-13 10:45:00,39572.5,39581.0,39569.8,39570.1,0
2019-06-13 10:50:00,39570.4,39583.0,39568.5,39575.3,0
2019-06-13 10:55:00,39575.3,39578.3,39551.0,39551.0,0
2019-06-13 11:00:00,39551.4,39555.3,39538.4,39543.2,0
2019-06-13 11:05:00,39543.6,39549.3,39511.1,39515.2,0
2019-06-13 11:10:00,39514.3,39527.4,39502.7,39513.8,0
2019-06-13 11:15:00,39513.4,39543.6,39513.4,39542.4,0
2019-06-13 11:20:00,39543.0,39543.6,39521.1,39532.8,0
2019-06-13 11:25:00,39532.7,39532.8,39513.9,39523.3,0
2019-06-13 11:30:00,39522.7,39522.7,39498.0,39511.5,0
2019-06-13 11:35:00,39511.3,39526.3,39501.4,39521.4,0
2019-06-13 11:40:00,39522.1,39533.5,39519.2,39530.3,0
2019-06-13 11:45:00,39531.1,39541.0,39510.6,39513.6,0
2019-06-13 11:50:00,39513.6,39525.1,39497.9,39502.3,0
2019-06-13 11:55:00,39503.6,39503.7,39461.3,39463.8,0
2019-06-13 12:00:00,39463.9,39499.5,39462.3,39498.0,0
2019-06-13 12:05:00,39498.1,39525.7,39497.7,39525.7,0
2019-06-13 12:10:00,39521.4,39521.4,39502.8,39505.2,0
2019-06-13 12:15:00,39506.0,39517.7,39491.1,39491.1,0
2019-06-13 12:20:00,39491.1,39502.1,39488.3,39501.2,0
2019-06-13 12:25:00,39502.0,39529.2,39502.0,39521.0,0
2019-06-13 12:30:00,39521.0,39547.4,39521.0,39535.9,0
2019-06-13 12:35:00,39536.9,39538.1,39521.5,39522.9,0
2019-06-13 12:40:00,39522.2,39546.5,39519.9,39546.5,0
2019-06-13 12:45:00,39546.3,39547.0,39528.6,39547.0,0
2019-06-13 12:50:00,39547.0,39551.3,39539.4,39545.0,0
2019-06-13 12:55:00,39544.5,39544.6,39530.8,39538.2,0
2019-06-13 13:00:00,39537.8,39584.0,39537.8,39575.8,0
2019-06-13 13:05:00,39576.6,39605.5,39569.6,39605.5,0
2019-06-13 13:10:00,39605.4,39613.0,39597.6,39598.4,0
2019-06-13 13:15:00,39597.7,39619.2,39584.3,39617.9,0
2019-06-13 13:20:00,39616.8,39617.1,39558.0,39569.9,0
2019-06-13 13:25:00,39568.7,39603.2,39563.2,39584.1,0
2019-06-13 13:30:00,39584.6,39591.1,39560.4,39587.6,0
2019-06-13 13:35:00,39587.4,39591.2,39568.6,39577.5,0
2019-06-13 13:40:00,39577.7,39590.1,39559.8,39562.1,0
2019-06-13 13:45:00,39562.0,39590.0,39561.5,39585.4,0
2019-06-13 13:50:00,39584.5,39599.0,39570.8,39599.0,0
2019-06-13 13:55:00,39598.6,39633.4,39598.6,39625.5,0
2019-06-13 14:00:00,39626.5,39681.0,39626.1,39673.0,0
2019-06-13 14:05:00,39673.7,39712.6,39670.2,39687.1,0
2019-06-13 14:10:00,39686.7,39714.3,39678.2,39713.1,0
2019-06-13 14:15:00,39713.9,39779.0,39713.9,39744.2,0
2019-06-13 14:20:00,39743.4,39744.6,39700.7,39742.9,0
2019-06-13 14:25:00,39742.4,39743.8,39706.9,39717.0,0
2019-06-13 14:30:00,39717.2,39731.4,39674.3,39691.9,0
2019-06-13 14:35:00,39691.2,39717.0,39688.6,39706.3,0
2019-06-13 14:40:00,39724.6,39734.0,39710.2,39734.0,0
2019-06-13 14:45:00,39736.0,39754.6,39709.3,39710.6,0
2019-06-13 14:50:00,39711.2,39734.2,39709.8,39709.8,0
2019-06-13 14:55:00,39710.6,39723.6,39698.8,39718.4,0
2019-06-13 15:00:00,39716.5,39747.7,39709.1,39734.2,0
2019-06-13 15:05:00,39734.9,39754.1,39725.6,39751.9,0
2019-06-13 15:10:00,39752.1,39800.8,39749.7,39751.6,0
2019-06-13 15:15:00,39751.0,39756.9,39723.8,39729.8,0
2019-06-13 15:20:00,39731.9,39737.2,39714.1,39732.2,0
2019-06-13 15:25:00,39734.5,39741.6,39714.1,39714.6,0
2019-06-14 09:15:00,39797.0,39799.9,39703.7,39707.9,0
2019-06-14 09:20:00,39713.5,39735.3,39665.2,39672.1,0
2019-06-14 09:25:00,39670.5,39677.4,39632.2,39632.5,0
2019-06-14 09:30:00,39633.5,39635.2,39583.3,39599.7,0
2019-06-14 09:35:00,39599.5,39625.2,39598.0,39607.4,0
2019-06-14 09:40:00,39607.6,39626.8,39572.8,39575.2,0
2019-06-14 09:45:00,39574.1,39581.0,39561.3,39568.6,0
2019-06-14 09:50:00,39568.3,39582.8,39560.5,39582.4,0
2019-06-14 09:55:00,39578.5,39619.3,39575.9,39609.3,0
2019-06-14 10:00:00,39609.5,39647.4,39609.5,39627.6,0
2019-06-14 10:05:00,39627.8,39629.9,39614.2,39614.9,0
2019-06-14 10:10:00,39614.4,39654.5,39614.2,39654.2,0
2019-06-14 10:15:00,39654.4,39661.7,39642.1,39645.3,0
2019-06-14 10:20:00,39645.2,39663.0,39634.4,39663.0,0
2019-06-14 10:25:00,39663.3,39664.2,39646.9,39651.0,0
2019-06-14 10:30:00,39651.2,39651.2,39603.0,39610.9,0
2019-06-14 10:35:00,39612.5,39615.7,39595.5,39602.2,0
2019-06-14 10:40:00,39601.6,39613.3,39599.5,39607.8,0
2019-06-14 10:45:00,39608.0,39610.3,39565.4,39574.8,0
2019-06-14 10:50:00,39574.9,39588.7,39571.4,39586.1,0
2019-06-14 10:55:00,39585.5,39597.9,39573.7,39597.7,0
2019-06-14 11:00:00,39595.1,39595.5,39578.2,39592.5,0
2019-06-14 11:05:00,39592.0,39596.5,39573.2,39574.3,0
2019-06-14 11:10:00,39574.7,39586.3,39570.5,39578.5,0
2019-06-14 11:15:00,39578.6,39578.6,39537.1,39547.1,0
2019-06-14 11:20:00,39548.5,39566.9,39547.2,39564.8,0
2019-06-14 11:25:00,39564.8,39578.8,39564.6,39576.4,0
2019-06-14 11:30:00,39576.3,39577.0,39567.4,39568.7,0
2019-06-14 11:35:00,39568.7,39571.5,39560.5,39560.6,0
2019-06-14 11:40:00,39557.6,39561.3,39545.8,39545.8,0
2019-06-14 11:45:00,39545.7,39551.4,39514.7,39534.0,0
2019-06-14 11:50:00,39535.9,39551.8,39531.9,39549.4,0
2019-06-14 11:55:00,39548.0,39550.4,39533.5,39534.4,0
2019-06-14 12:00:00,39534.1,39546.4,39531.8,39541.1,0
2019-06-14 12:05:00,39541.0,39551.2,39522.8,39551.2,0
2019-06-14 12:10:00,39552.4,39568.5,39552.4,39561.3,0
2019-06-14 12:15:00,39560.9,39562.6,39542.7,39550.3,0
2019-06-14 12:20:00,39550.2,39597.1,39550.0,39586.7,0
2019-06-14 12:25:00,39592.0,39608.6,39585.7,39608.6,0
2019-06-14 12:30:00,39608.5,39619.6,39601.8,39602.6,0
2019-06-14 12:35:00,39602.6,39602.9,39585.9,39585.9,0
2019-06-14 12:40:00,39585.3,39585.3,39574.2,39574.2,0
2019-06-14 12:45:00,39574.0,39605.5,39568.8,39605.2,0
2019-06-14 12:50:00,39605.6,39606.5,39580.0,39586.1,0
2019-06-14 12:55:00,39585.9,39612.0,39584.1,39601.8,0
2019-06-14 13:00:00,39598.6,39603.9,39589.0,39595.9,0
2019-06-14 13:05:00,39597.1,39600.4,39539.9,39539.9,0
2019-06-14 13:10:00,39540.6,39559.4,39540.3,39557.0,0
2019-06-14 13:15:00,39558.1,39558.1,39535.7,39549.9,0
2019-06-14 13:20:00,39549.8,39553.7,39541.5,39552.4,0
2019-06-14 13:25:00,39552.1,39572.8,39551.9,39568.2,0
2019-06-14 13:30:00,39568.6,39568.6,39551.3,39551.8,0
2019-06-14 13:35:00,39550.9,39554.3,39538.8,39548.3,0
2019-06-14 13:40:00,39548.3,39584.1,39547.8,39577.0,0
2019-06-14 13:45:00,39576.9,39576.9,39558.1,39559.9,0
2019-06-14 13:50:00,39559.9,39560.9,39527.2,39531.1,0
2019-06-14 13:55:00,39531.8,39566.0,39522.3,39559.8,0
2019-06-14 14:00:00,39559.8,39560.8,39541.8,39553.5,0
2019-06-14 14:05:00,39554.0,39554.0,39534.8,39544.7,0
2019-06-14 14:10:00,39545.1,39548.1,39536.1,39545.2,0
2019-06-14 14:15:00,39544.4,39557.1,39536.2,39555.4,0
2019-06-14 14:20:00,39555.6,39572.8,39532.1,39547.6,0
2019-06-14 14:25:00,39548.0,39569.6,39544.6,39554.7,0
2019-06-14 14:30:00,39555.3,39587.4,39553.2,39574.2,0
2019-06-14 14:35:00,39574.7,39603.6,39561.6,39562.3,0
2019-06-14 14:40:00,39564.8,39597.2,39564.0,39594.6,0
2019-06-14 14:45:00,39595.6,39639.8,39593.7,39626.6,0
2019-06-14 14:50:00,39624.4,39632.1,39583.0,39588.5,0
2019-06-14 14:55:00,39588.8,39611.3,39584.8,39603.8,0
2019-06-14 15:00:00,39603.3,39619.4,39524.9,39540.2,0
2019-06-14 15:05:00,39540.1,39543.9,39459.7,39464.8,0
2019-06-14 15:10:00,39465.9,39470.6,39381.0,39395.1,0
2019-06-14 15:15:00,39390.0,39429.1,39363.4,39420.5,0
2019-06-14 15:20:00,39418.0,39426.1,39395.6,39412.3,0
2019-06-14 15:25:00,39410.9,39431.9,39397.5,39423.1,0
2019-06-17 09:15:00,39514.4,39540.4,39344.9,39353.3,0
2019-06-17 09:20:00,39351.3,39351.3,39300.2,39324.0,0
2019-06-17 09:25:00,39324.7,39349.5,39294.4,39294.6,0
2019-06-17 09:30:00,39285.5,39293.7,39258.3,39292.6,0
2019-06-17 09:35:00,39294.9,39302.0,39280.1,39293.5,0
2019-06-17 09:40:00,39292.2,39297.9,39271.1,39289.6,0
2019-06-17 09:45:00,39290.8,39298.5,39273.5,39284.1,0
2019-06-17 09:50:00,39282.2,39290.7,39239.2,39246.3,0
2019-06-17 09:55:00,39244.7,39274.8,39240.3,39257.5,0
2019-06-17 10:00:00,39261.8,39271.0,39204.9,39216.6,0
2019-06-17 10:05:00,39215.4,39234.9,39214.6,39228.9,0
2019-06-17 10:10:00,39228.7,39262.6,39224.1,39260.0,0
2019-06-17 10:15:00,39259.2,39259.2,39234.4,39234.9,0
2019-06-17 10:20:00,39237.4,39249.6,39227.7,39228.8,0
2019-06-17 10:25:00,39226.8,39232.2,39218.6,39225.9,0
2019-06-17 10:30:00,39223.3,39226.9,39211.0,39219.9,0
2019-06-17 10:35:00,39222.4,39261.1,39222.4,39244.7,0
2019-06-17 10:40:00,39244.7,39260.3,39240.2,39246.3,0
2019-06-17 10:45:00,39246.0,39249.1,39231.9,39240.4,0
2019-06-17 10:50:00,39239.6,39274.2,39235.7,39262.8,0
2019-06-17 10:55:00,39263.1,39302.5,39259.1,39300.6,0
2019-06-17 11:00:00,39298.8,39302.9,39272.9,39279.5,0
2019-06-17 11:05:00,39277.5,39277.5,39248.8,39249.7,0
2019-06-17 11:10:00,39249.8,39251.6,39235.9,39240.2,0
2019-06-17 11:15:00,39239.7,39248.3,39223.0,39242.4,0
2019-06-17 11:20:00,39242.6,39247.2,39222.7,39226.1,0
2019-06-17 11:25:00,39225.8,39243.0,39221.6,39234.8,0
2019-06-17 11:30:00,39234.8,39234.8,39203.6,39205.9,0
2019-06-17 11:35:00,39205.0,39218.9,39194.7,39207.7,0
2019-06-17 11:40:00,39206.8,39210.7,39184.4,39197.2,0
2019-06-17 11:45:00,39198.0,39205.8,39191.4,39194.8,0
2019-06-17 11:50:00,39195.3,39219.3,39195.1,39205.8,0
2019-06-17 11:55:00,39205.2,39207.5,39183.7,39183.7,0
2019-06-17 12:00:00,39183.0,39190.5,39174.1,39177.2,0
2019-06-17 12:05:00,39177.6,39185.7,39162.5,39163.6,0
2019-06-17 12:10:00,39161.9,39161.9,39126.3,39136.7,0
2019-06-17 12:15:00,39137.4,39161.4,39137.1,39148.0,0
2019-06-17 12:20:00,39147.9,39173.6,39143.5,39173.2,0
2019-06-17 12:25:00,39173.6,39174.1,39144.1,39146.6,0
2019-06-17 12:30:00,39144.8,39152.9,39133.5,39143.7,0
2019-06-17 12:35:00,39143.3,39146.1,39113.8,39118.4,0
2019-06-17 12:40:00,39119.6,39120.6,39102.5,39113.4,0
2019-06-17 12:45:00,39109.5,39119.6,39098.2,39110.1,0
2019-06-17 12:50:00,39110.5,39140.2,39108.1,39140.2,0
2019-06-17 12:55:00,39140.7,39149.0,39123.4,39124.7,0
2019-06-17 13:00:00,39124.8,39124.8,39102.2,39112.3,0
2019-06-17 13:05:00,39112.6,39127.6,39102.9,39126.4,0
2019-06-17 13:10:00,39126.4,39143.2,39093.4,39095.8,0
2019-06-17 13:15:00,39093.6,39113.3,39088.8,39109.1,0
2019-06-17 13:20:00,39108.6,39110.5,39071.2,39072.3,0
2019-06-17 13:25:00,39072.7,39091.0,39071.4,39087.6,0
2019-06-17 13:30:00,39087.3,39101.4,39072.3,39081.6,0
2019-06-17 13:35:00,39081.8,39107.9,39070.3,39070.9,0
2019-06-17 13:40:00,39071.1,39092.1,39063.6,39089.4,0
2019-06-17 13:45:00,39089.0,39098.1,39083.1,39083.6,0
2019-06-17 13:50:00,39082.5,39089.3,39060.9,39064.3,0
2019-06-17 13:55:00,39066.2,39066.4,39048.0,39061.2,0
2019-06-17 14:00:00,39061.0,39081.0,39061.0,39067.5,0
2019-06-17 14:05:00,39067.1,39103.1,39067.0,39090.9,0
2019-06-17 14:10:00,39093.4,39095.5,39071.5,39072.8,0
2019-06-17 14:15:00,39072.8,39079.4,39056.0,39070.3,0
2019-06-17 14:20:00,39069.9,39089.8,39066.0,39089.2,0
2019-06-17 14:25:00,39089.2,39113.2,39077.8,39087.7,0
2019-06-17 14:30:00,39087.8,39114.6,39085.9,39095.0,0
2019-06-17 14:35:00,39094.7,39121.4,39090.1,39094.1,0
2019-06-17 14:40:00,39096.2,39096.2,39041.1,39054.6,0
2019-06-17 14:45:00,39052.5,39052.5,39029.8,39046.9,0
2019-06-17 14:50:00,39046.8,39055.2,39041.0,39049.7,0
2019-06-17 14:55:00,39047.1,39079.7,39047.1,39061.0,0
2019-06-17 15:00:00,39061.4,39061.5,39009.4,39013.8,0
2019-06-17 15:05:00,39013.5,39022.0,38970.5,38974.0,0
2019-06-17 15:10:00,38973.2,38979.5,38939.0,38951.0,0
2019-06-17 15:15:00,38952.1,38957.6,38911.5,38943.9,0
2019-06-17 15:20:00,38945.6,38951.9,38924.6,38949.9,0
2019-06-17 15:25:00,38946.4,38997.3,38935.1,38986.4,0
2019-06-18 09:15:00,39057.0,39111.7,38990.6,39094.2,0
2019-06-18 09:20:00,39095.4,39125.0,39081.8,39081.8,0
2019-06-18 09:25:00,39083.9,39085.0,39036.7,39038.4,0
2019-06-18 09:30:00,39040.3,39051.1,38969.1,39011.5,0
2019-06-18 09:35:00,39013.0,39038.6,38987.5,38987.5,0
2019-06-18 09:40:00,38985.9,38996.2,38960.2,38993.6,0
2019-06-18 09:45:00,38993.2,39018.1,38974.2,38979.6,0
2019-06-18 09:50:00,38979.3,39032.8,38979.0,39027.3,0
2019-06-18 09:55:00,39027.3,39068.4,39025.1,39067.2,0
2019-06-18 10:00:00,39066.5,39139.7,39059.6,39138.6,0
2019-06-18 10:05:00,39138.3,39146.0,39097.3,39116.6,0
2019-06-18 10:10:00,39116.2,39126.3,39109.6,39117.6,0
2019-06-18 10:15:00,39117.2,39122.1,39096.2,39119.8,0
2019-06-18 10:20:00,39118.9,39118.9,39088.9,39104.9,0
2019-06-18 10:25:00,39102.4,39106.2,39082.1,39092.8,0
2019-06-18 10:30:00,39090.9,39094.6,39065.8,39075.7,0
2019-06-18 10:35:00,39076.1,39076.1,39041.8,39068.9,0
2019-06-18 10:40:00,39068.6,39072.4,39043.4,39052.7,0
2019-06-18 10:45:00,39052.8,39065.7,39043.0,39047.5,0
2019-06-18 10:50:00,39049.1,39049.3,39015.9,39017.6,0
2019-06-18 10:55:00,39018.1,39031.6,39013.0,39025.7,0
2019-06-18 11:00:00,39026.2,39044.0,39011.6,39040.3,0
2019-06-18 11:05:00,39039.9,39063.2,39038.2,39046.6,0
2019-06-18 11:10:00,39047.7,39049.6,39025.1,39026.4,0
2019-06-18 11:15:00,39026.8,39084.4,39025.8,39080.9,0
2019-06-18 11:20:00,39079.9,39113.0,39077.2,39110.3,0
2019-06-18 11:25:00,39110.1,39111.7,39074.3,39097.8,0
2019-06-18 11:30:00,39097.6,39108.0,39090.1,39101.4,0
2019-06-18 11:35:00,39099.0,39099.0,39081.4,39092.1,0
2019-06-18 11:40:00,39092.9,39118.9,39092.9,39117.6,0
2019-06-18 11:45:00,39119.3,39137.6,39101.7,39106.5,0
2019-06-18 11:50:00,39106.9,39107.4,39082.9,39095.7,0
2019-06-18 11:55:00,39095.7,39107.5,39078.8,39080.8,0
2019-06-18 12:00:00,39082.4,39087.3,39064.6,39070.1,0
2019-06-18 12:05:00,39071.2,39092.0,39066.3,39087.1,0
2019-06-18 12:10:00,39087.2,39101.5,39079.5,39090.7,0
2019-06-18 12:15:00,39091.0,39114.0,39090.2,39114.0,0
2019-06-18 12:20:00,39112.8,39120.5,39099.4,39107.7,0
2019-06-18 12:25:00,39106.6,39111.8,39092.5,39099.2,0
2019-06-18 12:30:00,39101.0,39153.6,39099.2,39152.9,0
2019-06-18 12:35:00,39153.3,39167.2,39133.6,39137.8,0
2019-06-18 12:40:00,39137.8,39150.4,39133.6,39134.2,0
2019-06-18 12:45:00,39134.3,39135.7,39114.7,39125.9,0
2019-06-18 12:50:00,39125.0,39136.8,39113.4,39130.3,0
2019-06-18 12:55:00,39132.1,39139.0,39124.0,39126.6,0
2019-06-18 13:00:00,39126.6,39138.8,39117.9,39137.4,0
2019-06-18 13:05:00,39137.4,39148.1,39130.3,39146.8,0
2019-06-18 13:10:00,39147.2,39149.6,39131.9,39139.0,0
2019-06-18 13:15:00,39138.8,39142.7,39118.1,39118.1,0
2019-06-18 13:20:00,39109.4,39109.8,39016.3,39026.1,0
2019-06-18 13:25:00,39026.9,39056.9,39018.8,39034.6,0
2019-06-18 13:30:00,39034.5,39036.8,38976.5,39012.8,0
2019-06-18 13:35:00,39014.0,39019.0,38981.7,38988.6,0
2019-06-18 13:40:00,38986.9,39019.5,38986.9,39016.8,0
2019-06-18 13:45:00,39017.2,39054.0,39012.2,39043.7,0
2019-06-18 13:50:00,39042.6,39057.6,39035.1,39045.3,0
2019-06-18 13:55:00,39046.8,39049.6,39028.2,39036.3,0
2019-06-18 14:00:00,39034.2,39103.9,39031.7,39102.9,0
2019-06-18 14:05:00,39102.1,39110.2,39083.0,39087.7,0
2019-06-18 14:10:00,39089.5,39109.5,39086.1,39097.0,0
2019-06-18 14:15:00,39097.1,39167.8,39095.6,39140.3,0
2019-06-18 14:20:00,39138.7,39143.0,39075.5,39078.2,0
2019-06-18 14:25:00,39079.8,39080.2,39019.2,39054.8,0
2019-06-18 14:30:00,39055.7,39056.4,39024.6,39024.6,0
2019-06-18 14:35:00,39025.0,39045.8,39016.2,39021.2,0
2019-06-18 14:40:00,39021.4,39024.1,38985.3,38994.0,0
2019-06-18 14:45:00,38994.4,39039.6,38967.4,38967.4,0
2019-06-18 14:50:00,38966.2,38971.4,38898.2,38911.2,0
2019-06-18 14:55:00,38909.6,38909.6,38871.0,38872.1,0
2019-06-18 15:00:00,38872.8,38996.8,38871.6,38991.9,0
2019-06-18 15:05:00,38993.0,39051.4,38984.4,39040.4,0
2019-06-18 15:10:00,39041.2,39055.5,39028.0,39052.1,0
2019-06-18 15:15:00,39058.2,39084.7,39052.8,39067.2,0
2019-06-18 15:20:00,39066.8,39070.8,39047.1,39053.2,0
2019-06-18 15:25:00,39052.9,39080.3,39046.5,39069.6,0
2019-06-19 09:15:00,39176.6,39320.7,39158.1,39299.6,0
2019-06-19 09:20:00,39303.5,39359.6,39303.5,39346.2,0
2019-06-19 09:25:00,39343.7,39396.7,39330.6,39396.3,0
2019-06-19 09:30:00,39400.5,39435.8,39400.5,39406.0,0
2019-06-19 09:35:00,39406.5,39429.4,39387.3,39388.2,0
2019-06-19 09:40:00,39386.5,39387.3,39351.9,39359.1,0
2019-06-19 09:45:00,39359.2,39362.1,39324.7,39324.7,0
2019-06-19 09:50:00,39327.1,39360.1,39326.7,39339.4,0
2019-06-19 09:55:00,39339.2,39348.8,39320.2,39328.2,0
2019-06-19 10:00:00,39328.6,39341.5,39323.1,39335.8,0
2019-06-19 10:05:00,39338.4,39371.2,39338.1,39361.9,0
2019-06-19 10:10:00,39362.4,39367.0,39350.5,39366.9,0
2019-06-19 10:15:00,39366.5,39381.2,39362.6,39362.6,0
2019-06-19 10:20:00,39362.7,39364.2,39342.8,39345.7,0
2019-06-19 10:25:00,39345.8,39368.5,39343.1,39368.5,0
2019-06-19 10:30:00,39367.1,39394.3,39363.8,39372.3,0
2019-06-19 10:35:00,39374.1,39377.7,39359.4,39364.5,0
2019-06-19 10:40:00,39356.2,39366.3,39334.1,39338.8,0
2019-06-19 10:45:00,39341.4,39362.8,39333.9,39362.8,0
2019-06-19 10:50:00,39363.4,39373.4,39357.4,39367.4,0
2019-06-19 10:55:00,39368.7,39381.4,39366.8,39375.3,0
2019-06-19 11:00:00,39375.1,39391.1,39372.3,39374.8,0
2019-06-19 11:05:00,39374.6,39374.8,39329.0,39341.2,0
2019-06-19 11:10:00,39341.7,39341.7,39310.2,39315.7,0
2019-06-19 11:15:00,39316.4,39318.4,39288.1,39289.6,0
2019-06-19 11:20:00,39289.0,39289.0,39257.2,39257.2,0
2019-06-19 11:25:00,39258.0,39300.3,39255.1,39288.3,0
2019-06-19 11:30:00,39286.4,39288.6,39263.3,39264.8,0
2019-06-19 11:35:00,39265.1,39269.1,39240.1,39243.6,0
2019-06-19 11:40:00,39245.0,39259.2,39208.4,39215.1,0
2019-06-19 11:45:00,39212.9,39218.8,39177.7,39209.2,0
2019-06-19 11:50:00,39209.8,39209.8,39185.2,39204.4,0
2019-06-19 11:55:00,39204.0,39218.0,39172.1,39217.0,0
2019-06-19 12:00:00,39217.1,39236.2,39182.4,39182.4,0
2019-06-19 12:05:00,39182.6,39183.9,39160.1,39160.1,0
2019-06-19 12:10:00,39157.9,39191.3,39146.9,39182.6,0
2019-06-19 12:15:00,39181.9,39183.7,39166.1,39179.4,0
2019-06-19 12:20:00,39178.5,39179.6,39141.9,39155.9,0
2019-06-19 12:25:00,39154.1,39160.5,39107.3,39130.8,0
2019-06-19 12:30:00,39129.4,39147.2,39111.1,39144.8,0
2019-06-19 12:35:00,39144.4,39175.1,39144.0,39156.2,0
2019-06-19 12:40:00,39156.2,39156.2,39128.4,39135.1,0
2019-06-19 12:45:00,39130.6,39154.1,39129.5,39153.4,0
2019-06-19 12:50:00,39154.2,39162.9,39145.5,39147.4,0
2019-06-19 12:55:00,39147.0,39176.7,39142.9,39173.8,0
2019-06-19 13:00:00,39173.8,39206.6,39173.8,39186.7,0
2019-06-19 13:05:00,39186.9,39190.0,39166.7,39184.9,0
2019-06-19 13:10:00,39185.0,39188.9,39157.5,39157.5,0
2019-06-19 13:15:00,39157.7,39158.6,39142.4,39150.1,0
2019-06-19 13:20:00,39150.9,39176.1,39139.0,39139.9,0
2019-06-19 13:25:00,39140.6,39155.9,39131.3,39134.6,0
2019-06-19 13:30:00,39134.3,39198.2,39111.1,39197.9,0
2019-06-19 13:35:00,39198.1,39198.1,39164.8,39165.1,0
2019-06-19 13:40:00,39164.3,39182.1,39156.3,39179.3,0
2019-06-19 13:45:00,39179.2,39179.2,39126.3,39136.6,0
2019-06-19 13:50:00,39136.6,39163.6,39136.6,39152.1,0
2019-06-19 13:55:00,39149.5,39158.6,39106.3,39106.7,0
2019-06-19 14:00:00,39106.7,39136.5,39090.0,39090.0,0
2019-06-19 14:05:00,39088.4,39088.7,39018.8,39021.7,0
2019-06-19 14:10:00,39020.8,39079.5,39020.2,39059.5,0
2019-06-19 14:15:00,39059.4,39101.1,39056.5,39086.4,0
2019-06-19 14:20:00,39087.6,39087.6,39048.4,39061.8,0
2019-06-19 14:25:00,39063.7,39100.3,39061.5,39072.2,0
2019-06-19 14:30:00,39070.3,39071.9,38977.0,38989.0,0
2019-06-19 14:35:00,38988.7,38998.4,38955.5,38961.4,0
2019-06-19 14:40:00,38961.4,38994.4,38949.0,38972.9,0
2019-06-19 14:45:00,38970.8,38979.0,38892.1,38892.2,0
2019-06-19 14:50:00,38891.4,38918.9,38881.1,38918.9,0
2019-06-19 14:55:00,38919.6,38974.3,38905.7,38973.0,0
2019-06-19 15:00:00,38974.5,39053.6,38972.6,39023.3,0
2019-06-19 15:05:00,39020.2,39096.1,39008.2,39096.1,0
2019-06-19 15:10:00,39094.7,39132.7,39058.8,39120.5,0
2019-06-19 15:15:00,39120.1,39181.9,39070.2,39179.2,0
2019-06-19 15:20:00,39175.3,39183.3,39130.9,39148.9,0
2019-06-19 15:25:00,39142.7,39170.9,39136.4,39161.9,0
2019-06-20 09:15:00,39043.0,39047.0,38945.6,38977.9,0
2019-06-20 09:20:00,38977.8,38993.6,38934.7,38975.5,0
2019-06-20 09:25:00,38975.2,38999.8,38954.8,38992.6,0
2019-06-20 09:30:00,38990.2,39048.1,38979.7,39031.0,0
2019-06-20 09:35:00,39032.0,39078.7,39020.9,39063.1,0
2019-06-20 09:40:00,39064.0,39161.4,39062.1,39159.2,0
2019-06-20 09:45:00,39164.9,39178.6,39121.7,39131.2,0
2019-06-20 09:50:00,39129.3,39193.7,39127.9,39178.3,0
2019-06-20 09:55:00,39178.5,39214.9,39175.4,39192.1,0
2019-06-20 10:00:00,39191.1,39215.8,39189.5,39197.4,0
2019-06-20 10:05:00,39193.4,39226.5,39186.1,39224.3,0
2019-06-20 10:10:00,39223.3,39231.9,39208.9,39231.7,0
2019-06-20 10:15:00,39232.0,39235.2,39191.2,39202.6,0
2019-06-20 10:20:00,39202.2,39209.5,39189.1,39201.1,0
2019-06-20 10:25:00,39202.2,39207.9,39179.1,39182.5,0
2019-06-20 10:30:00,39181.6,39195.8,39179.4,39192.9,0
2019-06-20 10:35:00,39191.5,39216.9,39184.0,39204.3,0
2019-06-20 10:40:00,39213.1,39231.0,39208.4,39217.5,0
2019-06-20 10:45:00,39219.5,39236.8,39213.6,39220.9,0
2019-06-20 10:50:00,39220.9,39277.5,39214.6,39271.5,0
2019-06-20 10:55:00,39273.6,39281.9,39253.5,39281.3,0
2019-06-20 11:00:00,39282.1,39297.8,39268.3,39274.4,0
2019-06-20 11:05:00,39275.7,39294.1,39261.5,39284.6,0
2019-06-20 11:10:00,39282.3,39292.6,39276.1,39288.6,0
2019-06-20 11:15:00,39285.1,39298.3,39266.8,39269.5,0
2019-06-20 11:20:00,39270.1,39306.6,39269.8,39295.6,0
2019-06-20 11:25:00,39295.1,39295.7,39223.1,39223.1,0
2019-06-20 11:30:00,39225.8,39239.1,39211.8,39216.3,0
2019-06-20 11:35:00,39216.0,39221.8,39192.9,39220.4,0
2019-06-20 11:40:00,39218.8,39239.6,39216.9,39220.1,0
2019-06-20 11:45:00,39221.6,39237.7,39219.0,39234.0,0
2019-06-20 11:50:00,39235.2,39257.7,39234.9,39255.2,0
2019-06-20 11:55:00,39256.1,39266.9,39231.9,39262.0,0
2019-06-20 12:00:00,39261.2,39283.5,39252.7,39261.4,0
2019-06-20 12:05:00,39267.6,39267.6,39232.9,39243.9,0
2019-06-20 12:10:00,39241.8,39264.8,39241.0,39248.6,0
2019-06-20 12:15:00,39248.9,39277.6,39241.9,39277.6,0
2019-06-20 12:20:00,39270.8,39282.0,39261.1,39279.2,0
2019-06-20 12:25:00,39279.2,39287.5,39269.2,39280.7,0
2019-06-20 12:30:00,39280.6,39290.0,39276.6,39285.3,0
2019-06-20 12:35:00,39286.1,39320.3,39284.7,39320.3,0
2019-06-20 12:40:00,39327.3,39339.3,39315.2,39339.2,0
2019-06-20 12:45:00,39340.4,39360.6,39336.8,39336.8,0
2019-06-20 12:50:00,39336.6,39344.4,39330.4,39342.3,0
2019-06-20 12:55:00,39339.9,39373.8,39337.9,39358.5,0
2019-06-20 13:00:00,39360.3,39372.0,39337.0,39337.0,0
2019-06-20 13:05:00,39336.2,39349.8,39319.0,39319.0,0
2019-06-20 13:10:00,39319.1,39322.0,39284.0,39285.0,0
2019-06-20 13:15:00,39285.3,39314.8,39270.1,39289.4,0
2019-06-20 13:20:00,39289.6,39303.5,39287.6,39292.9,0
2019-06-20 13:25:00,39291.4,39323.3,39284.2,39316.7,0
2019-06-20 13:30:00,39312.9,39313.4,39283.6,39286.1,0
2019-06-20 13:35:00,39286.3,39333.6,39284.9,39332.9,0
2019-06-20 13:40:00,39334.4,39345.0,39327.2,39331.1,0
2019-06-20 13:45:00,39330.4,39357.7,39319.0,39319.0,0
2019-06-20 13:50:00,39317.2,39366.6,39316.8,39349.6,0
2019-06-20 13:55:00,39349.4,39363.5,39329.6,39363.5,0
2019-06-20 14:00:00,39367.2,39394.4,39367.2,39391.1,0
2019-06-20 14:05:00,39389.2,39426.6,39385.6,39407.7,0
2019-06-20 14:10:00,39408.2,39417.7,39384.7,39398.5,0
2019-06-20 14:15:00,39397.6,39420.0,39388.2,39398.2,0
2019-06-20 14:20:00,39399.0,39402.1,39349.1,39354.6,0
2019-06-20 14:25:00,39354.9,39396.0,39351.6,39395.3,0
2019-06-20 14:30:00,39396.1,39442.7,39396.0,39429.8,0
2019-06-20 14:35:00,39430.9,39454.5,39429.0,39445.2,0
2019-06-20 14:40:00,39447.2,39477.4,39433.1,39433.1,0
2019-06-20 14:45:00,39432.9,39489.0,39425.5,39489.0,0
2019-06-20 14:50:00,39487.9,39528.7,39487.7,39518.5,0
2019-06-20 14:55:00,39519.7,39545.8,39515.9,39541.6,0
2019-06-20 15:00:00,39541.8,39578.0,39541.8,39575.8,0
2019-06-20 15:05:00,39575.2,39585.6,39546.0,39581.6,0
2019-06-20 15:10:00,39581.7,39630.7,39580.8,39627.3,0
2019-06-20 15:15:00,39619.9,39638.6,39603.2,39605.7,0
2019-06-20 15:20:00,39606.9,39612.3,39599.2,39600.9,0
2019-06-20 15:25:00,39601.1,39637.7,39600.0,39633.4,0
2019-06-21 09:15:00,39608.2,39617.9,39415.1,39447.8,0
2019-06-21 09:20:00,39447.6,39524.5,39447.6,39486.1,0
2019-06-21 09:25:00,39484.1,39485.0,39453.9,39477.1,0
2019-06-21 09:30:00,39474.7,39512.7,39465.7,39471.6,0
2019-06-21 09:35:00,39468.6,39472.1,39441.8,39457.3,0
2019-06-21 09:40:00,39458.5,39464.6,39417.4,39417.8,0
2019-06-21 09:45:00,39418.4,39439.4,39396.5,39396.5,0
2019-06-21 09:50:00,39396.8,39408.2,39377.2,39389.6,0
2019-06-21 09:55:00,39390.3,39437.6,39390.1,39425.2,0
2019-06-21 10:00:00,39425.2,39427.8,39389.6,39394.9,0
2019-06-21 10:05:00,39397.4,39421.0,39389.3,39415.2,0
2019-06-21 10:10:00,39415.7,39433.3,39414.2,39428.5,0
2019-06-21 10:15:00,39428.8,39436.0,39414.9,39420.5,0
2019-06-21 10:20:00,39420.8,39432.9,39404.8,39408.1,0
2019-06-21 10:25:00,39407.5,39424.8,39406.3,39411.9,0
2019-06-21 10:30:00,39411.4,39411.7,39382.8,39395.1,0
2019-06-21 10:35:00,39394.5,39416.4,39386.7,39391.4,0
2019-06-21 10:40:00,39391.1,39393.8,39373.0,39388.7,0
2019-06-21 10:45:00,39388.6,39394.8,39331.0,39334.7,0
2019-06-21 10:50:00,39335.4,39365.2,39327.1,39355.4,0
2019-06-21 10:55:00,39356.2,39370.6,39353.3,39368.4,0
2019-06-21 11:00:00,39368.1,39370.6,39327.1,39344.9,0
2019-06-21 11:05:00,39345.4,39371.2,39337.2,39366.9,0
2019-06-21 11:10:00,39363.9,39390.7,39363.9,39379.2,0
2019-06-21 11:15:00,39379.1,39379.1,39353.4,39362.5,0
2019-06-21 11:20:00,39364.7,39369.4,39354.0,39356.7,0
2019-06-21 11:25:00,39358.1,39378.6,39354.0,39378.6,0
2019-06-21 11:30:00,39378.6,39391.8,39373.1,39378.1,0
2019-06-21 11:35:00,39378.1,39378.5,39350.8,39358.5,0
2019-06-21 11:40:00,39359.2,39384.5,39354.4,39375.6,0
2019-06-21 11:45:00,39376.6,39399.1,39370.9,39396.4,0
2019-06-21 11:50:00,39396.6,39400.9,39385.5,39391.2,0
2019-06-21 11:55:00,39392.9,39444.6,39391.7,39439.1,0
2019-06-21 12:00:00,39439.3,39439.5,39414.9,39417.3,0
2019-06-21 12:05:00,39416.9,39424.6,39405.8,39405.8,0
2019-06-21 12:10:00,39407.0,39410.1,39392.7,39395.2,0
2019-06-21 12:15:00,39394.0,39394.1,39366.2,39392.8,0
2019-06-21 12:20:00,39394.4,39408.2,39393.0,39396.3,0
2019-06-21 12:25:00,39396.3,39408.7,39391.8,39392.3,0
2019-06-21 12:30:00,39393.2,39408.6,39364.9,39371.9,0
2019-06-21 12:35:00,39371.7,39387.1,39317.0,39331.4,0
2019-06-21 12:40:00,39331.7,39357.5,39310.5,39356.2,0
2019-06-21 12:45:00,39356.2,39380.0,39354.4,39367.0,0
2019-06-21 12:50:00,39366.7,39368.3,39345.1,39348.2,0
2019-06-21 12:55:00,39346.8,39367.1,39339.6,39351.2,0
2019-06-21 13:00:00,39352.1,39380.5,39350.0,39378.6,0
2019-06-21 13:05:00,39378.5,39379.9,39355.5,39355.7,0
2019-06-21 13:10:00,39355.4,39395.7,39355.0,39384.1,0
2019-06-21 13:15:00,39384.1,39397.7,39369.8,39371.0,0
2019-06-21 13:20:00,39369.6,39420.5,39364.1,39420.5,0
2019-06-21 13:25:00,39418.9,39418.9,39401.0,39403.7,0
2019-06-21 13:30:00,39403.3,39404.5,39357.1,39362.6,0
2019-06-21 13:35:00,39362.5,39392.4,39360.5,39382.4,0
2019-06-21 13:40:00,39383.0,39404.0,39378.9,39403.3,0
2019-06-21 13:45:00,39403.8,39617.9,39310.5,39369.0,0
2019-06-21 13:50:00,39368.9,39374.1,39341.6,39341.6,0
2019-06-21 13:55:00,39341.4,39345.1,39234.6,39262.1,0
2019-06-21 14:00:00,39265.0,39265.0,39189.9,39212.0,0
2019-06-21 14:05:00,39211.2,39226.6,39178.6,39218.7,0
2019-06-21 14:10:00,39214.1,39246.7,39205.7,39220.1,0
2019-06-21 14:15:00,39220.9,39250.2,39199.4,39250.2,0
2019-06-21 14:20:00,39253.4,39272.0,39240.7,39251.9,0
2019-06-21 14:25:00,39250.0,39255.0,39227.8,39228.4,0
2019-06-21 14:30:00,39226.0,39238.4,39216.6,39220.4,0
2019-06-21 14:35:00,39220.1,39246.6,39215.4,39238.5,0
2019-06-21 14:40:00,39239.9,39270.3,39227.4,39260.2,0
2019-06-21 14:45:00,39258.5,39271.2,39244.3,39261.1,0
2019-06-21 14:50:00,39261.1,39305.9,39259.5,39305.9,0
2019-06-21 14:55:00,39306.2,39349.9,39294.4,39319.2,0
2019-06-21 15:00:00,39322.4,39327.9,39166.9,39180.4,0
2019-06-21 15:05:00,39182.5,39183.4,39121.3,39156.1,0
2019-06-21 15:10:00,39157.2,39193.6,39157.2,39186.5,0
2019-06-21 15:15:00,39186.6,39206.4,39169.0,39176.5,0
2019-06-21 15:20:00,39177.3,39217.8,39176.1,39211.1,0
2019-06-21 15:25:00,39212.1,39224.0,39172.1,39205.9,0
2019-06-24 09:15:00,39160.2,39300.0,39158.9,39231.1,0
2019-06-24 09:20:00,39229.6,39229.6,39186.0,39211.0,0
2019-06-24 09:25:00,39211.9,39276.2,39210.5,39275.2,0
2019-06-24 09:30:00,39272.9,39285.4,39233.9,39242.9,0
2019-06-24 09:35:00,39241.7,39241.7,39215.3,39235.5,0
2019-06-24 09:40:00,39235.5,39235.9,39171.7,39171.7,0
2019-06-24 09:45:00,39168.4,39177.3,39094.2,39101.1,0
2019-06-24 09:50:00,39104.4,39120.6,39070.3,39079.0,0
2019-06-24 09:55:00,39084.0,39126.9,39076.0,39123.3,0
2019-06-24 10:00:00,39126.8,39134.2,39101.9,39120.1,0
2019-06-24 10:05:00,39117.9,39137.8,39101.7,39101.8,0
2019-06-24 10:10:00,39101.4,39107.4,39091.2,39102.8,0
2019-06-24 10:15:00,39103.0,39132.0,39099.6,39120.1,0
2019-06-24 10:20:00,39122.2,39154.8,39120.2,39147.3,0
2019-06-24 10:25:00,39146.4,39157.5,39132.8,39153.8,0
2019-06-24 10:30:00,39156.3,39162.0,39133.4,39139.4,0
2019-06-24 10:35:00,39139.4,39144.2,39124.1,39135.4,0
2019-06-24 10:40:00,39135.7,39137.3,39120.2,39122.4,0
2019-06-24 10:45:00,39122.5,39132.5,39110.3,39122.8,0
2019-06-24 10:50:00,39123.3,39142.5,39119.1,39131.0,0
2019-06-24 10:55:00,39130.2,39145.7,39124.1,39124.5,0
2019-06-24 11:00:00,39124.0,39126.1,39103.0,39113.8,0
2019-06-24 11:05:00,39111.6,39129.9,39105.8,39111.6,0
2019-06-24 11:10:00,39111.8,39130.5,39111.8,39128.5,0
2019-06-24 11:15:00,39129.4,39149.0,39125.8,39143.2,0
2019-06-24 11:20:00,39141.3,39149.6,39137.5,39143.0,0
2019-06-24 11:25:00,39143.1,39147.4,39130.9,39130.9,0
2019-06-24 11:30:00,39132.3,39142.4,39123.5,39128.2,0
2019-06-24 11:35:00,39128.4,39144.7,39124.4,39124.4,0
2019-06-24 11:40:00,39123.0,39135.2,39120.9,39134.9,0
2019-06-24 11:45:00,39140.3,39184.0,39140.3,39178.9,0
2019-06-24 11:50:00,39180.0,39216.4,39179.7,39191.3,0
2019-06-24 11:55:00,39190.9,39201.6,39176.9,39194.5,0
2019-06-24 12:00:00,39195.5,39234.1,39195.5,39224.0,0
2019-06-24 12:05:00,39223.9,39225.5,39199.6,39199.9,0
2019-06-24 12:10:00,39199.9,39204.2,39189.8,39203.1,0
2019-06-24 12:15:00,39205.1,39209.7,39189.5,39189.5,0
2019-06-24 12:20:00,39189.3,39206.4,39180.8,39203.4,0
2019-06-24 12:25:00,39203.4,39222.8,39203.3,39214.3,0
2019-06-24 12:30:00,39214.5,39216.4,39182.5,39182.5,0
2019-06-24 12:35:00,39179.9,39184.3,39156.1,39166.1,0
2019-06-24 12:40:00,39166.9,39178.8,39166.2,39176.5,0
2019-06-24 12:45:00,39175.7,39211.5,39175.7,39206.1,0
2019-06-24 12:50:00,39205.0,39218.5,39188.0,39189.7,0
2019-06-24 12:55:00,39190.0,39195.1,39173.8,39190.2,0
2019-06-24 13:00:00,39190.2,39192.4,39169.6,39170.5,0
2019-06-24 13:05:00,39170.2,39186.0,39142.3,39181.1,0
2019-06-24 13:10:00,39181.9,39185.7,39157.3,39166.1,0
2019-06-24 13:15:00,39165.2,39165.6,39148.4,39163.2,0
2019-06-24 13:20:00,39164.9,39177.5,39162.3,39170.7,0
2019-06-24 13:25:00,39172.5,39185.2,39162.3,39181.2,0
2019-06-24 13:30:00,39182.1,39214.5,39181.9,39196.3,0
2019-06-24 13:35:00,39196.3,39200.4,39185.4,39185.6,0
2019-06-24 13:40:00,39183.0,39186.0,39157.3,39180.7,0
2019-06-24 13:45:00,39181.0,39194.2,39170.9,39189.1,0
2019-06-24 13:50:00,39188.8,39196.0,39179.3,39193.6,0
2019-06-24 13:55:00,39190.9,39194.2,39161.2,39169.1,0
2019-06-24 14:00:00,39169.4,39169.4,39113.6,39127.5,0
2019-06-24 14:05:00,39126.4,39145.5,39118.8,39138.1,0
2019-06-24 14:10:00,39137.9,39148.9,39128.9,39137.0,0
2019-06-24 14:15:00,39136.7,39145.7,39109.7,39129.6,0
2019-06-24 14:20:00,39129.6,39129.6,39098.7,39099.7,0
2019-06-24 14:25:00,39099.7,39100.0,39061.8,39098.0,0
2019-06-24 14:30:00,39098.6,39101.9,39070.3,39077.3,0
2019-06-24 14:35:00,39075.7,39075.9,39040.0,39063.6,0
2019-06-24 14:40:00,39064.5,39084.9,39034.6,39036.2,0
2019-06-24 14:45:00,39031.1,39067.0,39021.7,39061.3,0
2019-06-24 14:50:00,39061.1,39092.3,39060.6,39091.2,0
2019-06-24 14:55:00,39091.4,39097.9,39071.2,39077.9,0
2019-06-24 15:00:00,39087.9,39149.8,39084.9,39110.5,0
2019-06-24 15:05:00,39115.2,39135.4,39088.4,39088.4,0
2019-06-24 15:10:00,39089.9,39103.5,39078.9,39103.5,0
2019-06-24 15:15:00,39104.2,39140.8,39090.6,39134.4,0
2019-06-24 15:20:00,39136.1,39152.8,39135.3,39151.6,0
2019-06-24 15:25:00,39153.2,39156.9,39138.3,39138.3,0
2019-06-25 09:15:00,39131.9,39131.9,38946.0,39003.2,0
2019-06-25 09:20:00,39000.0,39006.2,38959.7,38987.2,0
2019-06-25 09:25:00,38989.1,39027.8,38987.9,39006.1,0
2019-06-25 09:30:00,39007.3,39025.4,38990.5,39022.7,0
2019-06-25 09:35:00,39023.2,39029.6,39013.6,39026.5,0
2019-06-25 09:40:00,39027.3,39077.6,39020.9,39077.2,0
2019-06-25 09:45:00,39077.3,39094.6,39071.9,39071.9,0
2019-06-25 09:50:00,39073.1,39097.5,39061.6,39094.2,0
2019-06-25 09:55:00,39092.5,39138.7,39091.9,39120.4,0
2019-06-25 10:00:00,39121.4,39131.0,39108.1,39131.0,0
2019-06-25 10:05:00,39132.4,39155.0,39110.9,39112.2,0
2019-06-25 10:10:00,39111.6,39123.5,39103.3,39106.2,0
2019-06-25 10:15:00,39106.1,39111.6,39083.6,39083.7,0
2019-06-25 10:20:00,39084.3,39092.3,39074.6,39083.3,0
2019-06-25 10:25:00,39083.3,39102.6,39083.3,39095.3,0
2019-06-25 10:30:00,39095.3,39126.9,39095.1,39126.2,0
2019-06-25 10:35:00,39128.3,39148.9,39127.8,39134.6,0
2019-06-25 10:40:00,39134.8,39134.8,39100.1,39108.0,0
2019-06-25 10:45:00,39107.2,39125.0,39107.2,39114.2,0
2019-06-25 10:50:00,39111.9,39119.1,39098.2,39118.6,0
2019-06-25 10:55:00,39118.8,39119.3,39101.3,39105.9,0
2019-06-25 11:00:00,39105.9,39109.7,39087.4,39096.3,0
2019-06-25 11:05:00,39096.7,39105.0,39085.7,39104.8,0
2019-06-25 11:10:00,39105.6,39132.0,39102.9,39116.4,0
2019-06-25 11:15:00,39114.9,39127.8,39107.4,39110.0,0
2019-06-25 11:20:00,39110.8,39138.8,39107.1,39136.3,0
2019-06-25 11:25:00,39136.6,39136.7,39116.5,39121.0,0
2019-06-25 11:30:00,39121.1,39145.5,39120.8,39145.5,0
2019-06-25 11:35:00,39145.5,39159.3,39131.7,39139.0,0
2019-06-25 11:40:00,39138.6,39138.6,39124.7,39133.4,0
2019-06-25 11:45:00,39133.1,39155.3,39132.9,39145.5,0
2019-06-25 11:50:00,39145.8,39153.4,39128.5,39150.5,0
2019-06-25 11:55:00,39151.8,39173.2,39151.8,39164.6,0
2019-06-25 12:00:00,39164.3,39175.8,39150.1,39151.0,0
2019-06-25 12:05:00,39149.8,39182.4,39146.8,39182.4,0
2019-06-25 12:10:00,39183.9,39211.0,39173.2,39207.2,0
2019-06-25 12:15:00,39207.1,39227.2,39196.2,39224.5,0
2019-06-25 12:20:00,39226.4,39239.2,39215.5,39232.1,0
2019-06-25 12:25:00,39232.3,39236.4,39213.3,39220.8,0
2019-06-25 12:30:00,39221.5,39228.1,39202.7,39202.7,0
2019-06-25 12:35:00,39202.1,39208.8,39171.8,39180.6,0
2019-06-25 12:40:00,39181.9,39192.9,39177.4,39186.6,0
2019-06-25 12:45:00,39187.1,39228.6,39187.0,39226.2,0
2019-06-25 12:50:00,39225.6,39231.1,39214.0,39220.7,0
2019-06-25 12:55:00,39220.7,39240.6,39216.8,39225.5,0
2019-06-25 13:00:00,39221.7,39235.8,39208.0,39235.8,0
2019-06-25 13:05:00,39234.2,39235.4,39211.9,39224.4,0
2019-06-25 13:10:00,39224.8,39280.6,39220.3,39270.0,0
2019-06-25 13:15:00,39269.1,39289.1,39262.9,39276.9,0
2019-06-25 13:20:00,39275.2,39286.2,39259.6,39286.2,0
2019-06-25 13:25:00,39285.9,39304.4,39278.7,39295.8,0
2019-06-25 13:30:00,39298.0,39327.5,39297.0,39310.6,0
2019-06-25 13:35:00,39313.7,39347.4,39310.6,39341.1,0
2019-06-25 13:40:00,39342.9,39367.2,39329.2,39365.9,0
2019-06-25 13:45:00,39361.9,39375.2,38946.0,39333.2,0
2019-06-25 13:50:00,39330.7,39356.9,39329.5,39339.7,0
2019-06-25 13:55:00,39338.8,39349.4,39329.2,39332.7,0
2019-06-25 14:00:00,39330.6,39371.1,39326.9,39360.3,0
2019-06-25 14:05:00,39359.3,39387.5,39355.2,39386.8,0
2019-06-25 14:10:00,39388.6,39398.9,39373.1,39374.1,0
2019-06-25 14:15:00,39374.5,39419.1,39371.4,39418.9,0
2019-06-25 14:20:00,39418.0,39426.7,39388.9,39417.8,0
2019-06-25 14:25:00,39416.3,39416.8,39361.5,39368.6,0
2019-06-25 14:30:00,39364.1,39396.9,39360.7,39396.6,0
2019-06-25 14:35:00,39395.4,39432.2,39395.1,39428.1,0
2019-06-25 14:40:00,39426.2,39426.2,39389.7,39407.2,0
2019-06-25 14:45:00,39406.8,39422.5,39380.0,39400.5,0
2019-06-25 14:50:00,39398.9,39424.2,39387.7,39424.2,0
2019-06-25 14:55:00,39425.6,39445.9,39413.2,39413.4,0
2019-06-25 15:00:00,39416.1,39489.6,39416.1,39467.6,0
2019-06-25 15:05:00,39468.0,39490.6,39468.0,39484.2,0
2019-06-25 15:10:00,39479.6,39479.8,39439.5,39439.5,0
2019-06-25 15:15:00,39430.7,39459.7,39391.5,39395.0,0
2019-06-25 15:20:00,39395.0,39412.5,39389.5,39396.1,0
2019-06-25 15:25:00,39397.4,39398.8,39367.9,39371.0,0
2019-06-26 09:15:00,39379.1,39413.1,39319.6,39398.1,0
2019-06-26 09:20:00,39398.7,39470.7,39397.4,39463.0,0
2019-06-26 09:25:00,39466.1,39501.5,39463.5,39484.3,0
2019-06-26 09:30:00,39484.1,39509.6,39470.1,39504.4,0
2019-06-26 09:35:00,39505.3,39551.9,39500.4,39551.9,0
2019-06-26 09:40:00,39553.8,39599.4,39548.3,39567.1,0
2019-06-26 09:45:00,39567.2,39595.5,39567.2,39583.8,0
2019-06-26 09:50:00,39583.1,39583.1,39539.9,39566.3,0
2019-06-26 09:55:00,39564.2,39566.9,39530.8,39530.8,0
2019-06-26 10:00:00,39531.3,39564.9,39531.3,39548.9,0
2019-06-26 10:05:00,39547.9,39552.3,39509.9,39514.0,0
2019-06-26 10:10:00,39514.7,39542.2,39512.0,39536.4,0
2019-06-26 10:15:00,39536.3,39561.3,39533.2,39557.2,0
2019-06-26 10:20:00,39557.8,39567.5,39540.7,39542.7,0
2019-06-26 10:25:00,39542.3,39548.5,39537.4,39548.5,0
2019-06-26 10:30:00,39548.1,39550.6,39502.6,39506.6,0
2019-06-26 10:35:00,39507.0,39509.8,39494.2,39504.3,0
2019-06-26 10:40:00,39505.0,39522.0,39501.4,39510.1,0
2019-06-26 10:45:00,39510.1,39516.6,39500.9,39504.7,0
2019-06-26 10:50:00,39502.9,39505.7,39438.6,39467.9,0
2019-06-26 10:55:00,39467.5,39469.2,39424.3,39447.4,0
2019-06-26 11:00:00,39447.3,39490.2,39446.7,39488.5,0
2019-06-26 11:05:00,39487.9,39504.2,39482.6,39497.6,0
2019-06-26 11:10:00,39498.1,39523.6,39496.0,39517.0,0
2019-06-26 11:15:00,39517.1,39526.0,39502.4,39524.9,0
2019-06-26 11:20:00,39525.1,39538.6,39522.9,39526.2,0
2019-06-26 11:25:00,39526.1,39526.6,39497.7,39503.3,0
2019-06-26 11:30:00,39503.4,39505.3,39497.0,39499.6,0
2019-06-26 11:35:00,39499.6,39502.2,39469.3,39470.1,0
2019-06-26 11:40:00,39471.7,39482.1,39465.0,39480.7,0
2019-06-26 11:45:00,39479.8,39497.2,39478.8,39494.9,0
2019-06-26 11:50:00,39495.1,39499.7,39487.2,39499.7,0
2019-06-26 11:55:00,39499.5,39518.5,39494.8,39517.1,0
2019-06-26 12:00:00,39517.1,39528.3,39510.3,39523.6,0
2019-06-26 12:05:00,39523.5,39523.5,39498.1,39506.6,0
2019-06-26 12:10:00,39506.4,39515.0,39504.6,39509.6,0
2019-06-26 12:15:00,39509.4,39520.2,39498.3,39500.8,0
2019-06-26 12:20:00,39500.1,39551.6,39498.5,39551.6,0
2019-06-26 12:25:00,39551.2,39559.2,39546.9,39556.1,0
2019-06-26 12:30:00,39555.5,39559.6,39548.3,39552.4,0
2019-06-26 12:35:00,39553.9,39556.4,39535.4,39552.0,0
2019-06-26 12:40:00,39551.8,39562.1,39550.2,39550.8,0
2019-06-26 12:45:00,39550.5,39555.6,39525.7,39534.3,0
2019-06-26 12:50:00,39536.0,39546.7,39535.7,39539.1,0
2019-06-26 12:55:00,39539.2,39541.2,39518.0,39527.7,0
2019-06-26 13:00:00,39527.5,39529.3,39489.9,39509.4,0
2019-06-26 13:05:00,39510.0,39521.0,39505.0,39507.5,0
2019-06-26 13:10:00,39505.2,39521.5,39501.8,39502.9,0
2019-06-26 13:15:00,39501.6,39511.8,39484.4,39502.9,0
2019-06-26 13:20:00,39502.4,39502.5,39460.9,39464.3,0
2019-06-26 13:25:00,39465.1,39502.4,39463.1,39502.1,0
2019-06-26 13:30:00,39500.5,39520.8,39499.5,39515.7,0
2019-06-26 13:35:00,39515.5,39545.0,39508.4,39538.1,0
2019-06-26 13:40:00,39537.7,39546.1,39523.4,39523.4,0
2019-06-26 13:45:00,39523.4,39539.9,39518.2,39537.4,0
2019-06-26 13:50:00,39536.8,39544.2,39514.7,39515.4,0
2019-06-26 13:55:00,39515.2,39516.6,39501.3,39503.7,0
2019-06-26 14:00:00,39503.4,39520.1,39467.9,39518.5,0
2019-06-26 14:05:00,39519.1,39538.6,39503.7,39526.8,0
2019-06-26 14:10:00,39524.6,39538.0,39512.9,39535.4,0
2019-06-26 14:15:00,39535.1,39559.9,39535.1,39552.0,0
2019-06-26 14:20:00,39552.4,39560.2,39531.1,39535.5,0
2019-06-26 14:25:00,39537.4,39539.1,39509.0,39539.1,0
2019-06-26 14:30:00,39539.0,39555.7,39510.7,39519.8,0
2019-06-26 14:35:00,39518.6,39554.0,39517.1,39539.5,0
2019-06-26 14:40:00,39539.8,39624.3,39538.5,39621.9,0
2019-06-26 14:45:00,39621.9,39658.5,39613.6,39645.1,0
2019-06-26 14:50:00,39643.5,39658.6,39619.6,39621.0,0
2019-06-26 14:55:00,39622.1,39674.2,39622.1,39656.2,0
2019-06-26 15:00:00,39658.0,39658.2,39605.7,39617.3,0
2019-06-26 15:05:00,39621.2,39621.2,39576.1,39576.1,0
2019-06-26 15:10:00,39577.1,39606.5,39577.1,39601.0,0
2019-06-26 15:15:00,39599.9,39600.5,39564.9,39568.9,0
2019-06-26 15:20:00,39572.6,39585.3,39563.8,39566.0,0
2019-06-26 15:25:00,39565.3,39580.1,39562.9,39570.4,0
2019-06-27 09:15:00,39634.0,39704.1,39633.9,39704.1,0
2019-06-27 09:20:00,39705.2,39717.6,39689.3,39693.3,0
2019-06-27 09:25:00,39677.9,39704.9,39659.8,39695.2,0
2019-06-27 09:30:00,39694.4,39707.9,39681.5,39685.4,0
2019-06-27 09:35:00,39683.1,39687.8,39666.5,39666.5,0
2019-06-27 09:40:00,39667.5,39679.6,39651.5,39651.7,0
2019-06-27 09:45:00,39650.7,39662.6,39641.8,39658.7,0
2019-06-27 09:50:00,39659.5,39674.9,39658.9,39668.4,0
2019-06-27 09:55:00,39667.5,39692.4,39661.8,39679.4,0
2019-06-27 10:00:00,39679.6,39696.8,39673.9,39696.8,0
2019-06-27 10:05:00,39698.1,39728.4,39697.8,39728.4,0
2019-06-27 10:10:00,39727.1,39739.8,39716.4,39719.5,0
2019-06-27 10:15:00,39719.2,39747.9,39714.1,39745.5,0
2019-06-27 10:20:00,39745.0,39745.0,39719.4,39733.1,0
2019-06-27 10:25:00,39734.4,39744.0,39727.2,39733.2,0
2019-06-27 10:30:00,39734.4,39736.7,39726.8,39735.0,0
2019-06-27 10:35:00,39735.3,39756.6,39726.1,39750.3,0
2019-06-27 10:40:00,39750.2,39757.4,39730.7,39731.1,0
2019-06-27 10:45:00,39730.1,39734.8,39711.8,39722.5,0
2019-06-27 10:50:00,39721.1,39729.9,39718.6,39728.2,0
2019-06-27 10:55:00,39728.2,39752.3,39728.2,39752.0,0
2019-06-27 11:00:00,39752.3,39757.3,39737.4,39739.5,0
2019-06-27 11:05:00,39738.9,39750.4,39735.8,39748.9,0
2019-06-27 11:10:00,39749.8,39760.2,39743.8,39753.9,0
2019-06-27 11:15:00,39753.4,39761.1,39750.1,39760.0,0
2019-06-27 11:20:00,39759.4,39767.9,39755.3,39762.6,0
2019-06-27 11:25:00,39761.0,39761.0,39732.3,39736.7,0
2019-06-27 11:30:00,39737.1,39740.0,39725.6,39729.1,0
2019-06-27 11:35:00,39729.0,39750.4,39727.8,39747.7,0
2019-06-27 11:40:00,39747.0,39754.6,39744.8,39753.7,0
2019-06-27 11:45:00,39753.5,39762.4,39748.0,39752.1,0
2019-06-27 11:50:00,39751.0,39767.1,39749.9,39765.0,0
2019-06-27 11:55:00,39766.4,39777.6,39633.9,39774.2,0
2019-06-27 12:00:00,39774.2,39774.7,39720.4,39720.4,0
2019-06-27 12:05:00,39721.4,39732.5,39708.1,39729.2,0
2019-06-27 12:10:00,39729.2,39729.9,39701.2,39718.8,0
2019-06-27 12:15:00,39718.3,39739.4,39713.8,39727.6,0
2019-06-27 12:20:00,39724.9,39735.4,39724.2,39725.1,0
2019-06-27 12:25:00,39726.7,39767.6,39726.0,39764.8,0
2019-06-27 12:30:00,39764.8,39777.6,39633.9,39756.1,0
2019-06-27 12:35:00,39756.0,39756.8,39735.6,39753.1,0
2019-06-27 12:40:00,39752.5,39772.6,39752.2,39769.2,0
2019-06-27 12:45:00,39769.3,39786.5,39760.3,39786.5,0
2019-06-27 12:50:00,39786.6,39796.1,39783.2,39791.1,0
2019-06-27 12:55:00,39789.6,39793.5,39766.0,39767.3,0
2019-06-27 13:00:00,39767.1,39781.6,39758.0,39777.9,0
2019-06-27 13:05:00,39776.0,39792.1,39776.0,39788.6,0
2019-06-27 13:10:00,39788.4,39793.6,39766.9,39774.0,0
2019-06-27 13:15:00,39773.8,39783.5,39769.4,39775.5,0
2019-06-27 13:20:00,39774.9,39806.0,39773.3,39805.8,0
2019-06-27 13:25:00,39802.1,39817.2,39788.0,39795.3,0
2019-06-27 13:30:00,39795.3,39815.9,39795.3,39797.9,0
2019-06-27 13:35:00,39799.1,39800.6,39680.6,39691.8,0
2019-06-27 13:40:00,39694.4,39715.1,39658.3,39712.0,0
2019-06-27 13:45:00,39712.2,39712.2,39666.3,39690.4,0
2019-06-27 13:50:00,39691.3,39730.7,39684.8,39719.9,0
2019-06-27 13:55:00,39719.2,39728.6,39709.2,39713.3,0
2019-06-27 14:00:00,39713.9,39729.7,39653.1,39656.0,0
2019-06-27 14:05:00,39657.3,39660.4,39572.3,39581.4,0
2019-06-27 14:10:00,39588.8,39634.9,39548.9,39624.0,0
2019-06-27 14:15:00,39618.9,39622.5,39578.2,39592.8,0
2019-06-27 14:20:00,39594.0,39664.3,39593.3,39660.6,0
2019-06-27 14:25:00,39657.1,39684.2,39653.5,39677.3,0
2019-06-27 14:30:00,39676.4,39680.7,39650.9,39665.9,0
2019-06-27 14:35:00,39666.8,39750.3,39662.6,39742.0,0
2019-06-27 14:40:00,39741.0,39741.2,39709.0,39731.5,0
2019-06-27 14:45:00,39729.2,39733.1,39697.0,39697.4,0
2019-06-27 14:50:00,39694.6,39716.3,39686.8,39714.5,0
2019-06-27 14:55:00,39714.2,39726.1,39692.8,39698.8,0
2019-06-27 15:00:00,39698.2,39698.2,39510.4,39536.9,0
2019-06-27 15:05:00,39536.8,39571.5,39526.8,39567.8,0
2019-06-27 15:10:00,39572.4,39618.4,39571.7,39594.4,0
2019-06-27 15:15:00,39595.4,39597.4,39562.7,39573.8,0
2019-06-27 15:20:00,39573.1,39594.6,39568.4,39586.2,0
2019-06-27 15:25:00,39590.0,39591.9,39572.0,39576.1,0
2019-06-28 09:15:00,39630.5,39671.4,39620.9,39658.6,0
2019-06-28 09:20:00,39659.0,39667.3,39628.8,39639.2,0
2019-06-28 09:25:00,39639.7,39640.9,39568.3,39569.0,0
2019-06-28 09:30:00,39569.7,39596.7,39547.4,39596.7,0
2019-06-28 09:35:00,39596.0,39602.9,39534.6,39536.9,0
2019-06-28 09:40:00,39537.0,39551.4,39526.9,39535.2,0
2019-06-28 09:45:00,39531.1,39560.9,39526.2,39536.8,0
2019-06-28 09:50:00,39537.3,39554.9,39522.7,39553.6,0
2019-06-28 09:55:00,39553.6,39604.4,39553.6,39604.4,0
2019-06-28 10:00:00,39605.4,39621.9,39594.2,39599.0,0
2019-06-28 10:05:00,39595.6,39602.6,39574.8,39576.6,0
2019-06-28 10:10:00,39575.9,39596.4,39571.4,39590.0,0
2019-06-28 10:15:00,39590.5,39593.1,39565.3,39578.3,0
2019-06-28 10:20:00,39577.1,39578.0,39561.4,39569.3,0
2019-06-28 10:25:00,39568.5,39589.6,39566.8,39566.8,0
2019-06-28 10:30:00,39566.7,39577.6,39565.2,39569.8,0
2019-06-28 10:35:00,39569.4,39569.4,39545.0,39549.9,0
2019-06-28 10:40:00,39551.8,39562.1,39547.2,39547.3,0
2019-06-28 10:45:00,39547.3,39551.4,39531.8,39533.4,0
2019-06-28 10:50:00,39532.7,39532.7,39492.4,39502.1,0
2019-06-28 10:55:00,39500.0,39519.6,39496.5,39499.8,0
2019-06-28 11:00:00,39498.9,39508.2,39484.2,39488.0,0
2019-06-28 11:05:00,39487.0,39510.6,39487.0,39508.4,0
2019-06-28 11:10:00,39509.1,39509.1,39464.2,39484.0,0
2019-06-28 11:15:00,39484.5,39487.6,39467.4,39478.1,0
2019-06-28 11:20:00,39477.8,39509.2,39477.7,39499.5,0
2019-06-28 11:25:00,39499.4,39511.3,39473.1,39474.6,0
2019-06-28 11:30:00,39473.8,39488.0,39465.6,39482.2,0
2019-06-28 11:35:00,39482.1,39504.6,39476.8,39498.2,0
2019-06-28 11:40:00,39498.1,39505.5,39489.4,39501.2,0
2019-06-28 11:45:00,39500.8,39503.0,39482.4,39488.2,0
2019-06-28 11:50:00,39488.6,39501.1,39484.5,39500.7,0
2019-06-28 11:55:00,39500.7,39500.8,39476.7,39480.0,0
2019-06-28 12:00:00,39480.1,39483.8,39448.2,39450.5,0
2019-06-28 12:05:00,39451.1,39473.7,39444.8,39466.5,0
2019-06-28 12:10:00,39466.7,39500.8,39466.7,39495.7,0
2019-06-28 12:15:00,39495.2,39505.0,39485.1,39492.6,0
2019-06-28 12:20:00,39492.0,39492.2,39458.1,39468.6,0
2019-06-28 12:25:00,39468.3,39488.7,39466.5,39485.6,0
2019-06-28 12:30:00,39485.6,39493.6,39480.7,39486.7,0
2019-06-28 12:35:00,39487.4,39487.4,39460.7,39467.7,0
2019-06-28 12:40:00,39468.1,39473.1,39433.3,39446.9,0
2019-06-28 12:45:00,39448.2,39466.9,39447.7,39466.3,0
2019-06-28 12:50:00,39466.7,39493.7,39466.7,39493.2,0
2019-06-28 12:55:00,39493.7,39524.3,39490.6,39518.7,0
2019-06-28 13:00:00,39518.7,39518.7,39486.4,39498.8,0
2019-06-28 13:05:00,39497.3,39514.6,39485.8,39514.0,0
2019-06-28 13:10:00,39510.4,39512.7,39484.1,39505.5,0
2019-06-28 13:15:00,39504.5,39511.0,39489.2,39493.8,0
2019-06-28 13:20:00,39493.1,39493.2,39460.9,39474.2,0
2019-06-28 13:25:00,39472.1,39488.4,39466.6,39483.8,0
2019-06-28 13:30:00,39482.0,39488.3,39462.5,39487.5,0
2019-06-28 13:35:00,39488.4,39509.6,39488.4,39505.7,0
2019-06-28 13:40:00,39505.6,39534.4,39495.9,39533.4,0
2019-06-28 13:45:00,39532.8,39564.8,39498.6,39498.6,0
2019-06-28 13:50:00,39496.0,39520.6,39495.0,39512.4,0
2019-06-28 13:55:00,39510.6,39538.4,39497.6,39497.6,0
2019-06-28 14:00:00,39492.1,39493.5,39461.8,39491.1,0
2019-06-28 14:05:00,39491.4,39501.2,39479.3,39479.3,0
2019-06-28 14:10:00,39480.1,39489.1,39468.3,39473.6,0
2019-06-28 14:15:00,39475.4,39502.7,39474.0,39474.0,0
2019-06-28 14:20:00,39474.1,39477.2,39436.5,39436.5,0
2019-06-28 14:25:00,39438.2,39448.0,39413.7,39432.0,0
2019-06-28 14:30:00,39435.2,39446.3,39413.2,39442.9,0
2019-06-28 14:35:00,39447.7,39473.8,39427.5,39432.6,0
2019-06-28 14:40:00,39433.0,39435.7,39407.7,39420.7,0
2019-06-28 14:45:00,39417.7,39418.2,39361.9,39392.0,0
2019-06-28 14:50:00,39392.2,39409.0,39380.9,39393.6,0
2019-06-28 14:55:00,39393.3,39398.2,39368.7,39378.8,0
2019-06-28 15:00:00,39378.9,39432.4,39375.7,39389.1,0
2019-06-28 15:05:00,39390.4,39411.8,39387.3,39409.1,0
2019-06-28 15:10:00,39407.0,39408.3,39383.6,39390.9,0
2019-06-28 15:15:00,39388.9,39419.0,39374.8,39418.1,0
2019-06-28 15:20:00,39415.1,39426.8,39384.5,39392.6,0
2019-06-28 15:25:00,39391.8,39409.7,39388.1,39408.6,0
2019-07-01 09:15:00,39543.7,39610.7,39541.1,39587.7,0
2019-07-01 09:20:00,39563.2,39596.6,39551.1,39591.1,0
2019-07-01 09:25:00,39592.3,39643.5,39592.3,39626.8,0
2019-07-01 09:30:00,39625.1,39649.5,39624.2,39635.6,0
2019-07-01 09:35:00,39634.1,39642.2,39618.6,39625.4,0
2019-07-01 09:40:00,39624.9,39625.1,39594.8,39605.8,0
2019-07-01 09:45:00,39606.3,39645.9,39603.8,39628.4,0
2019-07-01 09:50:00,39630.1,39646.9,39618.0,39618.3,0
2019-07-01 09:55:00,39618.8,39642.7,39617.5,39617.5,0
2019-07-01 10:00:00,39619.0,39623.3,39595.5,39611.3,0
2019-07-01 10:05:00,39611.0,39639.4,39602.3,39616.8,0
2019-07-01 10:10:00,39620.2,39626.7,39587.7,39593.9,0
2019-07-01 10:15:00,39593.5,39603.6,39569.9,39575.6,0
2019-07-01 10:20:00,39577.4,39597.5,39571.5,39586.8,0
2019-07-01 10:25:00,39587.6,39616.5,39586.5,39616.5,0
2019-07-01 10:30:00,39616.0,39639.2,39598.9,39636.3,0
2019-07-01 10:35:00,39635.8,39662.5,39631.9,39639.5,0
2019-07-01 10:40:00,39638.2,39654.4,39630.5,39654.4,0
2019-07-01 10:45:00,39654.0,39654.0,39631.7,39633.4,0
2019-07-01 10:50:00,39636.4,39638.2,39614.5,39635.3,0
2019-07-01 10:55:00,39634.0,39646.1,39632.1,39645.0,0
2019-07-01 11:00:00,39645.1,39658.3,39632.2,39647.8,0
2019-07-01 11:05:00,39649.9,39697.9,39649.9,39690.8,0
2019-07-01 11:10:00,39688.9,39701.9,39675.8,39681.0,0
2019-07-01 11:15:00,39685.4,39703.9,39683.3,39701.7,0
2019-07-01 11:20:00,39701.7,39702.0,39676.8,39676.8,0
2019-07-01 11:25:00,39676.8,39680.1,39670.1,39677.6,0
2019-07-01 11:30:00,39677.9,39700.9,39676.2,39700.6,0
2019-07-01 11:35:00,39701.4,39705.0,39687.6,39693.6,0
2019-07-01 11:40:00,39693.7,39697.4,39666.2,39666.2,0
2019-07-01 11:45:00,39665.8,39665.8,39629.3,39629.8,0
2019-07-01 11:50:00,39634.0,39661.0,39631.9,39660.9,0
2019-07-01 11:55:00,39660.6,39671.5,39616.7,39641.7,0
2019-07-01 12:00:00,39644.0,39658.6,39643.4,39651.6,0
2019-07-01 12:05:00,39652.2,39662.2,39640.9,39658.0,0
2019-07-01 12:10:00,39659.6,39670.4,39654.1,39654.1,0
2019-07-01 12:15:00,39654.9,39688.1,39654.8,39681.8,0
2019-07-01 12:20:00,39681.8,39683.0,39666.9,39673.8,0
2019-07-01 12:25:00,39673.4,39676.7,39669.0,39671.0,0
2019-07-01 12:30:00,39671.6,39681.8,39660.6,39661.3,0
2019-07-01 12:35:00,39661.8,39678.7,39659.9,39675.4,0
2019-07-01 12:40:00,39673.2,39675.9,39663.9,39674.7,0
2019-07-01 12:45:00,39674.6,39681.5,39658.0,39664.6,0
2019-07-01 12:50:00,39666.0,39685.0,39666.0,39680.7,0
2019-07-01 12:55:00,39681.0,39685.0,39676.0,39682.8,0
2019-07-01 13:00:00,39681.7,39682.8,39651.9,39656.7,0
2019-07-01 13:05:00,39656.1,39677.5,39655.9,39676.2,0
2019-07-01 13:10:00,39676.2,39681.0,39665.2,39671.8,0
2019-07-01 13:15:00,39671.9,39689.6,39669.7,39676.1,0
2019-07-01 13:20:00,39676.1,39676.7,39652.7,39655.2,0
2019-07-01 13:25:00,39655.4,39662.0,39645.5,39653.8,0
2019-07-01 13:30:00,39653.6,39676.7,39653.3,39663.9,0
2019-07-01 13:35:00,39663.9,39668.0,39657.3,39657.9,0
2019-07-01 13:40:00,39657.7,39685.2,39647.3,39683.7,0
2019-07-01 13:45:00,39682.5,39697.6,39675.3,39691.6,0
2019-07-01 13:50:00,39690.9,39699.1,39678.7,39678.7,0
2019-07-01 13:55:00,39678.7,39704.9,39677.0,39704.9,0
2019-07-01 14:00:00,39707.5,39737.5,39704.9,39730.9,0
2019-07-01 14:05:00,39730.9,39747.7,39728.5,39740.7,0
2019-07-01 14:10:00,39741.0,39749.8,39728.9,39742.1,0
2019-07-01 14:15:00,39743.7,39756.4,39733.3,39739.2,0
2019-07-01 14:20:00,39737.5,39759.1,39736.0,39752.3,0
2019-07-01 14:25:00,39752.7,39764.8,39737.4,39746.0,0
2019-07-01 14:30:00,39745.4,39754.3,39711.2,39713.6,0
2019-07-01 14:35:00,39706.8,39729.4,39706.8,39719.9,0
2019-07-01 14:40:00,39719.9,39735.1,39709.3,39712.5,0
2019-07-01 14:45:00,39713.1,39713.1,39679.8,39699.1,0
2019-07-01 14:50:00,39699.9,39741.0,39699.6,39732.3,0
2019-07-01 14:55:00,39733.2,39735.4,39701.7,39702.9,0
2019-07-01 15:00:00,39701.6,39704.3,39676.9,39696.5,0
2019-07-01 15:05:00,39696.9,39707.4,39681.7,39706.5,0
2019-07-01 15:10:00,39707.5,39711.3,39679.5,39685.6,0
2019-07-01 15:15:00,39686.7,39688.4,39670.9,39688.4,0
2019-07-01 15:20:00,39685.8,39685.9,39668.5,39674.8,0
2019-07-01 15:25:00,39672.2,39687.5,39667.0,39684.0,0
2019-07-02 09:15:00,39811.7,39811.7,39666.7,39711.4,0
2019-07-02 09:20:00,39711.2,39722.1,39698.0,39698.5,0
2019-07-02 09:25:00,39697.0,39697.3,39661.2,39692.1,0
2019-07-02 09:30:00,39692.7,39735.4,39682.9,39735.4,0
2019-07-02 09:35:00,39738.8,39751.0,39699.9,39701.6,0
2019-07-02 09:40:00,39700.3,39715.4,39688.8,39706.9,0
2019-07-02 09:45:00,39707.7,39725.8,39705.5,39705.7,0
2019-07-02 09:50:00,39705.2,39719.2,39688.0,39690.3,0
2019-07-02 09:55:00,39689.4,39690.9,39661.5,39661.5,0
2019-07-02 10:00:00,39656.3,39660.6,39630.6,39630.6,0
2019-07-02 10:05:00,39628.4,39629.1,39563.5,39566.4,0
2019-07-02 10:10:00,39563.7,39591.5,39559.6,39564.7,0
2019-07-02 10:15:00,39564.9,39591.4,39563.4,39579.6,0
2019-07-02 10:20:00,39579.6,39585.8,39558.6,39559.3,0
2019-07-02 10:25:00,39558.1,39602.8,39551.5,39597.4,0
2019-07-02 10:30:00,39597.3,39606.0,39581.6,39585.9,0
2019-07-02 10:35:00,39585.6,39594.2,39576.9,39582.9,0
2019-07-02 10:40:00,39582.1,39588.2,39577.1,39582.1,0
2019-07-02 10:45:00,39582.8,39595.6,39581.4,39582.4,0
2019-07-02 10:50:00,39582.4,39582.5,39533.2,39543.3,0
2019-07-02 10:55:00,39542.3,39548.1,39531.8,39538.9,0
2019-07-02 11:00:00,39528.6,39529.2,39499.2,39518.3,0
2019-07-02 11:05:00,39519.6,39539.7,39510.5,39531.2,0
2019-07-02 11:10:00,39531.3,39550.8,39529.5,39544.7,0
2019-07-02 11:15:00,39545.1,39555.4,39534.1,39553.9,0
2019-07-02 11:20:00,39553.9,39565.9,39552.4,39557.3,0
2019-07-02 11:25:00,39558.9,39578.6,39555.5,39576.0,0
2019-07-02 11:30:00,39576.6,39582.1,39568.1,39568.4,0
2019-07-02 11:35:00,39567.9,39574.8,39564.2,39572.8,0
2019-07-02 11:40:00,39571.9,39571.9,39548.8,39557.9,0
2019-07-02 11:45:00,39558.2,39563.9,39537.3,39539.8,0
2019-07-02 11:50:00,39537.1,39547.8,39533.6,39542.1,0
2019-07-02 11:55:00,39542.4,39568.6,39542.2,39568.6,0
2019-07-02 12:00:00,39569.1,39585.1,39562.9,39583.4,0
2019-07-02 12:05:00,39583.5,39592.4,39576.8,39582.6,0
2019-07-02 12:10:00,39583.0,39584.8,39562.2,39576.8,0
2019-07-02 12:15:00,39576.9,39586.0,39570.5,39578.2,0
2019-07-02 12:20:00,39578.2,39579.0,39564.4,39567.6,0
2019-07-02 12:25:00,39568.1,39568.1,39540.1,39550.5,0
2019-07-02 12:30:00,39550.6,39559.7,39546.2,39552.7,0
2019-07-02 12:35:00,39551.8,39562.5,39551.8,39561.4,0
2019-07-02 12:40:00,39561.1,39564.1,39554.2,39557.8,0
2019-07-02 12:45:00,39554.3,39572.4,39546.6,39571.8,0
2019-07-02 12:50:00,39573.0,39607.4,39572.4,39599.4,0
2019-07-02 12:55:00,39599.4,39609.5,39598.9,39598.9,0
2019-07-02 13:00:00,39598.9,39656.3,39598.1,39655.3,0
2019-07-02 13:05:00,39653.5,39698.5,39648.4,39698.5,0
2019-07-02 13:10:00,39698.4,39715.0,39672.5,39684.8,0
2019-07-02 13:15:00,39683.2,39701.2,39670.1,39671.9,0
2019-07-02 13:20:00,39673.4,39701.9,39642.6,39700.9,0
2019-07-02 13:25:00,39701.2,39705.5,39685.4,39689.0,0
2019-07-02 13:30:00,39692.4,39709.4,39681.0,39690.8,0
2019-07-02 13:35:00,39690.8,39712.4,39686.5,39712.1,0
2019-07-02 13:40:00,39711.6,39728.1,39709.8,39712.0,0
2019-07-02 13:45:00,39711.5,39721.0,39696.1,39714.6,0
2019-07-02 13:50:00,39715.0,39732.9,39714.2,39730.4,0
2019-07-02 13:55:00,39729.8,39766.4,39726.2,39747.9,0
2019-07-02 14:00:00,39747.9,39790.1,39747.9,39779.4,0
2019-07-02 14:05:00,39778.6,39781.3,39745.1,39779.9,0
2019-07-02 14:10:00,39779.9,39783.9,39723.9,39737.0,0
2019-07-02 14:15:00,39738.1,39759.2,39723.8,39758.8,0
2019-07-02 14:20:00,39759.3,39780.9,39759.3,39761.8,0
2019-07-02 14:25:00,39761.5,39781.4,39759.6,39765.4,0
2019-07-02 14:30:00,39764.1,39782.2,39763.6,39770.2,0
2019-07-02 14:35:00,39769.4,39782.8,39765.8,39778.0,0
2019-07-02 14:40:00,39772.0,39776.9,39753.1,39754.7,0
2019-07-02 14:45:00,39754.4,39764.0,39720.9,39761.4,0
2019-07-02 14:50:00,39756.3,39774.9,39754.8,39774.9,0
2019-07-02 14:55:00,39774.7,39778.9,39752.5,39756.6,0
2019-07-02 15:00:00,39757.0,39823.9,39757.0,39823.5,0
2019-07-02 15:05:00,39820.3,39824.0,39794.6,39805.0,0
2019-07-02 15:10:00,39806.2,39829.4,39803.7,39825.8,0
2019-07-02 15:15:00,39818.9,39838.5,39816.0,39829.8,0
2019-07-02 15:20:00,39830.6,39836.1,39819.5,39834.6,0
2019-07-02 15:25:00,39835.9,39837.7,39820.0,39822.7,0
2019-07-03 09:15:00,39907.6,39908.5,39742.5,39742.7,0
2019-07-03 09:20:00,39747.5,39799.8,39732.4,39799.8,0
2019-07-03 09:25:00,39800.8,39867.8,39800.8,39853.8,0
2019-07-03 09:30:00,39857.0,39868.1,39856.2,39857.8,0
2019-07-03 09:35:00,39859.4,39876.0,39855.4,39867.1,0
2019-07-03 09:40:00,39867.0,39867.0,39839.6,39855.7,0
2019-07-03 09:45:00,39854.8,39855.0,39832.7,39841.8,0
2019-07-03 09:50:00,39842.4,39908.5,39732.4,39816.7,0
2019-07-03 09:55:00,39816.4,39833.0,39789.3,39796.0,0
2019-07-03 10:00:00,39796.4,39817.9,39780.1,39817.1,0
2019-07-03 10:05:00,39817.5,39818.5,39805.5,39808.3,0
2019-07-03 10:10:00,39808.1,39811.0,39792.0,39798.1,0
2019-07-03 10:15:00,39798.4,39822.3,39794.7,39797.2,0
2019-07-03 10:20:00,39797.0,39808.1,39790.5,39806.8,0
2019-07-03 10:25:00,39807.3,39813.9,39798.1,39812.4,0
2019-07-03 10:30:00,39812.9,39840.2,39812.9,39840.2,0
2019-07-03 10:35:00,39838.1,39839.9,39825.8,39835.9,0
2019-07-03 10:40:00,39836.2,39846.0,39832.8,39841.0,0
2019-07-03 10:45:00,39834.9,39848.9,39830.7,39840.3,0
2019-07-03 10:50:00,39838.7,39859.9,39835.4,39841.1,0
2019-07-03 10:55:00,39841.1,39841.1,39823.6,39833.6,0
2019-07-03 11:00:00,39833.5,39849.1,39831.7,39843.6,0
2019-07-03 11:05:00,39845.2,39859.6,39838.3,39853.8,0
2019-07-03 11:10:00,39853.6,39857.0,39844.2,39845.9,0
2019-07-03 11:15:00,39845.6,39861.6,39834.8,39857.7,0
2019-07-03 11:20:00,39858.4,39861.8,39848.2,39850.6,0
2019-07-03 11:25:00,39850.6,39856.0,39841.1,39845.3,0
2019-07-03 11:30:00,39846.0,39858.4,39845.8,39857.6,0
2019-07-03 11:35:00,39857.4,39862.0,39833.3,39833.3,0
2019-07-03 11:40:00,39825.4,39833.7,39814.3,39832.4,0
2019-07-03 11:45:00,39834.1,39846.7,39826.5,39843.9,0
2019-07-03 11:50:00,39843.9,39844.9,39828.2,39828.8,0
2019-07-03 11:55:00,39829.1,39835.4,39820.0,39832.7,0
2019-07-03 12:00:00,39830.9,39835.5,39805.8,39808.5,0
2019-07-03 12:05:00,39808.0,39824.1,39806.8,39816.3,0
2019-07-03 12:10:00,39816.3,39825.9,39808.9,39822.1,0
2019-07-03 12:15:00,39822.1,39834.4,39816.3,39829.6,0
2019-07-03 12:20:00,39829.4,39839.7,39827.9,39837.2,0
2019-07-03 12:25:00,39837.2,39852.4,39835.1,39848.5,0
2019-07-03 12:30:00,39846.5,39870.6,39846.4,39865.2,0
2019-07-03 12:35:00,39865.6,39873.0,39847.2,39847.2,0
2019-07-03 12:40:00,39847.2,39860.1,39840.0,39859.8,0
2019-07-03 12:45:00,39862.3,39865.6,39854.4,39861.2,0
2019-07-03 12:50:00,39860.6,39869.9,39853.2,39867.5,0
2019-07-03 12:55:00,39868.5,39879.7,39867.5,39868.3,0
2019-07-03 13:00:00,39868.3,39895.9,39868.3,39893.5,0
2019-07-03 13:05:00,39892.9,39897.4,39887.5,39895.6,0
2019-07-03 13:10:00,39897.6,39897.9,39857.7,39863.7,0
2019-07-03 13:15:00,39863.9,39889.0,39860.6,39877.3,0
2019-07-03 13:20:00,39877.4,39900.6,39871.0,39896.6,0
2019-07-03 13:25:00,39893.3,39897.8,39880.8,39880.9,0
2019-07-03 13:30:00,39880.9,39897.3,39879.6,39891.1,0
2019-07-03 13:35:00,39894.2,39898.3,39878.2,39890.4,0
2019-07-03 13:40:00,39890.4,39900.8,39883.2,39883.2,0
2019-07-03 13:45:00,39882.8,39901.2,39878.7,39896.7,0
2019-07-03 13:50:00,39894.2,39913.6,39893.7,39906.4,0
2019-07-03 13:55:00,39906.4,39907.0,39882.0,39887.6,0
2019-07-03 14:00:00,39887.5,39908.5,39886.5,39902.0,0
2019-07-03 14:05:00,39901.4,39916.5,39900.1,39911.5,0
2019-07-03 14:10:00,39910.5,39916.5,39868.2,39882.4,0
2019-07-03 14:15:00,39882.2,39925.9,39882.2,39922.4,0
2019-07-03 14:20:00,39921.9,39935.0,39917.9,39922.8,0
2019-07-03 14:25:00,39922.0,39924.7,39894.2,39895.3,0
2019-07-03 14:30:00,39896.4,39906.3,39895.7,39895.7,0
2019-07-03 14:35:00,39894.0,39919.1,39892.9,39919.0,0
2019-07-03 14:40:00,39920.5,39923.6,39898.7,39898.9,0
2019-07-03 14:45:00,39898.7,39898.7,39824.6,39841.0,0
2019-07-03 14:50:00,39840.4,39847.7,39797.4,39814.5,0
2019-07-03 14:55:00,39815.8,39822.4,39794.3,39814.1,0
2019-07-03 15:00:00,39813.9,39844.1,39810.7,39822.4,0
2019-07-03 15:05:00,39823.6,39848.7,39822.6,39847.3,0
2019-07-03 15:10:00,39847.3,39854.3,39828.1,39832.9,0
2019-07-03 15:15:00,39831.7,39841.5,39810.8,39840.4,0
2019-07-03 15:20:00,39840.9,39844.0,39827.1,39837.6,0
2019-07-03 15:25:00,39836.7,39847.5,39827.4,39832.2,0
2019-07-04 09:15:00,39917.6,39926.1,39858.3,39900.9,0
2019-07-04 09:20:00,39902.3,39916.0,39877.9,39909.1,0
2019-07-04 09:25:00,39908.7,39936.4,39908.7,39921.3,0
2019-07-04 09:30:00,39922.3,39934.8,39905.2,39918.9,0
2019-07-04 09:35:00,39918.1,39947.5,39916.8,39945.2,0
2019-07-04 09:40:00,39945.0,39960.7,39942.6,39957.6,0
2019-07-04 09:45:00,39957.7,39976.5,39953.6,39971.0,0
2019-07-04 09:50:00,39970.1,39973.4,39942.7,39957.7,0
2019-07-04 09:55:00,39958.0,39960.5,39938.1,39945.3,0
2019-07-04 10:00:00,39949.1,39966.4,39948.4,39956.4,0
2019-07-04 10:05:00,39954.2,39957.1,39939.8,39940.0,0
2019-07-04 10:10:00,39937.4,39940.0,39923.6,39937.0,0
2019-07-04 10:15:00,39935.8,39940.7,39920.2,39935.0,0
2019-07-04 10:20:00,39935.8,39950.4,39935.4,39945.3,0
2019-07-04 10:25:00,39945.4,39962.1,39941.3,39942.1,0
2019-07-04 10:30:00,39943.1,39943.6,39931.2,39940.1,0
2019-07-04 10:35:00,39940.4,39961.1,39936.1,39957.4,0
2019-07-04 10:40:00,39956.5,39956.9,39944.0,39945.8,0
2019-07-04 10:45:00,39945.4,39959.7,39938.8,39959.7,0
2019-07-04 10:50:00,39961.2,39965.2,39957.2,39960.6,0
2019-07-04 10:55:00,39959.4,39964.1,39942.2,39943.4,0
2019-07-04 11:00:00,39944.1,39962.9,39944.1,39958.4,0
2019-07-04 11:05:00,39962.1,39966.0,39924.2,39926.3,0
2019-07-04 11:10:00,39927.6,39944.4,39925.9,39942.0,0
2019-07-04 11:15:00,39941.9,39946.9,39935.5,39942.9,0
2019-07-04 11:20:00,39942.9,39943.7,39916.5,39923.4,0
2019-07-04 11:25:00,39921.5,39931.2,39916.9,39921.8,0
2019-07-04 11:30:00,39920.0,39920.0,39891.8,39908.3,0
2019-07-04 11:35:00,39908.4,39908.4,39878.0,39882.8,0
2019-07-04 11:40:00,39882.6,39909.7,39878.5,39909.6,0
2019-07-04 11:45:00,39908.8,39923.4,39906.6,39918.3,0
2019-07-04 11:50:00,39918.5,39918.5,39908.6,39914.8,0
2019-07-04 11:55:00,39914.6,39929.4,39913.4,39928.3,0
2019-07-04 12:00:00,39927.7,39942.8,39927.1,39942.4,0
2019-07-04 12:05:00,39941.6,39941.6,39922.0,39924.6,0
2019-07-04 12:10:00,39925.3,39926.8,39918.2,39925.9,0
2019-07-04 12:15:00,39925.9,39926.4,39911.2,39911.2,0
2019-07-04 12:20:00,39911.5,39913.9,39905.8,39913.5,0
2019-07-04 12:25:00,39913.5,39920.6,39904.8,39919.8,0
2019-07-04 12:30:00,39919.0,39925.6,39910.6,39911.7,0
2019-07-04 12:35:00,39911.7,39916.6,39907.7,39916.5,0
2019-07-04 12:40:00,39917.0,39942.4,39912.3,39942.4,0
2019-07-04 12:45:00,39944.1,39948.0,39938.0,39945.9,0
2019-07-04 12:50:00,39945.8,39945.8,39924.1,39931.5,0
2019-07-04 12:55:00,39931.2,39939.8,39919.2,39921.2,0
2019-07-04 13:00:00,39921.4,39923.8,39901.9,39906.4,0
2019-07-04 13:05:00,39906.3,39912.5,39900.8,39912.1,0
2019-07-04 13:10:00,39913.4,39919.2,39885.9,39887.8,0
2019-07-04 13:15:00,39887.8,39891.3,39884.2,39890.9,0
2019-07-04 13:20:00,39889.6,39905.7,39873.6,39873.6,0
2019-07-04 13:25:00,39871.6,39879.4,39863.4,39875.4,0
2019-07-04 13:30:00,39875.8,39894.8,39875.8,39890.9,0
2019-07-04 13:35:00,39890.8,39909.9,39887.8,39907.4,0
2019-07-04 13:40:00,39907.5,39928.9,39905.6,39926.4,0
2019-07-04 13:45:00,39926.2,39926.4,39912.5,39918.6,0
2019-07-04 13:50:00,39919.5,39935.0,39914.2,39931.5,0
2019-07-04 13:55:00,39932.0,39946.3,39925.2,39931.6,0
2019-07-04 14:00:00,39930.5,39935.8,39917.0,39923.8,0
2019-07-04 14:05:00,39925.5,39937.8,39924.7,39934.4,0
2019-07-04 14:10:00,39934.3,39936.5,39878.1,39884.3,0
2019-07-04 14:15:00,39884.9,39923.2,39876.6,39919.9,0
2019-07-04 14:20:00,39919.7,39920.6,39899.8,39909.0,0
2019-07-04 14:25:00,39908.9,39909.6,39879.0,39894.7,0
2019-07-04 14:30:00,39896.2,39934.8,39891.9,39934.3,0
2019-07-04 14:35:00,39936.4,39944.1,39917.4,39928.7,0
2019-07-04 14:40:00,39928.0,39950.1,39925.4,39940.4,0
2019-07-04 14:45:00,39943.9,39979.1,39943.9,39966.7,0
2019-07-04 14:50:00,39966.0,39976.7,39961.8,39968.1,0
2019-07-04 14:55:00,39967.1,39978.0,39933.2,39938.8,0
2019-07-04 15:00:00,39938.9,39975.3,39938.9,39940.1,0
2019-07-04 15:05:00,39940.0,39942.7,39924.6,39925.2,0
2019-07-04 15:10:00,39926.7,39936.6,39886.6,39910.7,0
2019-07-04 15:15:00,39910.6,39916.6,39883.1,39896.9,0
2019-07-04 15:20:00,39896.8,39901.4,39874.1,39874.4,0
2019-07-04 15:25:00,39876.2,39900.1,39872.2,39882.7,0
2019-07-05 09:15:00,39990.4,40031.8,39944.9,40009.9,0
2019-07-05 09:20:00,40004.9,40032.4,39998.4,40013.2,0
2019-07-05 09:25:00,40013.5,40031.6,40013.0,40028.2,0
2019-07-05 09:30:00,40027.5,40027.7,40006.9,40020.7,0
2019-07-05 09:35:00,40022.8,40023.0,40007.4,40016.6,0
2019-07-05 09:40:00,40017.2,40018.2,40002.2,40010.5,0
2019-07-05 09:45:00,40010.9,40018.9,40002.5,40017.0,0
2019-07-05 09:50:00,40016.8,40018.0,39991.9,39996.0,0
2019-07-05 09:55:00,39995.1,40004.5,39978.1,39978.1,0
2019-07-05 10:00:00,39978.5,39987.1,39967.5,39967.5,0
2019-07-05 10:05:00,39966.4,39967.5,39942.2,39959.3,0
2019-07-05 10:10:00,39959.7,39959.8,39949.1,39954.7,0
2019-07-05 10:15:00,39950.9,39950.9,39931.1,39931.6,0
2019-07-05 10:20:00,39931.2,39933.2,39866.9,39913.8,0
2019-07-05 10:25:00,39915.5,39916.8,39894.9,39910.9,0
2019-07-05 10:30:00,39910.3,39912.2,39899.0,39911.4,0
2019-07-05 10:35:00,39911.2,39927.3,39911.2,39918.5,0
2019-07-05 10:40:00,39919.0,39927.4,39889.8,39910.0,0
2019-07-05 10:45:00,39908.8,39913.5,39895.7,39907.6,0
2019-07-05 10:50:00,39907.6,39937.9,39907.6,39937.4,0
2019-07-05 10:55:00,39936.5,39942.4,39926.7,39936.6,0
2019-07-05 11:00:00,39940.2,39961.4,39938.2,39960.9,0
2019-07-05 11:05:00,39960.9,39970.2,39951.6,39968.7,0
2019-07-05 11:10:00,39965.8,39966.2,39946.1,39965.1,0
2019-07-05 11:15:00,39965.3,39967.2,39948.9,39949.9,0
2019-07-05 11:20:00,39949.7,39949.7,39906.8,39910.8,0
2019-07-05 11:25:00,39910.6,39912.1,39876.0,39894.0,0
2019-07-05 11:30:00,39894.1,39918.5,39890.9,39915.8,0
2019-07-05 11:35:00,39916.5,39916.5,39797.2,39801.3,0
2019-07-05 11:40:00,39802.1,39827.4,39787.8,39794.9,0
2019-07-05 11:45:00,39795.5,39795.5,39719.9,39762.9,0
2019-07-05 11:50:00,39762.1,39817.5,39758.4,39796.4,0
2019-07-05 11:55:00,39796.4,39799.0,39758.8,39759.2,0
2019-07-05 12:00:00,39757.7,39773.0,39741.4,39765.1,0
2019-07-05 12:05:00,39767.2,39792.6,39764.0,39773.3,0
2019-07-05 12:10:00,39774.6,39796.1,39773.4,39790.3,0
2019-07-05 12:15:00,39789.4,39863.1,39789.4,39863.0,0
2019-07-05 12:20:00,39867.6,39887.1,39843.1,39873.9,0
2019-07-05 12:25:00,39873.4,39897.1,39858.6,39876.8,0
2019-07-05 12:30:00,39876.7,39923.7,39853.2,39860.5,0
2019-07-05 12:35:00,39856.5,39881.5,39819.9,39881.5,0
2019-07-05 12:40:00,39883.5,39914.1,39856.0,39869.9,0
2019-07-05 12:45:00,39869.9,39873.6,39848.0,39869.0,0
2019-07-05 12:50:00,39868.2,39904.2,39867.5,39880.7,0
2019-07-05 12:55:00,39876.8,39880.2,39830.9,39831.1,0
2019-07-05 13:00:00,39831.1,39831.1,39723.0,39730.2,0
2019-07-05 13:05:00,39727.5,39727.5,39612.2,39629.2,0
2019-07-05 13:10:00,39626.5,39695.3,39573.5,39618.6,0
2019-07-05 13:15:00,39625.7,39644.1,39525.6,39527.4,0
2019-07-05 13:20:00,39527.4,39584.3,39527.4,39572.5,0
2019-07-05 13:25:00,39570.9,39571.0,39441.4,39441.8,0
2019-07-05 13:30:00,39444.9,39517.6,39444.8,39513.8,0
2019-07-05 13:35:00,39518.7,39587.4,39514.1,39572.8,0
2019-07-05 13:40:00,39572.3,39647.3,39565.5,39625.7,0
2019-07-05 13:45:00,39632.3,39632.3,39590.1,39600.7,0
2019-07-05 13:50:00,39599.6,39679.9,39599.6,39664.3,0
2019-07-05 13:55:00,39665.7,39685.5,39633.6,39647.2,0
2019-07-05 14:00:00,39647.2,39689.0,39629.5,39665.1,0
2019-07-05 14:05:00,39666.8,39672.1,39625.1,39632.4,0
2019-07-05 14:10:00,39633.4,39633.4,39549.6,39597.4,0
2019-07-05 14:15:00,39597.5,39636.0,39571.9,39625.6,0
2019-07-05 14:20:00,39625.4,39629.3,39598.5,39609.6,0
2019-07-05 14:25:00,39611.9,39627.9,39541.9,39551.4,0
2019-07-05 14:30:00,39551.6,39593.4,39549.4,39584.4,0
2019-07-05 14:35:00,39583.4,39660.4,39583.4,39655.4,0
2019-07-05 14:40:00,39657.8,39729.2,39657.8,39702.0,0
2019-07-05 14:45:00,39701.8,39713.4,39619.1,39629.8,0
2019-07-05 14:50:00,39632.1,39658.0,39623.7,39635.8,0
2019-07-05 14:55:00,39640.5,39650.7,39582.2,39582.2,0
2019-07-05 15:00:00,39577.8,39595.2,39497.7,39539.6,0
2019-07-05 15:05:00,39541.6,39541.6,39502.0,39516.0,0
2019-07-05 15:10:00,39514.2,39537.3,39497.6,39515.9,0
2019-07-05 15:15:00,39520.6,39522.0,39485.2,39486.1,0
2019-07-05 15:20:00,39488.9,39504.7,39464.5,39488.5,0
2019-07-05 15:25:00,39488.3,39498.9,39475.8,39477.9,0
2019-07-08 09:15:00,39476.4,39476.4,39130.9,39134.0,0
2019-07-08 09:20:00,39131.5,39150.2,39078.2,39137.0,0
2019-07-08 09:25:00,39140.6,39155.2,39097.9,39100.8,0
2019-07-08 09:30:00,39098.3,39098.3,39053.0,39077.6,0
2019-07-08 09:35:00,39081.8,39138.4,39080.7,39115.4,0
2019-07-08 09:40:00,39116.1,39146.8,39114.5,39132.9,0
2019-07-08 09:45:00,39129.6,39133.1,39073.5,39077.4,0
2019-07-08 09:50:00,39075.4,39113.1,39072.1,39113.1,0
2019-07-08 09:55:00,39113.1,39162.9,39112.2,39131.2,0
2019-07-08 10:00:00,39149.5,39153.7,39134.9,39148.5,0
2019-07-08 10:05:00,39150.6,39155.1,39123.2,39128.7,0
2019-07-08 10:10:00,39132.7,39142.1,39092.1,39096.3,0
2019-07-08 10:15:00,39097.1,39101.1,39082.3,39099.6,0
2019-07-08 10:20:00,39098.8,39117.5,39093.0,39100.5,0
2019-07-08 10:25:00,39099.2,39133.4,39098.9,39098.9,0
2019-07-08 10:30:00,39097.5,39106.4,39057.3,39058.9,0
2019-07-08 10:35:00,39060.0,39062.2,39024.6,39026.1,0
2019-07-08 10:40:00,39023.9,39036.9,39011.3,39031.7,0
2019-07-08 10:45:00,39031.7,39041.8,39017.1,39018.0,0
2019-07-08 10:50:00,39019.1,39029.7,38997.2,38998.5,0
2019-07-08 10:55:00,38993.9,39021.9,38990.8,39000.8,0
2019-07-08 11:00:00,39002.9,39002.9,38926.1,38934.2,0
2019-07-08 11:05:00,38934.5,38939.9,38848.5,38862.1,0
2019-07-08 11:10:00,38859.7,38918.1,38848.8,38906.0,0
2019-07-08 11:15:00,38902.6,38905.0,38866.4,38902.8,0
2019-07-08 11:20:00,38904.5,38909.7,38884.0,38884.0,0
2019-07-08 11:25:00,38884.9,38910.6,38875.0,38889.9,0
2019-07-08 11:30:00,38890.4,38895.5,38850.3,38863.9,0
2019-07-08 11:35:00,38863.7,38928.1,38862.9,38925.1,0
2019-07-08 11:40:00,38924.0,38933.8,38907.5,38912.3,0
2019-07-08 11:45:00,38913.4,38928.3,38902.9,38906.1,0
2019-07-08 11:50:00,38905.8,38956.7,38904.2,38952.3,0
2019-07-08 11:55:00,38951.7,38965.0,38936.4,38936.4,0
2019-07-08 12:00:00,38934.0,38948.1,38916.9,38948.1,0
2019-07-08 12:05:00,38949.6,38951.1,38912.8,38921.6,0
2019-07-08 12:10:00,38920.4,38938.9,38917.3,38937.6,0
2019-07-08 12:15:00,38937.7,38942.4,38904.2,38904.2,0
2019-07-08 12:20:00,38903.6,38913.1,38884.5,38885.3,0
2019-07-08 12:25:00,38885.9,38896.2,38849.4,38861.7,0
2019-07-08 12:30:00,38861.0,38882.7,38861.0,38877.8,0
2019-07-08 12:35:00,38879.7,38910.8,38879.7,38903.6,0
2019-07-08 12:40:00,38904.2,38912.4,38867.8,38874.9,0
2019-07-08 12:45:00,38875.0,38893.3,38871.1,38887.1,0
2019-07-08 12:50:00,38886.6,38890.2,38871.5,38876.2,0
2019-07-08 12:55:00,38875.9,38877.7,38864.1,38872.3,0
2019-07-08 13:00:00,38871.1,38871.1,38839.5,38840.4,0
2019-07-08 13:05:00,38840.4,38840.4,38796.9,38818.9,0
2019-07-08 13:10:00,38820.1,38834.7,38810.6,38834.1,0
2019-07-08 13:15:00,38833.8,38861.8,38825.0,38853.5,0
2019-07-08 13:20:00,38852.5,38862.1,38846.5,38861.4,0
2019-07-08 13:25:00,38866.4,38877.2,38847.6,38858.2,0
2019-07-08 13:30:00,38857.4,38863.6,38792.6,38814.9,0
2019-07-08 13:35:00,38816.6,38855.0,38816.6,38821.4,0
2019-07-08 13:40:00,38822.0,38831.4,38807.1,38831.1,0
2019-07-08 13:45:00,38831.1,38848.5,38825.8,38825.8,0
2019-07-08 13:50:00,38825.8,38847.2,38817.5,38842.1,0
2019-07-08 13:55:00,38840.4,38853.8,38778.1,38778.1,0
2019-07-08 14:00:00,38777.6,38777.6,38735.1,38770.3,0
2019-07-08 14:05:00,38771.2,38779.6,38745.1,38759.1,0
2019-07-08 14:10:00,38758.3,38761.9,38701.6,38716.2,0
2019-07-08 14:15:00,38716.8,38731.6,38657.8,38670.7,0
2019-07-08 14:20:00,38669.4,38670.4,38605.6,38605.6,0
2019-07-08 14:25:00,38608.2,38670.1,38606.9,38660.5,0
2019-07-08 14:30:00,38661.4,38737.1,38660.6,38709.9,0
2019-07-08 14:35:00,38707.3,38759.9,38697.8,38746.8,0
2019-07-08 14:40:00,38746.3,38763.6,38710.7,38715.0,0
2019-07-08 14:45:00,38712.3,38750.7,38710.1,38743.0,0
2019-07-08 14:50:00,38742.2,38776.4,38738.5,38761.2,0
2019-07-08 14:55:00,38756.2,38756.2,38680.7,38682.0,0
2019-07-08 15:00:00,38683.1,38701.7,38644.8,38685.8,0
2019-07-08 15:05:00,38686.2,38701.5,38678.2,38698.4,0
2019-07-08 15:10:00,38698.2,38730.5,38696.4,38721.1,0
2019-07-08 15:15:00,38719.9,38754.2,38716.1,38753.7,0
2019-07-08 15:20:00,38751.9,38758.5,38723.9,38756.4,0
2019-07-08 15:25:00,38757.8,38758.8,38724.0,38745.0,0
2019-07-09 09:15:00,38754.5,38754.5,38468.8,38532.5,0
2019-07-09 09:20:00,38536.0,38536.0,38466.7,38516.0,0
2019-07-09 09:25:00,38516.7,38580.1,38516.7,38573.8,0
2019-07-09 09:30:00,38576.1,38642.9,38568.9,38642.2,0
2019-07-09 09:35:00,38643.8,38663.4,38587.2,38601.7,0
2019-07-09 09:40:00,38599.9,38599.9,38568.3,38583.4,0
2019-07-09 09:45:00,38582.2,38637.2,38557.7,38629.7,0
2019-07-09 09:50:00,38628.8,38628.8,38549.1,38550.1,0
2019-07-09 09:55:00,38547.1,38551.0,38507.1,38514.0,0
2019-07-09 10:00:00,38515.4,38530.4,38501.0,38521.4,0
2019-07-09 10:05:00,38522.5,38526.1,38499.8,38506.7,0
2019-07-09 10:10:00,38508.5,38511.2,38470.4,38481.2,0
2019-07-09 10:15:00,38485.6,38518.6,38484.9,38509.6,0
2019-07-09 10:20:00,38509.0,38538.7,38509.0,38515.3,0
2019-07-09 10:25:00,38516.1,38516.5,38463.1,38463.5,0
2019-07-09 10:30:00,38463.3,38465.8,38435.9,38442.8,0
2019-07-09 10:35:00,38445.1,38483.0,38442.3,38453.2,0
2019-07-09 10:40:00,38454.5,38465.7,38444.2,38463.9,0
2019-07-09 10:45:00,38462.3,38491.7,38462.3,38487.1,0
2019-07-09 10:50:00,38486.8,38511.4,38479.1,38485.0,0
2019-07-09 10:55:00,38486.8,38517.1,38481.9,38517.1,0
2019-07-09 11:00:00,38513.6,38563.4,38513.3,38540.6,0
2019-07-09 11:05:00,38541.0,38602.3,38536.3,38595.0,0
2019-07-09 11:10:00,38594.2,38602.4,38573.3,38582.9,0
2019-07-09 11:15:00,38581.2,38599.6,38552.8,38573.8,0
2019-07-09 11:20:00,38573.1,38578.2,38546.6,38563.8,0
2019-07-09 11:25:00,38562.0,38654.7,38558.3,38654.5,0
2019-07-09 11:30:00,38654.3,38719.8,38654.3,38718.8,0
2019-07-09 11:35:00,38718.8,38727.6,38671.2,38727.6,0
2019-07-09 11:40:00,38731.3,38731.9,38687.5,38690.3,0
2019-07-09 11:45:00,38688.1,38712.3,38684.8,38708.7,0
2019-07-09 11:50:00,38704.4,38725.8,38679.4,38725.6,0
2019-07-09 11:55:00,38726.8,38766.6,38726.8,38759.3,0
2019-07-09 12:00:00,38759.6,38789.1,38759.6,38771.6,0
2019-07-09 12:05:00,38771.9,38814.2,38765.7,38807.8,0
2019-07-09 12:10:00,38805.1,38805.5,38726.9,38728.5,0
2019-07-09 12:15:00,38729.6,38732.4,38683.3,38683.3,0
2019-07-09 12:20:00,38683.3,38696.7,38666.0,38677.1,0
2019-07-09 12:25:00,38672.1,38814.2,38435.9,38659.3,0
2019-07-09 12:30:00,38658.6,38711.9,38656.7,38676.9,0
2019-07-09 12:35:00,38677.0,38680.2,38651.5,38662.3,0
2019-07-09 12:40:00,38661.8,38662.9,38620.1,38643.9,0
2019-07-09 12:45:00,38641.7,38684.1,38634.6,38681.4,0
2019-07-09 12:50:00,38684.0,38686.9,38653.8,38662.4,0
2019-07-09 12:55:00,38661.2,38678.3,38647.1,38677.2,0
2019-07-09 13:00:00,38672.0,38680.7,38663.7,38664.9,0
2019-07-09 13:05:00,38664.6,38731.9,38661.8,38729.8,0
2019-07-09 13:10:00,38726.5,38728.4,38695.7,38706.1,0
2019-07-09 13:15:00,38707.1,38746.5,38702.6,38737.5,0
2019-07-09 13:20:00,38735.8,38736.8,38684.5,38692.7,0
2019-07-09 13:25:00,38692.6,38699.2,38673.6,38674.0,0
2019-07-09 13:30:00,38671.2,38714.1,38662.7,38714.1,0
2019-07-09 13:35:00,38714.5,38726.8,38694.3,38714.5,0
2019-07-09 13:40:00,38714.7,38717.1,38665.7,38696.6,0
2019-07-09 13:45:00,38696.8,38705.8,38679.6,38697.2,0
2019-07-09 13:50:00,38696.6,38701.1,38606.9,38625.4,0
2019-07-09 13:55:00,38621.8,38635.2,38606.8,38631.4,0
2019-07-09 14:00:00,38629.6,38673.0,38624.6,38668.3,0
2019-07-09 14:05:00,38668.6,38771.6,38657.6,38757.6,0
2019-07-09 14:10:00,38755.7,38776.1,38707.5,38707.5,0
2019-07-09 14:15:00,38705.6,38745.3,38701.9,38721.1,0
2019-07-09 14:20:00,38721.1,38733.7,38695.7,38707.6,0
2019-07-09 14:25:00,38704.2,38712.3,38664.1,38673.4,0
2019-07-09 14:30:00,38672.4,38705.0,38670.9,38684.1,0
2019-07-09 14:35:00,38686.4,38713.4,38677.4,38698.5,0
2019-07-09 14:40:00,38699.4,38699.4,38663.9,38674.1,0
2019-07-09 14:45:00,38674.2,38709.3,38672.8,38705.4,0
2019-07-09 14:50:00,38705.5,38729.6,38690.1,38694.1,0
2019-07-09 14:55:00,38694.8,38726.6,38692.9,38710.6,0
2019-07-09 15:00:00,38709.1,38713.9,38665.8,38707.2,0
2019-07-09 15:05:00,38707.4,38750.5,38700.9,38750.5,0
2019-07-09 15:10:00,38750.1,38775.3,38737.9,38766.9,0
2019-07-09 15:15:00,38766.7,38768.1,38728.3,38746.0,0
2019-07-09 15:20:00,38741.7,38745.1,38729.8,38741.9,0
2019-07-09 15:25:00,38744.2,38744.8,38717.8,38741.5,0
2019-07-10 09:15:00,38702.0,38790.2,38610.3,38788.0,0
2019-07-10 09:20:00,38797.2,38801.9,38751.3,38759.1,0
2019-07-10 09:25:00,38756.8,38758.1,38693.0,38712.2,0
2019-07-10 09:30:00,38715.1,38715.1,38689.8,38709.2,0
2019-07-10 09:35:00,38707.4,38779.7,38705.9,38779.7,0
2019-07-10 09:40:00,38785.4,38839.1,38781.5,38815.1,0
2019-07-10 09:45:00,38812.2,38854.9,38802.4,38843.1,0
2019-07-10 09:50:00,38843.8,38854.5,38825.5,38842.5,0
2019-07-10 09:55:00,38842.1,38846.1,38803.3,38809.7,0
2019-07-10 10:00:00,38811.0,38827.7,38796.0,38804.7,0
2019-07-10 10:05:00,38807.5,38811.2,38767.0,38768.4,0
2019-07-10 10:10:00,38768.9,38772.9,38742.1,38747.7,0
2019-07-10 10:15:00,38746.1,38763.6,38733.6,38733.6,0
2019-07-10 10:20:00,38732.4,38752.4,38725.0,38747.1,0
2019-07-10 10:25:00,38753.0,38753.4,38695.5,38700.4,0
2019-07-10 10:30:00,38700.8,38703.8,38622.6,38641.2,0
2019-07-10 10:35:00,38640.4,38683.4,38635.7,38635.7,0
2019-07-10 10:40:00,38634.8,38651.7,38614.0,38650.9,0
2019-07-10 10:45:00,38650.0,38664.3,38643.2,38643.4,0
2019-07-10 10:50:00,38637.5,38641.6,38604.2,38604.8,0
2019-07-10 10:55:00,38601.3,38640.7,38595.2,38634.6,0
2019-07-10 11:00:00,38638.9,38674.0,38635.2,38670.6,0
2019-07-10 11:05:00,38673.0,38673.0,38632.4,38643.7,0
2019-07-10 11:10:00,38644.9,38649.7,38627.9,38649.0,0
2019-07-10 11:15:00,38650.4,38657.5,38642.9,38651.1,0
2019-07-10 11:20:00,38651.1,38674.9,38647.9,38670.4,0
2019-07-10 11:25:00,38667.2,38680.0,38661.9,38668.0,0
2019-07-10 11:30:00,38669.5,38669.5,38649.2,38654.7,0
2019-07-10 11:35:00,38655.9,38665.2,38641.2,38644.1,0
2019-07-10 11:40:00,38646.0,38657.5,38643.8,38656.6,0
2019-07-10 11:45:00,38654.8,38654.8,38613.9,38624.6,0
2019-07-10 11:50:00,38627.3,38649.9,38626.7,38633.1,0
2019-07-10 11:55:00,38632.1,38648.0,38632.0,38641.8,0
2019-07-10 12:00:00,38641.4,38641.7,38580.6,38582.4,0
2019-07-10 12:05:00,38582.7,38588.6,38554.1,38556.6,0
2019-07-10 12:10:00,38556.8,38564.8,38545.1,38564.4,0
2019-07-10 12:15:00,38564.8,38592.5,38562.0,38588.8,0
2019-07-10 12:20:00,38587.1,38609.6,38580.4,38600.6,0
2019-07-10 12:25:00,38602.8,38611.4,38588.2,38602.6,0
2019-07-10 12:30:00,38602.4,38602.4,38572.7,38574.9,0
2019-07-10 12:35:00,38574.4,38574.7,38534.9,38536.6,0
2019-07-10 12:40:00,38536.6,38538.1,38506.1,38513.5,0
2019-07-10 12:45:00,38514.5,38540.5,38513.1,38536.5,0
2019-07-10 12:50:00,38537.0,38537.8,38478.5,38482.5,0
2019-07-10 12:55:00,38485.6,38509.6,38474.7,38493.2,0
2019-07-10 13:00:00,38493.0,38505.9,38482.6,38503.9,0
2019-07-10 13:05:00,38502.1,38564.0,38496.8,38555.8,0
2019-07-10 13:10:00,38558.7,38576.2,38554.1,38554.6,0
2019-07-10 13:15:00,38555.1,38579.2,38555.1,38579.2,0
2019-07-10 13:20:00,38578.4,38637.9,38577.9,38634.4,0
2019-07-10 13:25:00,38631.4,38636.6,38603.6,38612.5,0
2019-07-10 13:30:00,38613.8,38654.4,38613.7,38633.4,0
2019-07-10 13:35:00,38633.6,38653.3,38617.8,38618.9,0
2019-07-10 13:40:00,38621.8,38630.6,38596.9,38600.2,0
2019-07-10 13:45:00,38601.4,38601.4,38556.3,38569.2,0
2019-07-10 13:50:00,38569.4,38606.1,38569.4,38599.8,0
2019-07-10 13:55:00,38599.5,38611.6,38576.7,38603.1,0
2019-07-10 14:00:00,38603.0,38605.9,38580.0,38596.3,0
2019-07-10 14:05:00,38593.9,38614.1,38590.6,38613.9,0
2019-07-10 14:10:00,38612.2,38613.1,38586.6,38594.0,0
2019-07-10 14:15:00,38592.1,38592.1,38553.8,38566.4,0
2019-07-10 14:20:00,38566.4,38586.3,38558.4,38571.7,0
2019-07-10 14:25:00,38572.1,38576.5,38509.2,38509.3,0
2019-07-10 14:30:00,38508.5,38510.3,38480.9,38502.9,0
2019-07-10 14:35:00,38502.7,38536.6,38502.7,38508.6,0
2019-07-10 14:40:00,38509.6,38559.2,38508.9,38552.8,0
2019-07-10 14:45:00,38552.0,38598.4,38552.0,38593.7,0
2019-07-10 14:50:00,38594.4,38594.4,38562.1,38574.7,0
2019-07-10 14:55:00,38574.4,38588.7,38559.9,38573.8,0
2019-07-10 15:00:00,38571.6,38623.4,38571.0,38591.7,0
2019-07-10 15:05:00,38595.3,38598.8,38570.5,38580.0,0
2019-07-10 15:10:00,38577.2,38578.8,38535.4,38554.8,0
2019-07-10 15:15:00,38555.9,38557.4,38523.4,38544.2,0
2019-07-10 15:20:00,38546.5,38554.1,38532.4,38553.7,0
2019-07-10 15:25:00,38553.9,38568.9,38540.0,38554.5,0
2019-07-11 09:15:00,38751.6,38774.8,38681.6,38710.2,0
2019-07-11 09:20:00,38714.2,38774.8,38656.8,38663.1,0
2019-07-11 09:25:00,38663.2,38681.0,38633.8,38642.2,0
2019-07-11 09:30:00,38643.5,38678.8,38631.3,38669.5,0
2019-07-11 09:35:00,38670.0,38688.1,38660.6,38671.7,0
2019-07-11 09:40:00,38672.7,38675.4,38637.5,38637.5,0
2019-07-11 09:45:00,38638.3,38677.7,38636.0,38676.1,0
2019-07-11 09:50:00,38680.4,38703.9,38679.0,38690.6,0
2019-07-11 09:55:00,38690.1,38726.4,38689.6,38720.7,0
2019-07-11 10:00:00,38719.5,38746.7,38711.9,38717.7,0
2019-07-11 10:05:00,38719.2,38720.9,38695.0,38708.2,0
2019-07-11 10:10:00,38707.4,38720.5,38696.9,38714.5,0
2019-07-11 10:15:00,38715.9,38727.7,38707.4,38711.6,0
2019-07-11 10:20:00,38708.2,38711.3,38696.6,38702.7,0
2019-07-11 10:25:00,38703.1,38712.4,38694.9,38702.5,0
2019-07-11 10:30:00,38702.7,38728.4,38702.6,38724.3,0
2019-07-11 10:35:00,38732.2,38742.0,38726.7,38732.4,0
2019-07-11 10:40:00,38729.5,38735.1,38706.3,38709.9,0
2019-07-11 10:45:00,38709.4,38709.9,38691.7,38695.0,0
2019-07-11 10:50:00,38694.8,38709.5,38691.7,38692.6,0
2019-07-11 10:55:00,38691.9,38693.3,38680.7,38680.8,0
2019-07-11 11:00:00,38680.1,38718.3,38671.0,38716.6,0
2019-07-11 11:05:00,38716.4,38734.4,38709.0,38729.1,0
2019-07-11 11:10:00,38729.5,38736.0,38711.9,38712.9,0
2019-07-11 11:15:00,38714.3,38720.3,38701.0,38706.3,0
2019-07-11 11:20:00,38706.3,38728.6,38700.2,38721.1,0
2019-07-11 11:25:00,38720.7,38738.5,38717.9,38738.4,0
2019-07-11 11:30:00,38738.5,38749.7,38735.0,38739.4,0
2019-07-11 11:35:00,38739.7,38743.0,38722.3,38725.5,0
2019-07-11 11:40:00,38725.9,38733.4,38722.6,38727.2,0
2019-07-11 11:45:00,38727.2,38730.4,38715.6,38715.6,0
2019-07-11 11:50:00,38714.7,38727.2,38714.0,38725.8,0
2019-07-11 11:55:00,38725.5,38743.6,38724.9,38736.1,0
2019-07-11 12:00:00,38732.1,38749.8,38732.1,38744.9,0
2019-07-11 12:05:00,38745.4,38775.5,38745.1,38767.0,0
2019-07-11 12:10:00,38767.0,38767.0,38746.5,38746.5,0
2019-07-11 12:15:00,38746.7,38767.9,38744.0,38767.7,0
2019-07-11 12:20:00,38769.2,38803.2,38764.5,38798.4,0
2019-07-11 12:25:00,38797.9,38798.1,38773.8,38778.3,0
2019-07-11 12:30:00,38773.9,38800.0,38773.8,38781.2,0
2019-07-11 12:35:00,38780.5,38788.8,38772.4,38785.8,0
2019-07-11 12:40:00,38781.6,38781.6,38754.8,38760.1,0
2019-07-11 12:45:00,38759.8,38778.8,38759.6,38774.1,0
2019-07-11 12:50:00,38773.9,38774.1,38752.4,38762.3,0
2019-07-11 12:55:00,38762.3,38785.0,38760.4,38785.0,0
2019-07-11 13:00:00,38785.8,38803.6,38785.8,38791.1,0
2019-07-11 13:05:00,38791.1,38806.4,38780.7,38780.7,0
2019-07-11 13:10:00,38781.4,38807.4,38779.0,38796.4,0
2019-07-11 13:15:00,38796.4,38806.0,38787.4,38797.3,0
2019-07-11 13:20:00,38797.3,38838.5,38793.7,38823.2,0
2019-07-11 13:25:00,38823.2,38824.0,38801.9,38803.4,0
2019-07-11 13:30:00,38803.4,38821.3,38799.3,38820.7,0
2019-07-11 13:35:00,38820.5,38835.2,38802.2,38830.9,0
2019-07-11 13:40:00,38832.1,38847.8,38828.0,38846.2,0
2019-07-11 13:45:00,38846.1,38860.5,38805.7,38820.8,0
2019-07-11 13:50:00,38820.4,38823.0,38796.2,38807.5,0
2019-07-11 13:55:00,38808.2,38829.5,38805.8,38822.2,0
2019-07-11 14:00:00,38821.8,38822.9,38763.6,38769.0,0
2019-07-11 14:05:00,38769.9,38805.4,38769.0,38805.4,0
2019-07-11 14:10:00,38804.1,38828.8,38797.9,38824.3,0
2019-07-11 14:15:00,38824.8,38839.8,38817.6,38839.2,0
2019-07-11 14:20:00,38838.6,38881.2,38838.6,38875.7,0
2019-07-11 14:25:00,38875.5,38877.0,38844.8,38858.0,0
2019-07-11 14:30:00,38856.9,38864.8,38841.2,38851.1,0
2019-07-11 14:35:00,38849.5,38862.8,38832.7,38854.7,0
2019-07-11 14:40:00,38855.3,38868.8,38841.8,38856.1,0
2019-07-11 14:45:00,38858.2,38889.8,38856.9,38889.8,0
2019-07-11 14:50:00,38888.9,38892.5,38865.1,38887.8,0
2019-07-11 14:55:00,38890.1,38890.9,38814.9,38818.1,0
2019-07-11 15:00:00,38813.0,38828.3,38811.5,38827.4,0
2019-07-11 15:05:00,38827.2,38847.7,38826.5,38845.1,0
2019-07-11 15:10:00,38843.6,38848.0,38829.0,38836.1,0
2019-07-11 15:15:00,38839.2,38841.6,38814.8,38818.0,0
2019-07-11 15:20:00,38818.2,38821.6,38788.8,38794.1,0
2019-07-11 15:25:00,38795.4,38815.8,38791.4,38792.8,0
2019-07-12 09:15:00,38941.1,38941.1,38824.4,38834.6,0
2019-07-12 09:20:00,38836.1,38877.2,38834.6,38865.3,0
2019-07-12 09:25:00,38865.6,38883.2,38850.2,38869.5,0
2019-07-12 09:30:00,38870.0,38870.0,38821.1,38830.7,0
2019-07-12 09:35:00,38831.8,38845.6,38780.4,38783.0,0
2019-07-12 09:40:00,38782.4,38811.3,38780.6,38811.0,0
2019-07-12 09:45:00,38813.1,38820.8,38781.9,38793.7,0
2019-07-12 09:50:00,38793.7,38803.4,38762.0,38765.9,0
2019-07-12 09:55:00,38766.1,38788.3,38761.3,38770.4,0
2019-07-12 10:00:00,38771.5,38785.1,38764.6,38765.4,0
2019-07-12 10:05:00,38766.5,38777.3,38753.0,38769.2,0
2019-07-12 10:10:00,38769.8,38784.1,38747.8,38780.9,0
2019-07-12 10:15:00,38782.9,38804.1,38781.8,38798.4,0
2019-07-12 10:20:00,38797.1,38832.2,38795.6,38827.4,0
2019-07-12 10:25:00,38830.8,38842.7,38814.6,38825.8,0
2019-07-12 10:30:00,38823.8,38849.6,38812.0,38814.8,0
2019-07-12 10:35:00,38814.7,38827.8,38803.6,38804.8,0
2019-07-12 10:40:00,38804.0,38835.6,38802.4,38834.4,0
2019-07-12 10:45:00,38835.2,38845.0,38824.6,38839.4,0
2019-07-12 10:50:00,38840.8,38849.4,38819.9,38821.1,0
2019-07-12 10:55:00,38821.1,38831.0,38811.6,38817.4,0
2019-07-12 11:00:00,38813.7,38813.7,38792.4,38805.0,0
2019-07-12 11:05:00,38805.0,38815.3,38791.8,38810.9,0
2019-07-12 11:10:00,38810.9,38826.9,38809.9,38814.7,0
2019-07-12 11:15:00,38814.2,38829.8,38803.9,38829.8,0
2019-07-12 11:20:00,38829.9,38847.1,38829.9,38842.1,0
2019-07-12 11:25:00,38842.4,38854.4,38830.7,38854.4,0
2019-07-12 11:30:00,38856.5,38866.9,38851.0,38856.4,0
2019-07-12 11:35:00,38856.6,38877.1,38856.6,38873.4,0
2019-07-12 11:40:00,38873.3,38876.6,38857.7,38857.7,0
2019-07-12 11:45:00,38857.0,38858.9,38847.5,38856.3,0
2019-07-12 11:50:00,38856.3,38856.3,38841.1,38841.1,0
2019-07-12 11:55:00,38841.4,38843.4,38831.0,38831.1,0
2019-07-12 12:00:00,38831.3,38839.5,38819.4,38839.2,0
2019-07-12 12:05:00,38839.1,38843.1,38826.2,38827.3,0
2019-07-12 12:10:00,38826.8,38826.8,38804.3,38805.1,0
2019-07-12 12:15:00,38804.9,38815.5,38803.8,38814.0,0
2019-07-12 12:20:00,38813.5,38828.7,38813.0,38821.6,0
2019-07-12 12:25:00,38821.0,38843.9,38818.6,38837.9,0
2019-07-12 12:30:00,38836.8,38840.7,38826.2,38826.9,0
2019-07-12 12:35:00,38829.1,38841.9,38821.1,38836.9,0
2019-07-12 12:40:00,38836.5,38860.6,38836.1,38851.4,0
2019-07-12 12:45:00,38850.7,38850.7,38824.1,38836.9,0
2019-07-12 12:50:00,38835.7,38859.0,38832.1,38858.8,0
2019-07-12 12:55:00,38859.3,38870.6,38851.9,38858.2,0
2019-07-12 13:00:00,38857.1,38913.6,38856.9,38913.6,0
2019-07-12 13:05:00,38912.7,38938.3,38908.7,38938.2,0
2019-07-12 13:10:00,38936.3,38944.4,38922.3,38936.3,0
2019-07-12 13:15:00,38936.7,38976.5,38934.2,38948.4,0
2019-07-12 13:20:00,38948.6,38953.7,38938.5,38951.7,0
2019-07-12 13:25:00,38949.9,38959.7,38944.2,38957.7,0
2019-07-12 13:30:00,38958.7,38982.0,38958.2,38976.5,0
2019-07-12 13:35:00,38976.5,38992.9,38974.0,38991.3,0
2019-07-12 13:40:00,38989.4,39021.8,38988.8,38999.9,0
2019-07-12 13:45:00,38998.3,39012.1,38987.1,38991.7,0
2019-07-12 13:50:00,38990.3,39003.8,38979.1,38980.0,0
2019-07-12 13:55:00,38978.4,39001.4,38973.2,38981.1,0
2019-07-12 14:00:00,38981.9,38988.4,38945.3,38945.5,0
2019-07-12 14:05:00,38949.4,38951.0,38927.3,38936.1,0
2019-07-12 14:10:00,38933.2,38971.0,38928.1,38955.4,0
2019-07-12 14:15:00,38954.7,38954.8,38935.6,38946.9,0
2019-07-12 14:20:00,38955.5,38972.0,38948.4,38966.6,0
2019-07-12 14:25:00,38965.1,38987.0,38963.4,38968.1,0
2019-07-12 14:30:00,38967.5,38967.5,38932.4,38958.9,0
2019-07-12 14:35:00,38959.5,38959.8,38873.2,38873.2,0
2019-07-12 14:40:00,38871.4,38876.2,38808.4,38836.7,0
2019-07-12 14:45:00,38836.9,38842.9,38752.4,38767.6,0
2019-07-12 14:50:00,38766.7,38796.8,38718.8,38782.2,0
2019-07-12 14:55:00,38777.8,38795.8,38765.1,38787.4,0
2019-07-12 15:00:00,38789.4,38789.6,38729.9,38738.3,0
2019-07-12 15:05:00,38737.6,38737.6,38708.6,38727.6,0
2019-07-12 15:10:00,38725.5,38732.6,38684.9,38720.6,0
2019-07-12 15:15:00,38721.4,38724.6,38695.2,38723.6,0
2019-07-12 15:20:00,38725.8,38760.0,38724.5,38745.6,0
2019-07-12 15:25:00,38744.9,38759.6,38706.9,38715.6,0
2019-07-15 09:15:00,39009.9,39024.0,38806.0,38886.7,0
2019-07-15 09:20:00,38887.5,38929.4,38883.0,38905.9,0
2019-07-15 09:25:00,38905.9,38923.4,38885.1,38902.6,0
2019-07-15 09:30:00,38900.4,38912.4,38858.3,38860.4,0
2019-07-15 09:35:00,38857.1,38857.1,38820.7,38822.3,0
2019-07-15 09:40:00,38822.2,38853.3,38822.1,38848.5,0
2019-07-15 09:45:00,38850.0,38884.7,38849.3,38871.8,0
2019-07-15 09:50:00,38873.9,38874.5,38837.1,38853.9,0
2019-07-15 09:55:00,38853.3,38880.8,38842.3,38869.5,0
2019-07-15 10:00:00,38867.5,38868.8,38824.3,38824.3,0
2019-07-15 10:05:00,38823.6,38850.0,38810.0,38822.3,0
2019-07-15 10:10:00,38820.7,38854.1,38820.1,38839.2,0
2019-07-15 10:15:00,38840.8,38876.1,38839.9,38870.6,0
2019-07-15 10:20:00,38871.6,38886.1,38859.8,38866.6,0
2019-07-15 10:25:00,38864.5,38880.1,38861.1,38871.7,0
2019-07-15 10:30:00,38871.9,38879.0,38849.3,38852.9,0
2019-07-15 10:35:00,38854.1,38859.5,38809.1,38810.0,0
2019-07-15 10:40:00,38810.0,38820.9,38802.9,38802.9,0
2019-07-15 10:45:00,38802.9,38806.9,38743.6,38743.6,0
2019-07-15 10:50:00,38743.7,38761.1,38719.3,38746.0,0
2019-07-15 10:55:00,38746.6,38774.6,38746.6,38763.9,0
2019-07-15 11:00:00,38760.6,38760.6,38734.0,38736.2,0
2019-07-15 11:05:00,38736.1,39024.0,38719.3,38739.6,0
2019-07-15 11:10:00,38739.8,38774.0,38738.3,38773.1,0
2019-07-15 11:15:00,38773.6,38792.8,38769.1,38788.9,0
2019-07-15 11:20:00,38787.9,38803.6,38779.7,38797.4,0
2019-07-15 11:25:00,38798.8,38799.2,38788.5,38794.7,0
2019-07-15 11:30:00,38794.4,38795.2,38766.6,38779.7,0
2019-07-15 11:35:00,38780.2,38796.9,38773.4,38790.4,0
2019-07-15 11:40:00,38791.3,38791.4,38757.6,38759.8,0
2019-07-15 11:45:00,38759.1,38759.1,38742.9,38756.1,0
2019-07-15 11:50:00,38759.9,38767.6,38749.6,38766.3,0
2019-07-15 11:55:00,38765.9,38784.1,38765.9,38775.4,0
2019-07-15 12:00:00,38776.1,38786.8,38773.8,38774.0,0
2019-07-15 12:05:00,38773.8,38776.1,38749.0,38758.9,0
2019-07-15 12:10:00,38758.4,38759.9,38741.5,38744.2,0
2019-07-15 12:15:00,38746.4,38750.7,38715.8,38716.0,0
2019-07-15 12:20:00,38715.3,38716.2,38696.6,38714.7,0
2019-07-15 12:25:00,38713.6,38741.6,38710.6,38729.7,0
2019-07-15 12:30:00,38729.8,38796.9,38729.1,38793.9,0
2019-07-15 12:35:00,38793.1,38823.4,38793.1,38800.6,0
2019-07-15 12:40:00,38800.8,38807.2,38783.4,38793.3,0
2019-07-15 12:45:00,38793.6,38798.7,38750.0,38762.7,0
2019-07-15 12:50:00,38760.7,38774.4,38758.8,38765.3,0
2019-07-15 12:55:00,38763.5,38789.4,38760.7,38780.8,0
2019-07-15 13:00:00,38783.3,38809.8,38783.0,38808.1,0
2019-07-15 13:05:00,38807.9,38841.3,38804.1,38829.3,0
2019-07-15 13:10:00,38831.0,38847.2,38815.8,38817.9,0
2019-07-15 13:15:00,38815.9,38830.2,38812.1,38823.7,0
2019-07-15 13:20:00,38823.7,38823.7,38797.8,38819.3,0
2019-07-15 13:25:00,38820.1,38836.1,38820.1,38829.2,0
2019-07-15 13:30:00,38829.2,38864.2,38829.2,38846.5,0
2019-07-15 13:35:00,38847.0,38847.5,38803.9,38808.0,0
2019-07-15 13:40:00,38806.5,38838.6,38795.9,38829.4,0
2019-07-15 13:45:00,38826.2,38850.6,38826.2,38831.4,0
2019-07-15 13:50:00,38831.6,38838.5,38798.8,38816.4,0
2019-07-15 13:55:00,38816.5,38820.4,38798.5,38805.2,0
2019-07-15 14:00:00,38805.2,38822.8,38804.5,38816.5,0
2019-07-15 14:05:00,38816.1,38822.6,38767.1,38796.6,0
2019-07-15 14:10:00,38797.2,38803.2,38792.7,38796.6,0
2019-07-15 14:15:00,38795.9,38878.6,38795.3,38874.0,0
2019-07-15 14:20:00,38874.2,38905.5,38872.3,38882.8,0
2019-07-15 14:25:00,38883.1,38889.6,38862.0,38870.9,0
2019-07-15 14:30:00,38871.5,38884.5,38853.1,38864.0,0
2019-07-15 14:35:00,38865.6,38877.2,38841.9,38876.3,0
2019-07-15 14:40:00,38876.2,38900.1,38843.2,38892.7,0
2019-07-15 14:45:00,38893.5,38918.6,38887.2,38910.1,0
2019-07-15 14:50:00,38910.8,38911.5,38875.4,38887.9,0
2019-07-15 14:55:00,38884.4,38885.0,38847.1,38873.3,0
2019-07-15 15:00:00,38875.6,38901.2,38865.9,38876.5,0
2019-07-15 15:05:00,38876.2,38889.2,38861.8,38888.0,0
2019-07-15 15:10:00,38888.6,38907.1,38881.9,38896.6,0
2019-07-15 15:15:00,38895.3,38911.6,38889.4,38897.7,0
2019-07-15 15:20:00,38897.1,38916.6,38894.5,38908.5,0
2019-07-15 15:25:00,38908.0,38912.0,38889.0,38896.4,0
2019-07-16 09:15:00,38961.9,38961.9,38845.3,38884.9,0
2019-07-16 09:20:00,38904.8,38934.1,38904.1,38923.8,0
2019-07-16 09:25:00,38925.5,38933.0,38887.3,38889.7,0
2019-07-16 09:30:00,38890.4,38940.5,38883.9,38940.5,0
2019-07-16 09:35:00,38948.3,39005.0,38946.0,38985.4,0
2019-07-16 09:40:00,38985.9,39012.0,38983.7,39006.6,0
2019-07-16 09:45:00,39007.2,39010.4,38988.5,39010.4,0
2019-07-16 09:50:00,39008.4,39022.8,39008.4,39011.5,0
2019-07-16 09:55:00,39010.7,39055.0,39007.8,39044.8,0
2019-07-16 10:00:00,39043.2,39060.0,39035.5,39035.5,0
2019-07-16 10:05:00,39030.7,39038.5,39019.7,39025.1,0
2019-07-16 10:10:00,39024.3,39027.6,39000.8,39003.8,0
2019-07-16 10:15:00,39006.2,39013.5,38983.0,38983.9,0
2019-07-16 10:20:00,38984.2,38991.1,38975.6,38979.1,0
2019-07-16 10:25:00,38979.7,38982.9,38964.8,38966.5,0
2019-07-16 10:30:00,38968.2,39003.5,38968.2,39003.4,0
2019-07-16 10:35:00,39002.4,39002.4,38979.0,38990.8,0
2019-07-16 10:40:00,38986.3,39004.4,38983.1,39004.4,0
2019-07-16 10:45:00,39004.1,39012.1,38989.2,39001.2,0
2019-07-16 10:50:00,39000.0,39000.3,38975.3,38979.2,0
2019-07-16 10:55:00,38980.0,39000.6,38976.4,38996.8,0
2019-07-16 11:00:00,38995.7,39000.3,38985.3,38993.3,0
2019-07-16 11:05:00,38995.0,39010.1,38995.0,39001.9,0
2019-07-16 11:10:00,39000.6,39027.9,38998.9,39021.3,0
2019-07-16 11:15:00,39021.2,39021.2,39011.5,39013.0,0
2019-07-16 11:20:00,39013.0,39033.5,39010.2,39031.5,0
2019-07-16 11:25:00,39031.5,39032.9,39021.2,39024.9,0
2019-07-16 11:30:00,39024.8,39025.6,39016.9,39023.7,0
2019-07-16 11:35:00,39025.1,39027.3,39013.4,39024.2,0
2019-07-16 11:40:00,39024.1,39039.2,39021.8,39023.9,0
2019-07-16 11:45:00,39023.3,39052.3,39020.3,39049.8,0
2019-07-16 11:50:00,39049.8,39062.5,39044.5,39057.7,0
2019-07-16 11:55:00,39057.9,39061.2,39037.9,39038.9,0
2019-07-16 12:00:00,39038.7,39047.4,39036.0,39036.0,0
2019-07-16 12:05:00,39036.0,39040.8,39025.0,39038.9,0
2019-07-16 12:10:00,39039.1,39045.7,39037.1,39041.4,0
2019-07-16 12:15:00,39041.2,39041.2,38996.5,38996.5,0
2019-07-16 12:20:00,38997.4,39009.4,38988.1,39009.2,0
2019-07-16 12:25:00,39008.9,39022.0,39007.0,39011.6,0
2019-07-16 12:30:00,39011.7,39021.6,39006.3,39021.6,0
2019-07-16 12:35:00,39022.1,39036.5,39022.1,39034.1,0
2019-07-16 12:40:00,39034.8,39053.3,39030.9,39048.7,0
2019-07-16 12:45:00,39047.1,39052.5,39035.7,39043.6,0
2019-07-16 12:50:00,39043.6,39063.5,39039.8,39052.3,0
2019-07-16 12:55:00,39052.0,39053.7,39042.5,39043.2,0
2019-07-16 13:00:00,39043.5,39045.0,39027.3,39028.2,0
2019-07-16 13:05:00,39028.4,39041.6,39026.8,39040.1,0
2019-07-16 13:10:00,39037.1,39041.8,39027.8,39036.0,0
2019-07-16 13:15:00,39035.9,39036.5,39014.6,39019.1,0
2019-07-16 13:20:00,39018.6,39026.4,39013.3,39016.8,0
2019-07-16 13:25:00,39016.5,39019.8,39004.5,39009.6,0
2019-07-16 13:30:00,39010.2,39026.7,39010.2,39022.3,0
2019-07-16 13:35:00,39022.4,39023.3,38972.6,38991.3,0
2019-07-16 13:40:00,38991.2,38991.4,38977.9,38989.2,0
2019-07-16 13:45:00,38988.7,39013.1,38988.7,39013.1,0
2019-07-16 13:50:00,39011.9,39031.8,39008.6,39023.0,0
2019-07-16 13:55:00,39022.2,39026.1,39008.1,39019.2,0
2019-07-16 14:00:00,39018.3,39045.4,39012.2,39045.4,0
2019-07-16 14:05:00,39046.5,39130.8,39044.7,39129.4,0
2019-07-16 14:10:00,39122.9,39133.7,39102.3,39133.7,0
2019-07-16 14:15:00,39133.5,39135.9,39104.2,39104.2,0
2019-07-16 14:20:00,39104.4,39128.0,39083.4,39128.0,0
2019-07-16 14:25:00,39128.1,39133.9,39106.7,39133.9,0
2019-07-16 14:30:00,39132.4,39173.9,39117.5,39163.3,0
2019-07-16 14:35:00,39160.7,39167.3,39135.0,39164.8,0
2019-07-16 14:40:00,39164.6,39166.2,39143.7,39153.8,0
2019-07-16 14:45:00,39152.4,39166.9,39138.4,39154.6,0
2019-07-16 14:50:00,39151.7,39159.3,39108.2,39118.1,0
2019-07-16 14:55:00,39118.3,39133.1,39109.1,39123.5,0
2019-07-16 15:00:00,39122.1,39141.0,39089.2,39102.8,0
2019-07-16 15:05:00,39102.8,39151.7,39100.5,39151.7,0
2019-07-16 15:10:00,39148.5,39154.0,39122.2,39138.1,0
2019-07-16 15:15:00,39134.7,39142.3,39122.0,39129.4,0
2019-07-16 15:20:00,39130.5,39136.6,39121.3,39122.7,0
2019-07-16 15:25:00,39123.7,39133.2,39108.5,39112.4,0
2019-07-17 09:15:00,39171.1,39180.9,39081.1,39167.1,0
2019-07-17 09:20:00,39162.2,39196.1,39161.4,39173.1,0
2019-07-17 09:25:00,39173.3,39173.3,39114.6,39125.8,0
2019-07-17 09:30:00,39126.4,39160.3,39121.1,39143.4,0
2019-07-17 09:35:00,39144.2,39154.6,39121.1,39130.7,0
2019-07-17 09:40:00,39129.9,39158.8,39129.9,39158.6,0
2019-07-17 09:45:00,39158.2,39189.1,39156.3,39177.1,0
2019-07-17 09:50:00,39180.9,39198.9,39168.2,39174.6,0
2019-07-17 09:55:00,39175.6,39183.3,39173.1,39179.8,0
2019-07-17 10:00:00,39180.8,39212.7,39179.5,39212.5,0
2019-07-17 10:05:00,39212.6,39232.1,39207.9,39223.2,0
2019-07-17 10:10:00,39223.2,39234.0,39216.3,39221.4,0
2019-07-17 10:15:00,39222.5,39224.3,39204.3,39221.8,0
2019-07-17 10:20:00,39222.8,39231.7,39213.1,39231.7,0
2019-07-17 10:25:00,39230.4,39246.7,39230.1,39243.9,0
2019-07-17 10:30:00,39243.6,39273.5,39241.7,39264.1,0
2019-07-17 10:35:00,39263.8,39264.3,39248.9,39249.5,0
2019-07-17 10:40:00,39249.0,39254.7,39235.8,39243.8,0
2019-07-17 10:45:00,39243.0,39247.8,39224.8,39232.0,0
2019-07-17 10:50:00,39231.5,39262.1,39226.9,39258.6,0
2019-07-17 10:55:00,39260.0,39269.2,39252.9,39258.0,0
2019-07-17 11:00:00,39256.5,39265.9,39243.2,39255.0,0
2019-07-17 11:05:00,39255.9,39265.4,39248.8,39264.0,0
2019-07-17 11:10:00,39264.1,39266.4,39250.2,39256.6,0
2019-07-17 11:15:00,39259.3,39263.4,39250.6,39256.7,0
2019-07-17 11:20:00,39256.7,39264.9,39236.3,39236.3,0
2019-07-17 11:25:00,39236.2,39260.3,39236.2,39260.0,0
2019-07-17 11:30:00,39260.0,39284.7,39259.7,39279.2,0
2019-07-17 11:35:00,39280.8,39281.6,39269.1,39269.2,0
2019-07-17 11:40:00,39268.5,39273.9,39255.0,39257.6,0
2019-07-17 11:45:00,39259.3,39260.2,39237.5,39237.5,0
2019-07-17 11:50:00,39238.3,39250.1,39236.0,39245.6,0
2019-07-17 11:55:00,39245.2,39251.9,39219.5,39224.5,0
2019-07-17 12:00:00,39226.0,39254.2,39226.0,39254.2,0
2019-07-17 12:05:00,39254.2,39259.9,39239.6,39246.5,0
2019-07-17 12:10:00,39245.5,39260.1,39244.1,39258.0,0
2019-07-17 12:15:00,39257.2,39260.6,39251.1,39258.5,0
2019-07-17 12:20:00,39258.7,39259.4,39233.8,39236.1,0
2019-07-17 12:25:00,39235.5,39247.2,39233.0,39241.7,0
2019-07-17 12:30:00,39241.5,39252.0,39234.1,39244.0,0
2019-07-17 12:35:00,39244.2,39251.4,39238.8,39246.0,0
2019-07-17 12:40:00,39248.5,39258.6,39237.4,39244.3,0
2019-07-17 12:45:00,39244.3,39244.5,39230.9,39243.0,0
2019-07-17 12:50:00,39242.0,39250.8,39239.3,39239.9,0
2019-07-17 12:55:00,39239.9,39242.1,39230.6,39231.7,0
2019-07-17 13:00:00,39232.4,39238.3,39228.7,39238.2,0
2019-07-17 13:05:00,39239.2,39248.1,39224.6,39224.6,0
2019-07-17 13:10:00,39223.5,39225.5,39178.1,39181.8,0
2019-07-17 13:15:00,39182.3,39201.4,39182.3,39188.0,0
2019-07-17 13:20:00,39188.2,39188.2,39162.6,39171.4,0
2019-07-17 13:25:00,39171.8,39193.9,39155.6,39188.9,0
2019-07-17 13:30:00,39188.8,39205.8,39180.2,39204.6,0
2019-07-17 13:35:00,39205.4,39213.5,39198.6,39201.0,0
2019-07-17 13:40:00,39200.5,39204.5,39184.3,39185.2,0
2019-07-17 13:45:00,39185.1,39191.5,39172.6,39182.4,0
2019-07-17 13:50:00,39183.0,39221.4,39181.7,39214.9,0
2019-07-17 13:55:00,39214.9,39243.6,39211.3,39230.3,0
2019-07-17 14:00:00,39229.6,39231.2,39203.2,39203.2,0
2019-07-17 14:05:00,39203.3,39227.9,39201.7,39201.7,0
2019-07-17 14:10:00,39200.9,39207.7,39182.9,39200.2,0
2019-07-17 14:15:00,39200.6,39217.4,39190.9,39192.8,0
2019-07-17 14:20:00,39192.8,39203.6,39183.9,39203.5,0
2019-07-17 14:25:00,39204.6,39224.6,39203.1,39211.9,0
2019-07-17 14:30:00,39211.2,39221.0,39205.6,39208.5,0
2019-07-17 14:35:00,39208.3,39233.7,39202.4,39233.7,0
2019-07-17 14:40:00,39234.1,39257.0,39231.4,39241.3,0
2019-07-17 14:45:00,39241.8,39244.7,39230.2,39231.6,0
2019-07-17 14:50:00,39233.3,39248.5,39228.8,39243.1,0
2019-07-17 14:55:00,39242.7,39246.2,39235.4,39235.4,0
2019-07-17 15:00:00,39235.7,39238.4,39195.1,39212.4,0
2019-07-17 15:05:00,39214.0,39233.7,39210.1,39227.5,0
2019-07-17 15:10:00,39227.1,39233.8,39212.5,39231.7,0
2019-07-17 15:15:00,39232.7,39234.3,39207.0,39208.1,0
2019-07-17 15:20:00,39208.2,39227.6,39201.3,39225.6,0
2019-07-17 15:25:00,39224.2,39230.4,39215.5,39216.6,0
2019-07-18 09:15:00,39204.5,39204.5,39101.9,39162.3,0
2019-07-18 09:20:00,39160.7,39164.2,39127.8,39143.9,0
2019-07-18 09:25:00,39141.3,39148.1,39115.3,39134.4,0
2019-07-18 09:30:00,39134.3,39138.3,39099.5,39110.5,0
2019-07-18 09:35:00,39109.8,39138.0,39098.6,39098.6,0
2019-07-18 09:40:00,39097.5,39111.1,39087.8,39110.6,0
2019-07-18 09:45:00,39112.8,39139.7,39111.8,39131.6,0
2019-07-18 09:50:00,39130.7,39167.3,39130.7,39143.6,0
2019-07-18 09:55:00,39147.0,39168.3,39146.8,39159.1,0
2019-07-18 10:00:00,39159.2,39174.9,39157.1,39169.9,0
2019-07-18 10:05:00,39166.9,39167.0,39147.3,39161.2,0
2019-07-18 10:10:00,39164.0,39164.0,39152.8,39155.5,0
2019-07-18 10:15:00,39155.9,39192.0,39155.9,39183.3,0
2019-07-18 10:20:00,39181.7,39190.7,39169.8,39171.2,0
2019-07-18 10:25:00,39173.1,39181.8,39165.9,39173.0,0
2019-07-18 10:30:00,39172.5,39184.2,39163.9,39170.3,0
2019-07-18 10:35:00,39168.6,39172.7,39150.9,39150.9,0
2019-07-18 10:40:00,39150.1,39166.4,39148.8,39157.9,0
2019-07-18 10:45:00,39158.4,39164.1,39148.4,39161.0,0
2019-07-18 10:50:00,39158.1,39174.7,39153.2,39153.6,0
2019-07-18 10:55:00,39155.9,39165.9,39155.6,39165.9,0
2019-07-18 11:00:00,39164.5,39177.9,39160.1,39176.3,0
2019-07-18 11:05:00,39177.8,39179.2,39149.7,39151.9,0
2019-07-18 11:10:00,39149.8,39149.8,39116.9,39127.2,0
2019-07-18 11:15:00,39126.6,39132.1,39114.9,39121.0,0
2019-07-18 11:20:00,39120.9,39121.2,39100.5,39114.9,0
2019-07-18 11:25:00,39114.9,39136.1,39108.9,39128.6,0
2019-07-18 11:30:00,39128.5,39134.4,39109.0,39109.3,0
2019-07-18 11:35:00,39110.8,39116.7,39097.7,39107.8,0
2019-07-18 11:40:00,39108.0,39119.4,39105.1,39111.2,0
2019-07-18 11:45:00,39109.8,39136.7,39107.2,39131.9,0
2019-07-18 11:50:00,39132.9,39135.6,39120.9,39121.1,0
2019-07-18 11:55:00,39121.1,39123.6,39110.2,39110.2,0
2019-07-18 12:00:00,39110.1,39115.1,39103.9,39106.0,0
2019-07-18 12:05:00,39106.6,39118.2,39096.2,39112.5,0
2019-07-18 12:10:00,39111.1,39123.5,39110.0,39121.6,0
2019-07-18 12:15:00,39121.5,39127.6,39117.3,39118.1,0
2019-07-18 12:20:00,39118.2,39119.7,39099.6,39102.1,0
2019-07-18 12:25:00,39103.0,39106.8,39083.8,39083.9,0
2019-07-18 12:30:00,39083.3,39088.1,39051.1,39070.2,0
2019-07-18 12:35:00,39071.5,39083.4,39066.8,39081.9,0
2019-07-18 12:40:00,39082.1,39082.2,39070.3,39075.2,0
2019-07-18 12:45:00,39075.3,39076.2,39066.6,39072.1,0
2019-07-18 12:50:00,39071.9,39093.0,39069.7,39077.7,0
2019-07-18 12:55:00,39076.3,39082.0,39067.9,39075.0,0
2019-07-18 13:00:00,39074.6,39088.9,39069.1,39088.3,0
2019-07-18 13:05:00,39087.8,39126.2,39087.2,39111.5,0
2019-07-18 13:10:00,39111.4,39117.3,39092.1,39092.1,0
2019-07-18 13:15:00,39090.7,39093.6,39077.0,39088.1,0
2019-07-18 13:20:00,39087.9,39096.0,39083.0,39089.1,0
2019-07-18 13:25:00,39088.7,39103.7,39080.6,39102.4,0
2019-07-18 13:30:00,39103.1,39130.9,39098.2,39130.9,0
2019-07-18 13:35:00,39133.2,39142.1,39111.0,39111.3,0
2019-07-18 13:40:00,39111.0,39120.6,39085.0,39087.1,0
2019-07-18 13:45:00,39087.8,39088.1,39047.1,39047.1,0
2019-07-18 13:50:00,39045.2,39048.3,39022.8,39036.1,0
2019-07-18 13:55:00,39036.4,39051.5,39022.7,39034.0,0
2019-07-18 14:00:00,39034.0,39048.3,39030.5,39041.9,0
2019-07-18 14:05:00,39041.9,39073.3,39039.9,39049.5,0
2019-07-18 14:10:00,39049.9,39051.1,39040.8,39045.1,0
2019-07-18 14:15:00,39042.9,39058.8,39039.4,39049.1,0
2019-07-18 14:20:00,39044.9,39057.4,39039.1,39052.1,0
2019-07-18 14:25:00,39052.2,39072.9,39042.9,39068.7,0
2019-07-18 14:30:00,39069.4,39089.3,39054.6,39081.2,0
2019-07-18 14:35:00,39081.1,39097.8,39076.0,39093.7,0
2019-07-18 14:40:00,39090.8,39090.8,39067.2,39072.7,0
2019-07-18 14:45:00,39073.5,39077.8,39044.5,39054.1,0
2019-07-18 14:50:00,39057.4,39058.1,39032.9,39043.2,0
2019-07-18 14:55:00,39043.8,39045.4,39015.5,39018.7,0
2019-07-18 15:00:00,39017.6,39031.5,38954.2,38955.0,0
2019-07-18 15:05:00,38952.6,38960.1,38936.9,38943.8,0
2019-07-18 15:10:00,38943.2,38944.6,38900.2,38911.9,0
2019-07-18 15:15:00,38916.4,38919.8,38861.2,38865.7,0
2019-07-18 15:20:00,38866.9,38924.2,38865.8,38921.5,0
2019-07-18 15:25:00,38922.6,38942.0,38909.3,38924.6,0
2019-07-19 09:15:00,39058.7,39058.7,38972.5,39016.4,0
2019-07-19 09:20:00,39016.9,39038.6,38994.9,38998.4,0
2019-07-19 09:25:00,38997.7,39007.5,38965.8,38972.1,0
2019-07-19 09:30:00,38972.1,38983.3,38919.9,38924.7,0
2019-07-19 09:35:00,38926.4,38929.0,38839.4,38843.9,0
2019-07-19 09:40:00,38841.3,38841.3,38775.1,38815.4,0
2019-07-19 09:45:00,38814.6,38816.1,38748.5,38768.4,0
2019-07-19 09:50:00,38768.5,38768.5,38673.1,38704.8,0
2019-07-19 09:55:00,38706.1,38744.0,38701.4,38734.5,0
2019-07-19 10:00:00,38734.7,38736.1,38695.5,38709.8,0
2019-07-19 10:05:00,38708.3,38717.3,38684.0,38697.1,0
2019-07-19 10:10:00,38697.3,38699.1,38641.1,38641.1,0
2019-07-19 10:15:00,38638.4,38660.8,38616.7,38660.3,0
2019-07-19 10:20:00,38659.6,38690.0,38633.5,38635.8,0
2019-07-19 10:25:00,38635.7,38662.4,38619.3,38635.3,0
2019-07-19 10:30:00,38635.1,38661.9,38626.1,38643.8,0
2019-07-19 10:35:00,38642.8,38686.8,38639.2,38680.4,0
2019-07-19 10:40:00,38682.1,38687.3,38657.7,38678.8,0
2019-07-19 10:45:00,38679.2,38699.2,38671.6,38673.8,0
2019-07-19 10:50:00,38673.3,38681.0,38650.1,38667.0,0
2019-07-19 10:55:00,38667.4,38668.1,38635.5,38639.1,0
2019-07-19 11:00:00,38639.0,38656.3,38625.2,38629.8,0
2019-07-19 11:05:00,38629.9,38641.5,38560.7,38560.7,0
2019-07-19 11:10:00,38559.7,38595.8,38530.8,38538.4,0
2019-07-19 11:15:00,38539.8,38558.8,38530.5,38546.5,0
2019-07-19 11:20:00,38545.0,38551.8,38512.5,38512.6,0
2019-07-19 11:25:00,38514.6,38527.4,38499.9,38511.0,0
2019-07-19 11:30:00,38508.9,38552.4,38496.1,38551.2,0
2019-07-19 11:35:00,38550.4,38565.8,38542.8,38564.0,0
2019-07-19 11:40:00,38567.1,38580.4,38560.1,38560.5,0
2019-07-19 11:45:00,38560.7,38561.1,38543.9,38548.2,0
2019-07-19 11:50:00,38548.3,38576.3,38544.9,38564.1,0
2019-07-19 11:55:00,38564.3,38569.0,38549.3,38569.0,0
2019-07-19 12:00:00,38569.4,38569.4,38539.5,38546.0,0
2019-07-19 12:05:00,38546.5,38552.3,38518.5,38519.9,0
2019-07-19 12:10:00,38517.7,38533.4,38477.9,38522.4,0
2019-07-19 12:15:00,38523.3,38526.0,38481.6,38509.1,0
2019-07-19 12:20:00,38509.0,38515.5,38470.8,38486.9,0
2019-07-19 12:25:00,38487.2,38492.9,38481.4,38491.0,0
2019-07-19 12:30:00,38490.4,38504.2,38470.7,38503.8,0
2019-07-19 12:35:00,38503.9,38510.2,38497.4,38499.2,0
2019-07-19 12:40:00,38498.9,38531.5,38496.5,38522.1,0
2019-07-19 12:45:00,38522.1,38527.1,38513.9,38523.2,0
2019-07-19 12:50:00,38522.5,38529.3,38509.1,38510.2,0
2019-07-19 12:55:00,38510.2,38522.3,38500.9,38506.4,0
2019-07-19 13:00:00,38506.1,38507.1,38490.1,38495.0,0
2019-07-19 13:05:00,38495.6,38504.9,38458.6,38462.1,0
2019-07-19 13:10:00,38458.8,38459.5,38407.5,38421.7,0
2019-07-19 13:15:00,38424.6,38424.9,38378.8,38421.0,0
2019-07-19 13:20:00,38421.9,38429.0,38391.1,38398.0,0
2019-07-19 13:25:00,38398.6,38409.7,38390.9,38405.1,0
2019-07-19 13:30:00,38406.6,38406.6,38355.6,38377.6,0
2019-07-19 13:35:00,38379.0,38397.9,38377.4,38396.3,0
2019-07-19 13:40:00,38396.3,38416.8,38395.5,38401.9,0
2019-07-19 13:45:00,38402.0,38402.0,38355.6,38376.6,0
2019-07-19 13:50:00,38376.6,38413.6,38373.7,38400.2,0
2019-07-19 13:55:00,38400.1,38438.1,38399.5,38435.6,0
2019-07-19 14:00:00,38433.8,38434.8,38392.6,38407.4,0
2019-07-19 14:05:00,38405.3,38407.2,38377.8,38378.6,0
2019-07-19 14:10:00,38379.3,38409.2,38359.5,38359.5,0
2019-07-19 14:15:00,38356.8,38359.0,38337.4,38359.0,0
2019-07-19 14:20:00,38358.6,38404.6,38355.8,38385.7,0
2019-07-19 14:25:00,38385.7,38398.7,38380.8,38390.0,0
2019-07-19 14:30:00,38387.5,38393.1,38345.5,38392.7,0
2019-07-19 14:35:00,38390.8,38440.3,38389.4,38417.0,0
2019-07-19 14:40:00,38416.3,38416.8,38384.3,38401.8,0
2019-07-19 14:45:00,38402.5,38403.0,38380.9,38388.6,0
2019-07-19 14:50:00,38388.2,38415.6,38381.8,38413.1,0
2019-07-19 14:55:00,38413.6,38413.6,38397.6,38410.1,0
2019-07-19 15:00:00,38410.6,38411.7,38307.9,38307.9,0
2019-07-19 15:05:00,38312.2,38312.2,38271.4,38301.5,0
2019-07-19 15:10:00,38300.1,38328.6,38272.9,38325.4,0
2019-07-19 15:15:00,38320.0,38348.8,38319.6,38343.0,0
2019-07-19 15:20:00,38348.6,38362.5,38331.9,38336.5,0
2019-07-19 15:25:00,38335.3,38405.7,38334.2,38392.0,0
2019-07-22 09:15:00,38333.5,38333.5,38115.4,38119.5,0
2019-07-22 09:20:00,38120.5,38123.9,38049.6,38102.7,0
2019-07-22 09:25:00,38087.6,38087.6,38028.9,38037.0,0
2019-07-22 09:30:00,38038.1,38044.4,37926.5,37963.1,0
2019-07-22 09:35:00,37967.5,37998.8,37941.4,37978.0,0
2019-07-22 09:40:00,37976.0,38044.3,37974.9,37978.0,0
2019-07-22 09:45:00,37981.0,38010.4,37972.2,38008.4,0
2019-07-22 09:50:00,38008.9,38049.4,38002.6,38049.4,0
2019-07-22 09:55:00,38051.0,38062.9,38034.9,38062.3,0
2019-07-22 10:00:00,38061.2,38071.3,37999.3,38037.8,0
2019-07-22 10:05:00,38039.8,38068.5,38031.0,38057.2,0
2019-07-22 10:10:00,38053.1,38074.1,38032.2,38044.3,0
2019-07-22 10:15:00,38044.7,38135.7,38044.4,38121.1,0
2019-07-22 10:20:00,38115.4,38144.2,38112.9,38138.9,0
2019-07-22 10:25:00,38147.2,38163.4,38078.2,38078.8,0
2019-07-22 10:30:00,38080.5,38105.6,38050.3,38050.3,0
2019-07-22 10:35:00,38049.3,38078.1,38046.1,38074.2,0
2019-07-22 10:40:00,38073.7,38075.4,38029.3,38037.5,0
2019-07-22 10:45:00,38038.8,38060.6,38032.7,38049.7,0
2019-07-22 10:50:00,38052.9,38080.8,38042.6,38078.6,0
2019-07-22 10:55:00,38079.5,38086.6,38052.9,38063.4,0
2019-07-22 11:00:00,38064.0,38103.2,38058.6,38101.9,0
2019-07-22 11:05:00,38101.3,38108.9,38087.9,38091.5,0
2019-07-22 11:10:00,38092.7,38094.7,38045.0,38056.9,0
2019-07-22 11:15:00,38057.6,38057.6,38018.2,38018.9,0
2019-07-22 11:20:00,38019.2,38053.0,38016.0,38047.0,0
2019-07-22 11:25:00,38046.8,38056.1,38037.6,38043.3,0
2019-07-22 11:30:00,38045.1,38053.0,38021.9,38031.3,0
2019-07-22 11:35:00,38028.5,38047.9,38017.4,38022.1,0
2019-07-22 11:40:00,38023.8,38057.7,38023.0,38057.7,0
2019-07-22 11:45:00,38057.1,38057.1,38022.2,38022.2,0
2019-07-22 11:50:00,38021.4,38031.9,38013.3,38017.9,0
2019-07-22 11:55:00,38018.3,38027.3,37977.8,37983.6,0
2019-07-22 12:00:00,37982.0,37984.1,37953.3,37981.6,0
2019-07-22 12:05:00,37979.9,37995.6,37964.9,37985.3,0
2019-07-22 12:10:00,37982.9,37999.2,37968.4,37994.4,0
2019-07-22 12:15:00,37995.4,37997.7,37977.9,37985.4,0
2019-07-22 12:20:00,37983.9,38027.3,37980.2,38018.9,0
2019-07-22 12:25:00,38018.8,38019.7,37993.3,38004.6,0
2019-07-22 12:30:00,38004.4,38009.4,37955.7,37967.0,0
2019-07-22 12:35:00,37965.1,37965.5,37929.0,37954.4,0
2019-07-22 12:40:00,37951.5,37961.9,37944.8,37956.9,0
2019-07-22 12:45:00,37956.4,37966.3,37942.9,37966.3,0
2019-07-22 12:50:00,37964.8,37999.2,37964.1,37982.6,0
2019-07-22 12:55:00,37980.1,37988.1,37965.7,37965.8,0
2019-07-22 13:00:00,37967.0,37970.1,37940.4,37948.6,0
2019-07-22 13:05:00,37948.9,37951.8,37918.6,37950.2,0
2019-07-22 13:10:00,37950.0,37962.2,37934.9,37936.2,0
2019-07-22 13:15:00,37936.3,37956.3,37900.0,37908.0,0
2019-07-22 13:20:00,37905.4,37931.8,37890.3,37931.1,0
2019-07-22 13:25:00,37930.1,37958.1,37924.8,37934.1,0
2019-07-22 13:30:00,37934.8,37973.7,37932.9,37970.2,0
2019-07-22 13:35:00,37973.8,37990.5,37961.6,37962.1,0
2019-07-22 13:40:00,37961.0,37966.7,37938.2,37963.5,0
2019-07-22 13:45:00,37961.2,38019.4,37957.6,38018.3,0
2019-07-22 13:50:00,38017.2,38044.9,37981.7,38042.1,0
2019-07-22 13:55:00,38039.1,38056.3,38032.4,38039.6,0
2019-07-22 14:00:00,38038.5,38041.5,38002.8,38012.4,0
2019-07-22 14:05:00,38013.3,38033.4,38012.9,38015.1,0
2019-07-22 14:10:00,38016.3,38081.7,38013.4,38073.5,0
2019-07-22 14:15:00,38073.2,38073.8,38020.8,38040.6,0
2019-07-22 14:20:00,38041.0,38051.2,38006.8,38025.8,0
2019-07-22 14:25:00,38025.9,38039.6,38014.2,38028.0,0
2019-07-22 14:30:00,38026.9,38030.0,37962.0,37969.8,0
2019-07-22 14:35:00,37968.3,37969.4,37927.9,37943.9,0
2019-07-22 14:40:00,37943.0,38019.8,37929.3,38010.0,0
2019-07-22 14:45:00,38014.6,38024.1,37994.4,37996.4,0
2019-07-22 14:50:00,37996.9,38024.4,37993.7,38009.8,0
2019-07-22 14:55:00,38012.9,38028.4,37989.7,38012.3,0
2019-07-22 15:00:00,38011.3,38021.0,37991.1,38003.8,0
2019-07-22 15:05:00,38004.8,38064.7,38004.3,38062.6,0
2019-07-22 15:10:00,38069.9,38084.4,38064.1,38072.9,0
2019-07-22 15:15:00,38066.9,38067.5,38022.8,38029.6,0
2019-07-22 15:20:00,38029.8,38038.7,38011.7,38012.0,0
2019-07-22 15:25:00,38013.2,38020.6,38001.5,38007.3,0
2019-07-23 09:15:00,38138.6,38148.6,38010.0,38026.6,0
2019-07-23 09:20:00,38012.2,38024.0,37961.5,37974.4,0
2019-07-23 09:25:00,37972.0,37983.8,37934.7,37958.0,0
2019-07-23 09:30:00,37957.4,38148.6,37917.5,37935.9,0
2019-07-23 09:35:00,37937.7,37969.4,37922.0,37948.0,0
2019-07-23 09:40:00,37944.9,38007.7,37940.9,37986.3,0
2019-07-23 09:45:00,37985.9,38033.6,37981.3,38032.1,0
2019-07-23 09:50:00,38029.6,38074.4,38022.6,38055.1,0
2019-07-23 09:55:00,38051.3,38103.0,38048.1,38078.5,0
2019-07-23 10:00:00,38081.0,38106.7,38058.3,38065.2,0
2019-07-23 10:05:00,38065.5,38065.5,38019.6,38044.7,0
2019-07-23 10:10:00,38043.8,38091.5,38041.8,38090.8,0
2019-07-23 10:15:00,38096.3,38116.4,38088.4,38096.7,0
2019-07-23 10:20:00,38100.7,38105.5,38055.1,38080.8,0
2019-07-23 10:25:00,38082.9,38084.4,38043.9,38046.6,0
2019-07-23 10:30:00,38046.0,38054.6,38025.2,38045.5,0
2019-07-23 10:35:00,38045.3,38060.7,38033.1,38042.5,0
2019-07-23 10:40:00,38043.2,38075.2,38028.9,38074.5,0
2019-07-23 10:45:00,38077.6,38093.3,38069.6,38081.7,0
2019-07-23 10:50:00,38081.8,38083.7,38071.4,38077.5,0
2019-07-23 10:55:00,38077.3,38081.2,38060.8,38070.6,0
2019-07-23 11:00:00,38067.2,38075.3,38039.2,38047.4,0
2019-07-23 11:05:00,38048.9,38048.9,38016.6,38023.9,0
2019-07-23 11:10:00,38024.0,38073.9,38023.6,38060.7,0
2019-07-23 11:15:00,38061.9,38063.6,38043.0,38060.8,0
2019-07-23 11:20:00,38061.0,38067.6,38050.3,38067.6,0
2019-07-23 11:25:00,38067.3,38072.3,38049.2,38050.3,0
2019-07-23 11:30:00,38050.6,38051.1,38026.9,38037.1,0
2019-07-23 11:35:00,38036.4,38064.8,38036.1,38052.9,0
2019-07-23 11:40:00,38055.3,38064.6,38040.5,38051.4,0
2019-07-23 11:45:00,38053.2,38072.2,38052.1,38063.1,0
2019-07-23 11:50:00,38063.2,38063.8,38040.8,38053.6,0
2019-07-23 11:55:00,38053.6,38076.3,38050.4,38076.3,0
2019-07-23 12:00:00,38076.3,38077.6,38062.3,38069.1,0
2019-07-23 12:05:00,38070.3,38070.3,38056.9,38065.8,0
2019-07-23 12:10:00,38065.2,38072.7,38052.7,38059.3,0
2019-07-23 12:15:00,38053.0,38058.3,38037.6,38058.3,0
2019-07-23 12:20:00,38057.3,38071.2,38055.7,38067.3,0
2019-07-23 12:25:00,38067.1,38067.1,38036.2,38037.1,0
2019-07-23 12:30:00,38036.7,38050.1,38020.0,38046.7,0
2019-07-23 12:35:00,38046.5,38098.4,38033.3,38098.4,0
2019-07-23 12:40:00,38099.1,38104.5,38083.9,38089.6,0
2019-07-23 12:45:00,38086.2,38100.0,38078.5,38080.1,0
2019-07-23 12:50:00,38080.6,38104.4,38073.8,38103.5,0
2019-07-23 12:55:00,38099.9,38101.0,38075.6,38083.9,0
2019-07-23 13:00:00,38085.1,38085.2,38050.8,38063.6,0
2019-07-23 13:05:00,38063.2,38072.4,38062.8,38068.2,0
2019-07-23 13:10:00,38068.4,38087.4,38068.4,38077.7,0
2019-07-23 13:15:00,38077.5,38096.1,38062.4,38088.8,0
2019-07-23 13:20:00,38088.8,38133.5,38087.9,38133.4,0
2019-07-23 13:25:00,38133.6,38141.6,38114.3,38126.4,0
2019-07-23 13:30:00,38128.9,38140.7,38110.6,38116.7,0
2019-07-23 13:35:00,38113.8,38128.1,38106.1,38107.2,0
2019-07-23 13:40:00,38108.2,38162.2,38106.7,38161.7,0
2019-07-23 13:45:00,38161.5,38174.7,38146.4,38147.2,0
2019-07-23 13:50:00,38146.7,38163.7,38134.4,38138.1,0
2019-07-23 13:55:00,38137.9,38159.7,38129.0,38156.9,0
2019-07-23 14:00:00,38155.9,38162.9,38141.5,38153.7,0
2019-07-23 14:05:00,38152.9,38203.3,38144.4,38189.8,0
2019-07-23 14:10:00,38190.0,38205.1,38183.5,38184.8,0
2019-07-23 14:15:00,38185.6,38217.8,38179.9,38211.0,0
2019-07-23 14:20:00,38208.4,38208.8,38162.8,38164.6,0
2019-07-23 14:25:00,38166.0,38166.2,38102.6,38108.6,0
2019-07-23 14:30:00,38108.5,38109.6,37992.9,38004.8,0
2019-07-23 14:35:00,38002.7,38032.9,37949.0,37984.2,0
2019-07-23 14:40:00,37980.8,37980.8,37932.7,37940.4,0
2019-07-23 14:45:00,37943.5,37961.6,37898.9,37955.6,0
2019-07-23 14:50:00,37959.2,37960.6,37914.4,37932.4,0
2019-07-23 14:55:00,37933.4,37991.9,37923.4,37987.5,0
2019-07-23 15:00:00,37980.3,38000.1,37969.1,37971.7,0
2019-07-23 15:05:00,37971.4,38016.5,37971.4,38016.4,0
2019-07-23 15:10:00,38017.8,38019.6,37971.3,37973.1,0
2019-07-23 15:15:00,37973.8,37985.5,37959.7,37963.1,0
2019-07-23 15:20:00,37965.7,37993.9,37961.4,37990.0,0
2019-07-23 15:25:00,37991.1,38006.9,37970.0,37979.8,0
2019-07-24 09:15:00,37990.2,38090.6,37939.8,38061.8,0
2019-07-24 09:20:00,38061.2,38102.8,38057.5,38071.2,0
2019-07-24 09:25:00,38077.1,38085.9,38014.9,38021.5,0
2019-07-24 09:30:00,38022.1,38022.6,37906.3,37912.5,0
2019-07-24 09:35:00,37901.4,37918.4,37861.6,37918.0,0
2019-07-24 09:40:00,37917.4,37918.1,37882.1,37903.1,0
2019-07-24 09:45:00,37904.4,37936.3,37890.3,37910.7,0
2019-07-24 09:50:00,37907.9,37910.6,37865.1,37866.1,0
2019-07-24 09:55:00,37865.8,37866.0,37774.1,37789.1,0
2019-07-24 10:00:00,37791.9,37803.7,37765.7,37792.1,0
2019-07-24 10:05:00,37798.6,37840.1,37792.8,37792.9,0
2019-07-24 10:10:00,37787.7,37812.6,37785.9,37796.9,0
2019-07-24 10:15:00,37797.9,37816.4,37780.6,37816.4,0
2019-07-24 10:20:00,37818.2,37832.0,37809.9,37826.0,0
2019-07-24 10:25:00,37826.7,37834.2,37803.4,37817.1,0
2019-07-24 10:30:00,37820.2,37828.0,37787.1,37789.6,0
2019-07-24 10:35:00,37791.3,37792.6,37717.9,37717.9,0
2019-07-24 10:40:00,37719.3,37742.6,37708.4,37736.1,0
2019-07-24 10:45:00,37735.5,37769.4,37733.0,37757.5,0
2019-07-24 10:50:00,37759.0,37775.4,37751.0,37765.7,0
2019-07-24 10:55:00,37768.0,37768.3,37738.0,37750.6,0
2019-07-24 11:00:00,37749.2,37757.6,37731.6,37739.0,0
2019-07-24 11:05:00,37741.9,37753.4,37730.1,37734.3,0
2019-07-24 11:10:00,37734.8,37747.8,37713.2,37722.7,0
2019-07-24 11:15:00,37722.4,37737.6,37712.6,37728.0,0
2019-07-24 11:20:00,37727.8,37731.5,37713.8,37726.1,0
2019-07-24 11:25:00,37726.7,37749.7,37720.4,37747.7,0
2019-07-24 11:30:00,37744.4,37747.9,37722.8,37725.1,0
2019-07-24 11:35:00,37724.7,37733.4,37716.5,37721.9,0
2019-07-24 11:40:00,37720.7,37728.4,37718.1,37722.6,0
2019-07-24 11:45:00,37722.3,37756.8,37721.6,37756.3,0
2019-07-24 11:50:00,37756.3,37766.0,37750.0,37755.4,0
2019-07-24 11:55:00,37756.1,37775.4,37752.1,37767.2,0
2019-07-24 12:00:00,37768.9,37795.6,37768.9,37785.9,0
2019-07-24 12:05:00,37787.2,37787.2,37743.3,37744.2,0
2019-07-24 12:10:00,37745.0,37771.4,37740.4,37753.7,0
2019-07-24 12:15:00,37753.8,37774.7,37745.8,37769.9,0
2019-07-24 12:20:00,37772.1,37775.6,37756.7,37766.0,0
2019-07-24 12:25:00,37769.1,37787.6,37756.6,37765.4,0
2019-07-24 12:30:00,37766.0,37767.8,37725.3,37725.3,0
2019-07-24 12:35:00,37722.1,37730.3,37709.7,37711.3,0
2019-07-24 12:40:00,37712.9,37756.3,37712.2,37750.5,0
2019-07-24 12:45:00,37749.9,37763.2,37749.6,37755.0,0
2019-07-24 12:50:00,37755.4,37794.8,37750.1,37794.8,0
2019-07-24 12:55:00,37792.7,37816.6,37786.5,37807.5,0
2019-07-24 13:00:00,37807.1,37807.1,37764.2,37782.2,0
2019-07-24 13:05:00,37786.7,37826.7,37786.4,37807.3,0
2019-07-24 13:10:00,37805.6,37841.4,37805.6,37815.5,0
2019-07-24 13:15:00,37815.6,37884.4,37815.6,37867.3,0
2019-07-24 13:20:00,37866.9,37867.7,37832.1,37845.0,0
2019-07-24 13:25:00,37846.0,37885.8,37846.0,37885.3,0
2019-07-24 13:30:00,37885.8,37934.5,37885.8,37926.9,0
2019-07-24 13:35:00,37918.7,37927.8,37902.3,37919.7,0
2019-07-24 13:40:00,37923.4,37923.4,37862.8,37882.3,0
2019-07-24 13:45:00,37884.6,37885.1,37839.4,37866.1,0
2019-07-24 13:50:00,37868.0,37878.7,37849.4,37875.8,0
2019-07-24 13:55:00,37876.3,37909.5,37873.2,37905.3,0
2019-07-24 14:00:00,37907.4,37940.1,37883.1,37887.4,0
2019-07-24 14:05:00,37883.6,37897.7,37837.0,37892.1,0
2019-07-24 14:10:00,37895.2,37949.6,37885.5,37938.9,0
2019-07-24 14:15:00,37938.8,37939.2,37887.3,37902.8,0
2019-07-24 14:20:00,37902.3,37913.8,37870.4,37870.4,0
2019-07-24 14:25:00,37865.9,37867.4,37825.9,37837.3,0
2019-07-24 14:30:00,37839.5,37879.6,37833.7,37868.0,0
2019-07-24 14:35:00,37868.3,37881.8,37844.1,37845.6,0
2019-07-24 14:40:00,37845.2,37861.2,37833.2,37833.2,0
2019-07-24 14:45:00,37831.9,37834.0,37755.8,37809.2,0
2019-07-24 14:50:00,37809.9,37852.9,37788.4,37840.1,0
2019-07-24 14:55:00,37835.5,37840.9,37814.8,37833.3,0
2019-07-24 15:00:00,37832.5,37863.8,37832.5,37858.9,0
2019-07-24 15:05:00,37861.9,37874.6,37841.5,37846.0,0
2019-07-24 15:10:00,37844.7,37849.4,37830.5,37837.9,0
2019-07-24 15:15:00,37843.0,37858.9,37830.9,37842.9,0
2019-07-24 15:20:00,37844.9,37882.1,37843.0,37875.8,0
2019-07-24 15:25:00,37873.4,37879.2,37847.8,37853.5,0
2019-07-25 09:15:00,37935.0,37964.0,37869.6,37959.9,0
2019-07-25 09:20:00,37960.1,38026.4,37960.1,37978.2,0
2019-07-25 09:25:00,37984.0,38045.7,37984.0,38044.8,0
2019-07-25 09:30:00,38046.3,38063.1,38022.6,38052.1,0
2019-07-25 09:35:00,38052.5,38110.6,38052.2,38104.1,0
2019-07-25 09:40:00,38105.1,38169.9,38103.5,38161.1,0
2019-07-25 09:45:00,38161.8,38165.3,38131.8,38135.5,0
2019-07-25 09:50:00,38135.6,38158.5,38125.6,38158.5,0
2019-07-25 09:55:00,38155.9,38166.3,38141.7,38144.9,0
2019-07-25 10:00:00,38144.8,38160.5,38130.6,38134.0,0
2019-07-25 10:05:00,38133.6,38134.4,38090.4,38100.7,0
2019-07-25 10:10:00,38100.2,38111.1,38064.3,38079.5,0
2019-07-25 10:15:00,38078.4,38091.4,38073.0,38090.4,0
2019-07-25 10:20:00,38090.0,38091.0,38037.4,38037.4,0
2019-07-25 10:25:00,38038.1,38041.7,38020.0,38025.8,0
2019-07-25 10:30:00,38025.7,38031.4,37966.6,37966.6,0
2019-07-25 10:35:00,37967.0,37980.0,37943.7,37963.2,0
2019-07-25 10:40:00,37962.7,37996.4,37957.4,37988.2,0
2019-07-25 10:45:00,37988.6,38033.7,37981.8,38032.2,0
2019-07-25 10:50:00,38030.3,38052.7,38025.3,38027.8,0
2019-07-25 10:55:00,38027.4,38030.1,38013.0,38024.4,0
2019-07-25 11:00:00,38027.5,38032.5,38010.1,38012.9,0
2019-07-25 11:05:00,38013.4,38022.6,37999.3,38003.8,0
2019-07-25 11:10:00,38004.1,38012.1,37993.8,38010.4,0
2019-07-25 11:15:00,38010.3,38010.3,37966.3,37975.1,0
2019-07-25 11:20:00,37974.2,37996.2,37969.1,37988.9,0
2019-07-25 11:25:00,37990.2,38010.2,37982.1,38006.9,0
2019-07-25 11:30:00,38005.7,38008.7,37990.8,37990.8,0
2019-07-25 11:35:00,37991.6,38006.9,37983.5,37985.8,0
2019-07-25 11:40:00,37983.2,37985.0,37969.5,37983.3,0
2019-07-25 11:45:00,37983.8,37998.9,37980.7,37987.9,0
2019-07-25 11:50:00,37987.0,37988.7,37952.5,37952.5,0
2019-07-25 11:55:00,37957.2,37957.2,37837.2,37874.7,0
2019-07-25 12:00:00,37874.5,37893.6,37867.5,37891.3,0
2019-07-25 12:05:00,37890.4,37907.0,37859.4,37866.1,0
2019-07-25 12:10:00,37868.0,37869.7,37821.2,37825.8,0
2019-07-25 12:15:00,37823.9,37855.4,37804.8,37851.2,0
2019-07-25 12:20:00,37852.1,37858.8,37812.6,37815.7,0
2019-07-25 12:25:00,37814.4,37858.6,37814.4,37848.0,0
2019-07-25 12:30:00,37846.3,37874.3,37836.9,37858.6,0
2019-07-25 12:35:00,37857.4,37864.9,37845.6,37853.6,0
2019-07-25 12:40:00,37852.7,37859.3,37829.1,37851.9,0
2019-07-25 12:45:00,37850.3,37873.7,37848.7,37856.3,0
2019-07-25 12:50:00,37858.9,37872.2,37850.6,37859.6,0
2019-07-25 12:55:00,37860.4,37864.1,37805.9,37806.4,0
2019-07-25 13:00:00,37806.3,37811.7,37781.1,37782.5,0
2019-07-25 13:05:00,37783.9,37803.9,37775.5,37787.4,0
2019-07-25 13:10:00,37788.2,37828.8,37787.7,37819.1,0
2019-07-25 13:15:00,37819.7,37824.2,37806.9,37823.6,0
2019-07-25 13:20:00,37823.4,37844.2,37822.2,37826.6,0
2019-07-25 13:25:00,37826.5,37829.3,37784.3,37785.9,0
2019-07-25 13:30:00,37786.2,37812.7,37778.1,37805.0,0
2019-07-25 13:35:00,37807.4,37846.3,37806.2,37842.6,0
2019-07-25 13:40:00,37842.7,37910.7,37834.8,37906.1,0
2019-07-25 13:45:00,37907.0,37916.7,37885.1,37906.9,0
2019-07-25 13:50:00,37906.9,37918.0,37871.6,37874.3,0
2019-07-25 13:55:00,37872.6,37926.8,37862.8,37908.5,0
2019-07-25 14:00:00,37909.6,37920.8,37887.2,37887.2,0
2019-07-25 14:05:00,37887.2,37907.9,37871.7,37895.8,0
2019-07-25 14:10:00,37895.0,37929.1,37882.4,37883.2,0
2019-07-25 14:15:00,37883.7,37911.4,37878.1,37909.1,0
2019-07-25 14:20:00,37908.4,37934.1,37906.4,37930.4,0
2019-07-25 14:25:00,37929.5,37942.9,37917.6,37941.3,0
2019-07-25 14:30:00,37941.8,37982.0,37939.1,37968.7,0
2019-07-25 14:35:00,37968.8,37968.8,37921.4,37959.2,0
2019-07-25 14:40:00,37958.2,37999.9,37953.3,37983.9,0
2019-07-25 14:45:00,37981.3,37985.7,37931.9,37931.9,0
2019-07-25 14:50:00,37933.1,37933.1,37893.6,37918.2,0
2019-07-25 14:55:00,37916.9,37927.0,37891.6,37927.0,0
2019-07-25 15:00:00,37931.1,37944.8,37788.9,37797.9,0
2019-07-25 15:05:00,37795.4,37804.9,37779.5,37795.4,0
2019-07-25 15:10:00,37795.5,37822.3,37791.0,37822.2,0
2019-07-25 15:15:00,37821.2,37832.6,37812.8,37830.6,0
2019-07-25 15:20:00,37828.8,37844.1,37824.3,37840.2,0
2019-07-25 15:25:00,37842.8,37857.3,37835.1,37847.6,0
2019-07-26 09:15:00,37831.2,37831.2,37717.5,37720.0,0
2019-07-26 09:20:00,37719.3,37823.4,37690.5,37808.8,0
2019-07-26 09:25:00,37810.1,37888.4,37690.5,37810.1,0
2019-07-26 09:30:00,37794.8,37808.8,37766.4,37783.1,0
2019-07-26 09:35:00,37786.1,37839.6,37779.3,37830.8,0
2019-07-26 09:40:00,37830.2,37860.3,37815.2,37829.7,0
2019-07-26 09:45:00,37830.8,37838.6,37797.8,37811.2,0
2019-07-26 09:50:00,37811.2,37826.3,37785.9,37788.6,0
2019-07-26 09:55:00,37787.2,37790.2,37730.9,37747.7,0
2019-07-26 10:00:00,37747.6,37747.8,37704.2,37735.8,0
2019-07-26 10:05:00,37735.3,37766.9,37713.3,37762.1,0
2019-07-26 10:10:00,37760.7,37764.8,37727.2,37736.9,0
2019-07-26 10:15:00,37736.4,37748.3,37722.8,37735.3,0
2019-07-26 10:20:00,37740.8,37744.2,37710.7,37722.7,0
2019-07-26 10:25:00,37723.0,37723.8,37700.1,37717.8,0
2019-07-26 10:30:00,37718.5,37720.5,37691.2,37711.1,0
2019-07-26 10:35:00,37712.1,37772.9,37705.9,37763.1,0
2019-07-26 10:40:00,37759.9,37781.0,37755.2,37775.7,0
2019-07-26 10:45:00,37775.1,37822.7,37772.0,37800.3,0
2019-07-26 10:50:00,37800.9,37853.7,37799.6,37847.7,0
2019-07-26 10:55:00,37848.6,37858.9,37820.0,37823.0,0
2019-07-26 11:00:00,37824.3,37856.2,37824.3,37848.3,0
2019-07-26 11:05:00,37847.9,37867.9,37836.6,37867.9,0
2019-07-26 11:10:00,37870.5,37901.8,37860.5,37865.8,0
2019-07-26 11:15:00,37867.4,37897.1,37857.8,37890.7,0
2019-07-26 11:20:00,37892.1,37906.0,37892.1,37893.9,0
2019-07-26 11:25:00,37894.6,37908.1,37880.9,37889.7,0
2019-07-26 11:30:00,37889.9,37934.1,37888.9,37930.6,0
2019-07-26 11:35:00,37929.7,37944.4,37918.1,37943.9,0
2019-07-26 11:40:00,37942.4,37948.6,37918.5,37921.4,0
2019-07-26 11:45:00,37921.5,37935.8,37912.5,37925.2,0
2019-07-26 11:50:00,37923.5,37950.1,37923.5,37942.8,0
2019-07-26 11:55:00,37943.4,37975.7,37943.4,37967.6,0
2019-07-26 12:00:00,37969.1,37978.1,37926.8,37928.7,0
2019-07-26 12:05:00,37929.3,37950.3,37910.1,37947.4,0
2019-07-26 12:10:00,37946.8,37955.5,37920.8,37931.1,0
2019-07-26 12:15:00,37931.2,37941.5,37921.8,37925.2,0
2019-07-26 12:20:00,37926.1,37936.3,37915.0,37915.0,0
2019-07-26 12:25:00,37915.9,37917.4,37874.0,37878.9,0
2019-07-26 12:30:00,37881.3,37894.6,37857.6,37858.7,0
2019-07-26 12:35:00,37858.8,37886.4,37844.4,37885.9,0
2019-07-26 12:40:00,37886.8,37919.7,37885.5,37910.3,0
2019-07-26 12:45:00,37910.2,37920.0,37904.3,37908.9,0
2019-07-26 12:50:00,37908.9,37908.9,37870.8,37874.0,0
2019-07-26 12:55:00,37873.1,37876.6,37865.7,37873.0,0
2019-07-26 13:00:00,37873.4,37891.7,37872.9,37891.4,0
2019-07-26 13:05:00,37890.8,37909.7,37885.3,37908.4,0
2019-07-26 13:10:00,37906.5,37917.0,37902.8,37914.4,0
2019-07-26 13:15:00,37910.2,37939.9,37903.2,37938.6,0
2019-07-26 13:20:00,37936.7,37940.6,37903.1,37923.4,0
2019-07-26 13:25:00,37923.3,37930.3,37904.9,37907.6,0
2019-07-26 13:30:00,37907.2,37907.2,37808.0,37808.0,0
2019-07-26 13:35:00,37807.3,37880.3,37801.2,37859.8,0
2019-07-26 13:40:00,37857.9,37865.1,37836.3,37855.1,0
2019-07-26 13:45:00,37854.1,37888.3,37841.4,37878.2,0
2019-07-26 13:50:00,37879.4,37886.7,37842.4,37851.0,0
2019-07-26 13:55:00,37848.5,37850.3,37811.3,37820.4,0
2019-07-26 14:00:00,37820.3,37850.5,37819.7,37845.1,0
2019-07-26 14:05:00,37845.1,37870.1,37833.7,37862.2,0
2019-07-26 14:10:00,37861.8,37892.3,37859.4,37878.9,0
2019-07-26 14:15:00,37878.8,37899.7,37865.3,37893.8,0
2019-07-26 14:20:00,37893.0,37916.4,37892.2,37899.4,0
2019-07-26 14:25:00,37899.8,37911.0,37869.1,37908.3,0
2019-07-26 14:30:00,37906.6,37918.1,37842.1,37842.1,0
2019-07-26 14:35:00,37843.8,37893.9,37843.8,37892.6,0
2019-07-26 14:40:00,37891.9,37891.9,37861.8,37876.4,0
2019-07-26 14:45:00,37875.0,37885.3,37861.2,37866.1,0
2019-07-26 14:50:00,37865.7,37886.7,37848.9,37850.2,0
2019-07-26 14:55:00,37848.2,37859.5,37839.7,37852.3,0
2019-07-26 15:00:00,37853.4,37890.5,37847.2,37855.3,0
2019-07-26 15:05:00,37857.2,37867.3,37846.6,37863.2,0
2019-07-26 15:10:00,37862.2,37885.8,37860.8,37877.3,0
2019-07-26 15:15:00,37873.8,37918.3,37871.0,37914.9,0
2019-07-26 15:20:00,37913.9,37917.0,37891.7,37900.0,0
2019-07-26 15:25:00,37894.7,37940.6,37885.7,37931.8,0
2019-07-29 09:15:00,38043.2,38043.2,37875.0,37875.5,0
2019-07-29 09:20:00,37872.1,38043.2,37865.9,37913.0,0
2019-07-29 09:25:00,37933.1,37933.1,37872.6,37880.8,0
2019-07-29 09:30:00,37861.4,37861.4,37793.3,37829.7,0
2019-07-29 09:35:00,37829.4,37829.4,37796.2,37804.7,0
2019-07-29 09:40:00,37798.6,37847.6,37759.1,37846.8,0
2019-07-29 09:45:00,37848.9,37875.0,37844.6,37862.0,0
2019-07-29 09:50:00,37861.0,37861.0,37816.8,37823.6,0
2019-07-29 09:55:00,37820.5,37828.0,37798.3,37802.2,0
2019-07-29 10:00:00,37801.8,37817.4,37776.6,37803.1,0
2019-07-29 10:05:00,37804.1,37822.0,37776.8,37779.9,0
2019-07-29 10:10:00,37774.8,37804.3,37772.0,37794.7,0
2019-07-29 10:15:00,37796.4,37803.2,37754.2,37762.4,0
2019-07-29 10:20:00,37762.4,37780.5,37758.9,37763.0,0
2019-07-29 10:25:00,37763.0,37794.7,37762.1,37791.6,0
2019-07-29 10:30:00,37793.0,37819.8,37785.6,37816.3,0
2019-07-29 10:35:00,37817.0,37818.6,37795.1,37800.1,0
2019-07-29 10:40:00,37800.4,37807.5,37788.4,37804.5,0
2019-07-29 10:45:00,37804.1,37811.0,37789.5,37804.6,0
2019-07-29 10:50:00,37799.7,37810.5,37789.6,37790.9,0
2019-07-29 10:55:00,37792.6,37805.2,37780.8,37798.6,0
2019-07-29 11:00:00,37799.9,37835.8,37799.9,37819.7,0
2019-07-29 11:05:00,37821.4,37821.5,37801.1,37801.6,0
2019-07-29 11:10:00,37802.1,37835.9,37798.3,37829.0,0
2019-07-29 11:15:00,37827.4,37827.4,37812.1,37821.9,0
2019-07-29 11:20:00,37821.2,37821.3,37800.0,37805.1,0
2019-07-29 11:25:00,37805.0,37814.1,37739.1,37747.8,0
2019-07-29 11:30:00,37747.1,37749.3,37696.0,37696.2,0
2019-07-29 11:35:00,37695.7,37731.9,37694.1,37722.2,0
2019-07-29 11:40:00,37723.4,37730.6,37662.3,37664.7,0
2019-07-29 11:45:00,37665.5,37665.5,37593.0,37593.1,0
2019-07-29 11:50:00,37591.6,37592.7,37553.1,37567.6,0
2019-07-29 11:55:00,37567.3,37598.3,37540.1,37542.7,0
2019-07-29 12:00:00,37542.5,37579.9,37542.0,37568.2,0
2019-07-29 12:05:00,37570.4,37570.4,37519.2,37530.9,0
2019-07-29 12:10:00,37529.4,37581.4,37528.9,37581.4,0
2019-07-29 12:15:00,37580.0,37597.9,37570.5,37591.1,0
2019-07-29 12:20:00,37591.2,37591.2,37546.4,37546.4,0
2019-07-29 12:25:00,37548.2,37548.2,37527.8,37536.0,0
2019-07-29 12:30:00,37536.7,37552.7,37528.3,37550.3,0
2019-07-29 12:35:00,37549.1,37575.4,37543.9,37568.2,0
2019-07-29 12:40:00,37568.2,37599.6,37568.2,37594.9,0
2019-07-29 12:45:00,37596.3,37619.0,37573.3,37613.5,0
2019-07-29 12:50:00,37615.9,37618.6,37601.2,37618.1,0
2019-07-29 12:55:00,37615.8,37615.8,37588.4,37589.9,0
2019-07-29 13:00:00,37587.9,37641.0,37586.6,37636.0,0
2019-07-29 13:05:00,37634.0,37642.1,37606.1,37613.5,0
2019-07-29 13:10:00,37613.4,37649.7,37612.2,37641.0,0
2019-07-29 13:15:00,37642.3,37701.8,37640.6,37701.8,0
2019-07-29 13:20:00,37702.7,37722.5,37687.6,37689.6,0
2019-07-29 13:25:00,37689.2,37689.2,37664.5,37674.8,0
2019-07-29 13:30:00,37672.2,37672.3,37648.1,37652.9,0
2019-07-29 13:35:00,37653.2,37671.4,37643.5,37659.9,0
2019-07-29 13:40:00,37659.6,37693.6,37652.2,37682.3,0
2019-07-29 13:45:00,37684.9,37767.4,37680.7,37757.2,0
2019-07-29 13:50:00,37756.9,37779.4,37731.0,37746.2,0
2019-07-29 13:55:00,37744.8,37748.3,37703.3,37709.3,0
2019-07-29 14:00:00,37709.2,37711.6,37666.4,37668.8,0
2019-07-29 14:05:00,37663.8,37718.3,37660.7,37711.8,0
2019-07-29 14:10:00,37711.9,37743.9,37701.9,37706.6,0
2019-07-29 14:15:00,37706.7,37721.1,37679.8,37697.5,0
2019-07-29 14:20:00,37697.6,37722.4,37674.6,37687.7,0
2019-07-29 14:25:00,37687.7,37695.4,37642.1,37648.6,0
2019-07-29 14:30:00,37646.5,37650.4,37603.9,37616.9,0
2019-07-29 14:35:00,37616.8,37654.8,37616.4,37654.5,0
2019-07-29 14:40:00,37663.0,37681.0,37661.5,37669.7,0
2019-07-29 14:45:00,37671.5,37675.9,37651.9,37651.9,0
2019-07-29 14:50:00,37654.7,37661.9,37635.2,37657.1,0
2019-07-29 14:55:00,37657.8,37666.7,37647.6,37663.6,0
2019-07-29 15:00:00,37665.2,37714.1,37665.2,37678.7,0
2019-07-29 15:05:00,37677.9,37697.8,37677.9,37697.6,0
2019-07-29 15:10:00,37699.9,37699.9,37671.6,37688.4,0
2019-07-29 15:15:00,37691.4,37697.0,37663.4,37670.6,0
2019-07-29 15:20:00,37671.0,37699.1,37669.5,37687.3,0
2019-07-29 15:25:00,37686.5,37703.4,37679.6,37693.6,0
2019-07-30 09:15:00,37735.5,37833.8,37690.4,37831.6,0
2019-07-30 09:20:00,37832.0,37848.3,37792.2,37820.1,0
2019-07-30 09:25:00,37821.0,37868.4,37820.1,37865.9,0
2019-07-30 09:30:00,37863.5,37898.6,37860.0,37896.7,0
2019-07-30 09:35:00,37899.3,37913.0,37887.3,37909.4,0
2019-07-30 09:40:00,37905.7,37918.9,37894.3,37907.3,0
2019-07-30 09:45:00,37910.9,37950.2,37910.9,37927.6,0
2019-07-30 09:50:00,37925.1,37933.1,37902.7,37907.0,0
2019-07-30 09:55:00,37908.4,37911.6,37878.6,37885.2,0
2019-07-30 10:00:00,37885.6,37903.9,37875.4,37875.4,0
2019-07-30 10:05:00,37876.6,37877.3,37843.2,37847.3,0
2019-07-30 10:10:00,37845.4,37868.2,37842.7,37850.5,0
2019-07-30 10:15:00,37850.5,37855.4,37770.5,37799.8,0
2019-07-30 10:20:00,37801.6,37833.9,37796.7,37815.4,0
2019-07-30 10:25:00,37816.5,37844.7,37814.4,37831.5,0
2019-07-30 10:30:00,37832.6,37837.6,37802.1,37807.1,0
2019-07-30 10:35:00,37807.2,37810.1,37783.5,37788.7,0
2019-07-30 10:40:00,37786.9,37801.5,37779.4,37794.9,0
2019-07-30 10:45:00,37791.4,37814.9,37775.0,37812.6,0
2019-07-30 10:50:00,37813.8,37816.5,37793.4,37796.6,0
2019-07-30 10:55:00,37796.7,37799.4,37765.1,37787.9,0
2019-07-30 11:00:00,37789.2,37820.9,37785.7,37807.8,0
2019-07-30 11:05:00,37808.0,37828.9,37805.3,37812.7,0
2019-07-30 11:10:00,37816.8,37819.0,37770.7,37781.9,0
2019-07-30 11:15:00,37780.6,37780.6,37741.3,37751.6,0
2019-07-30 11:20:00,37748.9,37767.3,37726.7,37727.5,0
2019-07-30 11:25:00,37725.1,37725.2,37675.1,37682.7,0
2019-07-30 11:30:00,37682.6,37707.4,37673.0,37673.1,0
2019-07-30 11:35:00,37672.4,37685.6,37645.1,37673.7,0
2019-07-30 11:40:00,37673.2,37676.5,37643.4,37652.2,0
2019-07-30 11:45:00,37651.7,37665.4,37617.5,37662.6,0
2019-07-30 11:50:00,37666.3,37715.9,37666.3,37707.8,0
2019-07-30 11:55:00,37708.3,37754.4,37700.6,37732.3,0
2019-07-30 12:00:00,37731.1,37774.8,37720.0,37773.7,0
2019-07-30 12:05:00,37775.0,37782.6,37751.8,37754.2,0
2019-07-30 12:10:00,37755.8,37791.4,37739.2,37791.4,0
2019-07-30 12:15:00,37792.3,37819.9,37792.1,37814.5,0
2019-07-30 12:20:00,37815.6,37818.1,37783.1,37788.4,0
2019-07-30 12:25:00,37788.8,37799.6,37774.0,37789.1,0
2019-07-30 12:30:00,37790.1,37802.1,37769.4,37771.6,0
2019-07-30 12:35:00,37770.3,37770.5,37744.9,37752.2,0
2019-07-30 12:40:00,37754.0,37759.4,37733.3,37738.4,0
2019-07-30 12:45:00,37739.2,37761.9,37725.7,37761.9,0
2019-07-30 12:50:00,37761.8,37762.7,37726.0,37729.0,0
2019-07-30 12:55:00,37727.3,37748.2,37712.6,37732.4,0
2019-07-30 13:00:00,37735.5,37781.6,37728.9,37773.4,0
2019-07-30 13:05:00,37770.4,37779.2,37753.9,37756.5,0
2019-07-30 13:10:00,37756.7,37756.7,37719.6,37736.9,0
2019-07-30 13:15:00,37735.8,37736.8,37698.7,37718.2,0
2019-07-30 13:20:00,37718.8,37718.8,37677.1,37698.1,0
2019-07-30 13:25:00,37701.3,37767.5,37698.3,37767.4,0
2019-07-30 13:30:00,37766.9,37767.2,37734.0,37743.3,0
2019-07-30 13:35:00,37743.9,37754.0,37738.3,37753.4,0
2019-07-30 13:40:00,37756.0,37786.3,37754.4,37775.7,0
2019-07-30 13:45:00,37776.5,37950.2,37617.5,37758.4,0
2019-07-30 13:50:00,37756.9,37788.4,37753.5,37771.9,0
2019-07-30 13:55:00,37768.2,37771.7,37739.0,37747.3,0
2019-07-30 14:00:00,37749.5,37764.4,37744.1,37752.7,0
2019-07-30 14:05:00,37752.3,37785.3,37752.3,37760.9,0
2019-07-30 14:10:00,37762.4,37762.9,37687.0,37694.7,0
2019-07-30 14:15:00,37697.8,37698.3,37618.6,37664.7,0
2019-07-30 14:20:00,37667.7,37673.5,37550.7,37551.7,0
2019-07-30 14:25:00,37550.3,37583.7,37524.4,37573.4,0
2019-07-30 14:30:00,37572.8,37597.7,37550.8,37563.9,0
2019-07-30 14:35:00,37562.7,37569.9,37453.1,37459.3,0
2019-07-30 14:40:00,37459.0,37472.2,37410.5,37469.8,0
2019-07-30 14:45:00,37467.2,37484.3,37435.0,37446.8,0
2019-07-30 14:50:00,37443.7,37455.9,37378.2,37390.8,0
2019-07-30 14:55:00,37388.2,37406.6,37363.7,37398.4,0
2019-07-30 15:00:00,37399.5,37439.9,37385.3,37407.8,0
2019-07-30 15:05:00,37409.5,37432.5,37367.1,37368.6,0
2019-07-30 15:10:00,37371.0,37404.8,37370.2,37398.7,0
2019-07-30 15:15:00,37406.4,37408.7,37359.0,37362.1,0
2019-07-30 15:20:00,37365.2,37418.2,37365.1,37397.9,0
2019-07-30 15:25:00,37407.4,37427.6,37368.8,37368.8,0
2019-07-31 09:15:00,37257.6,37270.8,37135.9,37266.2,0
2019-07-31 09:20:00,37265.4,37275.6,37205.4,37215.9,0
2019-07-31 09:25:00,37223.0,37236.0,37188.4,37197.1,0
2019-07-31 09:30:00,37199.3,37275.6,37135.9,37267.2,0
2019-07-31 09:35:00,37263.2,37309.6,37244.7,37269.0,0
2019-07-31 09:40:00,37271.8,37317.8,37252.1,37306.1,0
2019-07-31 09:45:00,37310.5,37337.1,37300.2,37318.7,0
2019-07-31 09:50:00,37319.7,37349.7,37295.2,37313.8,0
2019-07-31 09:55:00,37313.5,37318.8,37265.4,37305.2,0
2019-07-31 10:00:00,37305.4,37311.4,37236.6,37246.2,0
2019-07-31 10:05:00,37250.4,37282.8,37226.7,37282.5,0
2019-07-31 10:10:00,37283.7,37290.2,37255.6,37258.8,0
2019-07-31 10:15:00,37252.9,37283.6,37249.2,37270.0,0
2019-07-31 10:20:00,37270.0,37298.4,37268.9,37272.9,0
2019-07-31 10:25:00,37273.9,37278.3,37250.9,37255.5,0
2019-07-31 10:30:00,37255.3,37262.7,37197.1,37200.7,0
2019-07-31 10:35:00,37201.4,37214.8,37181.6,37196.0,0
2019-07-31 10:40:00,37196.5,37206.6,37180.9,37190.0,0
2019-07-31 10:45:00,37189.8,37200.4,37159.8,37159.9,0
2019-07-31 10:50:00,37160.0,37168.2,37128.3,37154.7,0
2019-07-31 10:55:00,37154.1,37188.6,37154.1,37179.9,0
2019-07-31 11:00:00,37179.1,37234.5,37171.2,37213.3,0
2019-07-31 11:05:00,37214.7,37223.9,37201.7,37218.5,0
2019-07-31 11:10:00,37217.9,37241.2,37212.2,37223.2,0
2019-07-31 11:15:00,37223.2,37253.3,37219.0,37250.4,0
2019-07-31 11:20:00,37250.9,37257.0,37232.8,37249.1,0
2019-07-31 11:25:00,37248.7,37278.8,37246.2,37278.2,0
2019-07-31 11:30:00,37279.7,37317.6,37279.6,37311.2,0
2019-07-31 11:35:00,37310.7,37352.7,37308.7,37350.3,0
2019-07-31 11:40:00,37352.3,37364.1,37333.4,37351.0,0
2019-07-31 11:45:00,37350.5,37390.4,37326.0,37390.1,0
2019-07-31 11:50:00,37390.8,37400.3,37363.0,37388.6,0
2019-07-31 11:55:00,37390.7,37431.9,37390.7,37396.6,0
2019-07-31 12:00:00,37398.4,37401.4,37332.7,37333.2,0
2019-07-31 12:05:00,37333.2,37334.7,37298.7,37321.4,0
2019-07-31 12:10:00,37322.7,37356.2,37317.2,37346.0,0
2019-07-31 12:15:00,37343.6,37347.8,37317.2,37323.6,0
2019-07-31 12:20:00,37322.2,37344.0,37319.5,37342.4,0
2019-07-31 12:25:00,37341.9,37395.6,37341.1,37393.4,0
2019-07-31 12:30:00,37394.0,37399.8,37368.8,37389.6,0
2019-07-31 12:35:00,37389.3,37389.3,37347.9,37370.4,0
2019-07-31 12:40:00,37371.0,37383.7,37370.7,37371.1,0
2019-07-31 12:45:00,37372.0,37401.1,37346.9,37346.9,0
2019-07-31 12:50:00,37346.4,37355.6,37297.1,37306.8,0
2019-07-31 12:55:00,37307.1,37359.6,37307.1,37353.1,0
2019-07-31 13:00:00,37353.1,37394.9,37353.1,37394.1,0
2019-07-31 13:05:00,37393.4,37397.4,37376.6,37394.8,0
2019-07-31 13:10:00,37395.1,37422.6,37378.2,37416.9,0
2019-07-31 13:15:00,37417.9,37436.3,37389.6,37398.7,0
2019-07-31 13:20:00,37398.5,37406.1,37386.6,37397.8,0
2019-07-31 13:25:00,37397.8,37447.1,37394.2,37427.0,0
2019-07-31 13:30:00,37428.9,37462.2,37428.9,37452.9,0
2019-07-31 13:35:00,37452.7,37452.7,37403.4,37413.3,0
2019-07-31 13:40:00,37413.6,37416.2,37342.3,37342.7,0
2019-07-31 13:45:00,37343.4,37355.8,37308.9,37341.7,0
2019-07-31 13:50:00,37342.0,37387.6,37337.1,37386.7,0
2019-07-31 13:55:00,37388.3,37407.8,37386.5,37407.8,0
2019-07-31 14:00:00,37409.7,37430.5,37404.0,37414.1,0
2019-07-31 14:05:00,37413.1,37430.0,37403.9,37423.2,0
2019-07-31 14:10:00,37424.7,37431.8,37371.3,37396.0,0
2019-07-31 14:15:00,37397.0,37433.3,37396.1,37432.5,0
2019-07-31 14:20:00,37430.8,37524.0,37430.7,37502.0,0
2019-07-31 14:25:00,37501.1,37547.4,37500.6,37545.9,0
2019-07-31 14:30:00,37550.0,37568.8,37521.1,37555.1,0
2019-07-31 14:35:00,37554.1,37576.4,37540.8,37545.2,0
2019-07-31 14:40:00,37549.2,37552.8,37495.3,37506.6,0
2019-07-31 14:45:00,37507.2,37507.2,37458.2,37475.1,0
2019-07-31 14:50:00,37474.6,37474.7,37416.0,37424.5,0
2019-07-31 14:55:00,37427.7,37501.2,37427.1,37489.4,0
2019-07-31 15:00:00,37490.4,37497.9,37456.5,37466.0,0
2019-07-31 15:05:00,37463.2,37471.9,37453.0,37454.9,0
2019-07-31 15:10:00,37456.0,37523.7,37449.6,37521.9,0
2019-07-31 15:15:00,37525.1,37529.9,37479.0,37491.3,0
2019-07-31 15:20:00,37492.8,37494.6,37464.7,37467.0,0
2019-07-31 15:25:00,37465.2,37476.0,37450.5,37471.8,0
2019-08-01 09:15:00,37387.2,37387.2,37238.5,37298.5,0
2019-08-01 09:20:00,37296.1,37302.9,37263.4,37280.3,0
2019-08-01 09:25:00,37280.1,37321.4,37275.2,37315.2,0
2019-08-01 09:30:00,37319.9,37325.7,37290.7,37317.2,0
2019-08-01 09:35:00,37318.0,37330.7,37287.8,37288.7,0
2019-08-01 09:40:00,37283.9,37288.8,37251.5,37261.5,0
2019-08-01 09:45:00,37260.3,37269.6,37233.1,37251.9,0
2019-08-01 09:50:00,37247.3,37274.2,37222.6,37233.0,0
2019-08-01 09:55:00,37233.7,37275.9,37228.2,37271.0,0
2019-08-01 10:00:00,37271.3,37276.6,37254.0,37266.9,0
2019-08-01 10:05:00,37266.9,37266.9,37225.1,37231.0,0
2019-08-01 10:10:00,37231.3,37249.1,37215.1,37239.6,0
2019-08-01 10:15:00,37234.5,37237.0,37202.7,37207.9,0
2019-08-01 10:20:00,37207.1,37222.1,37183.5,37188.4,0
2019-08-01 10:25:00,37185.6,37187.7,37170.3,37179.5,0
2019-08-01 10:30:00,37177.0,37218.6,37166.4,37202.8,0
2019-08-01 10:35:00,37201.3,37214.0,37151.6,37152.1,0
2019-08-01 10:40:00,37151.1,37156.3,37136.3,37152.1,0
2019-08-01 10:45:00,37151.3,37160.6,37144.4,37147.5,0
2019-08-01 10:50:00,37147.0,37150.4,37104.1,37110.8,0
2019-08-01 10:55:00,37114.1,37125.1,37080.8,37093.4,0
2019-08-01 11:00:00,37092.8,37094.7,37046.4,37062.1,0
2019-08-01 11:05:00,37062.0,37080.3,37057.4,37070.1,0
2019-08-01 11:10:00,37070.8,37080.4,37049.7,37050.7,0
2019-08-01 11:15:00,37050.8,37091.4,37050.0,37084.8,0
2019-08-01 11:20:00,37084.8,37113.8,37065.8,37065.8,0
2019-08-01 11:25:00,37067.8,37075.1,37051.8,37054.2,0
2019-08-01 11:30:00,37056.1,37060.4,37020.2,37033.1,0
2019-08-01 11:35:00,37032.3,37054.1,37026.4,37040.8,0
2019-08-01 11:40:00,37040.2,37067.7,37035.3,37064.7,0
2019-08-01 11:45:00,37062.9,37093.9,37062.9,37068.9,0
2019-08-01 11:50:00,37065.5,37066.8,37018.7,37019.8,0
2019-08-01 11:55:00,37020.8,37033.0,36998.1,37013.4,0
2019-08-01 12:00:00,37016.3,37027.1,36982.6,37023.4,0
2019-08-01 12:05:00,37024.9,37025.3,36977.0,36988.7,0
2019-08-01 12:10:00,36989.7,37001.2,36973.1,36997.0,0
2019-08-01 12:15:00,36997.1,37009.3,36992.0,36997.1,0
2019-08-01 12:20:00,36997.5,37040.1,36993.5,37040.1,0
2019-08-01 12:25:00,37040.3,37045.4,37026.1,37030.6,0
2019-08-01 12:30:00,37030.9,37061.3,37028.3,37054.6,0
2019-08-01 12:35:00,37054.3,37061.4,37035.9,37035.9,0
2019-08-01 12:40:00,37036.0,37039.1,37018.5,37033.9,0
2019-08-01 12:45:00,37039.8,37075.8,37039.6,37063.9,0
2019-08-01 12:50:00,37062.9,37062.9,37026.6,37044.5,0
2019-08-01 12:55:00,37042.9,37054.6,37029.7,37029.9,0
2019-08-01 13:00:00,37028.6,37038.2,36998.0,36998.0,0
2019-08-01 13:05:00,37001.2,37016.0,36997.1,37007.3,0
2019-08-01 13:10:00,37007.4,37021.1,36981.7,36988.3,0
2019-08-01 13:15:00,36983.1,37029.6,36979.9,37029.6,0
2019-08-01 13:20:00,37028.5,37053.1,37023.7,37035.6,0
2019-08-01 13:25:00,37037.3,37048.1,37026.2,37026.2,0
2019-08-01 13:30:00,37038.0,37044.4,37024.6,37029.1,0
2019-08-01 13:35:00,37031.0,37044.0,37006.6,37014.5,0
2019-08-01 13:40:00,37012.7,37013.6,36983.9,36983.9,0
2019-08-01 13:45:00,36981.9,36986.0,36929.2,36930.1,0
2019-08-01 13:50:00,36925.4,36967.2,36917.4,36964.5,0
2019-08-01 13:55:00,36958.1,36962.6,36935.2,36939.2,0
2019-08-01 14:00:00,36939.0,36939.4,36898.3,36916.2,0
2019-08-01 14:05:00,36917.1,36962.5,36911.9,36961.7,0
2019-08-01 14:10:00,36963.1,36967.4,36953.5,36960.7,0
2019-08-01 14:15:00,36961.1,36967.6,36926.7,36942.9,0
2019-08-01 14:20:00,36941.8,36943.3,36910.3,36913.5,0
2019-08-01 14:25:00,36910.1,36917.3,36846.4,36847.0,0
2019-08-01 14:30:00,36844.5,36888.9,36843.3,36885.8,0
2019-08-01 14:35:00,36886.8,36904.0,36854.9,36865.3,0
2019-08-01 14:40:00,36867.3,36868.1,36820.9,36821.1,0
2019-08-01 14:45:00,36819.2,36819.2,36694.2,36740.8,0
2019-08-01 14:50:00,36739.3,36824.7,36735.7,36824.7,0
2019-08-01 14:55:00,36825.6,36857.9,36790.0,36848.8,0
2019-08-01 15:00:00,36849.1,36941.1,36831.4,36936.9,0
2019-08-01 15:05:00,36935.4,37015.2,36931.0,37004.5,0
2019-08-01 15:10:00,37003.9,37105.3,36998.0,37105.3,0
2019-08-01 15:15:00,37105.3,37111.9,37042.8,37048.2,0
2019-08-01 15:20:00,37047.9,37066.9,37040.0,37065.9,0
2019-08-01 15:25:00,37063.0,37082.6,37049.5,37059.5,0
2019-08-02 09:15:00,36920.1,36920.1,36760.0,36789.9,0
2019-08-02 09:20:00,36789.4,36798.6,36700.5,36701.4,0
2019-08-02 09:25:00,36706.4,36768.4,36698.9,36710.7,0
2019-08-02 09:30:00,36710.7,36711.2,36621.7,36623.2,0
2019-08-02 09:35:00,36620.9,36761.7,36617.0,36716.8,0
2019-08-02 09:40:00,36714.9,36734.2,36676.9,36685.2,0
2019-08-02 09:45:00,36690.0,36723.1,36672.4,36723.1,0
2019-08-02 09:50:00,36724.8,36733.5,36682.6,36719.4,0
2019-08-02 09:55:00,36713.6,36723.8,36680.8,36683.1,0
2019-08-02 10:00:00,36681.0,36682.4,36650.7,36663.8,0
2019-08-02 10:05:00,36660.9,36681.9,36635.0,36639.5,0
2019-08-02 10:10:00,36637.9,36671.8,36637.9,36661.2,0
2019-08-02 10:15:00,36662.0,36691.1,36607.4,36614.6,0
2019-08-02 10:20:00,36614.9,36645.1,36611.7,36641.0,0
2019-08-02 10:25:00,36642.3,36682.5,36641.0,36681.0,0
2019-08-02 10:30:00,36683.2,36688.2,36669.0,36676.2,0
2019-08-02 10:35:00,36676.1,36679.4,36642.8,36658.4,0
2019-08-02 10:40:00,36660.9,36710.6,36651.6,36710.6,0
2019-08-02 10:45:00,36710.4,36749.0,36694.5,36735.8,0
2019-08-02 10:50:00,36735.6,36739.1,36708.6,36713.3,0
2019-08-02 10:55:00,36709.4,36711.7,36659.9,36681.5,0
2019-08-02 11:00:00,36680.2,36709.6,36680.2,36691.2,0
2019-08-02 11:05:00,36691.0,36704.9,36660.3,36694.7,0
2019-08-02 11:10:00,36694.6,36713.8,36679.5,36705.1,0
2019-08-02 11:15:00,36709.3,36756.0,36708.3,36753.4,0
2019-08-02 11:20:00,36753.1,36821.1,36753.1,36787.1,0
2019-08-02 11:25:00,36787.1,36808.4,36779.1,36804.9,0
2019-08-02 11:30:00,36809.7,36848.5,36809.7,36821.8,0
2019-08-02 11:35:00,36820.6,36852.5,36809.1,36812.9,0
2019-08-02 11:40:00,36813.5,36864.1,36810.7,36852.6,0
2019-08-02 11:45:00,36851.8,36852.3,36772.1,36794.9,0
2019-08-02 11:50:00,36793.3,36836.6,36790.9,36826.6,0
2019-08-02 11:55:00,36827.5,36920.3,36827.5,36918.2,0
2019-08-02 12:00:00,36918.4,36947.3,36893.4,36929.2,0
2019-08-02 12:05:00,36928.8,36953.3,36898.9,36944.8,0
2019-08-02 12:10:00,36942.9,36957.0,36878.4,36891.9,0
2019-08-02 12:15:00,36896.6,36901.6,36864.8,36895.8,0
2019-08-02 12:20:00,36895.5,36950.6,36878.9,36950.5,0
2019-08-02 12:25:00,36950.2,36956.2,36922.3,36930.2,0
2019-08-02 12:30:00,36931.1,36933.2,36911.4,36918.4,0
2019-08-02 12:35:00,36917.9,36917.9,36857.6,36860.6,0
2019-08-02 12:40:00,36858.5,36907.0,36852.6,36863.6,0
2019-08-02 12:45:00,36858.9,36879.9,36845.4,36879.9,0
2019-08-02 12:50:00,36881.6,36909.0,36858.7,36858.7,0
2019-08-02 12:55:00,36857.1,36864.0,36820.9,36857.8,0
2019-08-02 13:00:00,36858.1,36867.1,36831.5,36832.0,0
2019-08-02 13:05:00,36830.6,36832.9,36785.1,36821.5,0
2019-08-02 13:10:00,36822.4,36860.7,36801.1,36849.9,0
2019-08-02 13:15:00,36849.9,36857.9,36827.3,36827.3,0
2019-08-02 13:20:00,36827.5,36828.6,36773.0,36791.9,0
2019-08-02 13:25:00,36797.2,37136.2,36797.2,37102.7,0
2019-08-02 13:30:00,37089.7,37113.0,37009.3,37040.8,0
2019-08-02 13:35:00,37047.3,37097.3,37041.3,37041.6,0
2019-08-02 13:40:00,37026.4,37137.0,37022.8,37115.4,0
2019-08-02 13:45:00,37114.9,37121.6,37078.5,37119.4,0
2019-08-02 13:50:00,37120.7,37179.6,37082.7,37170.4,0
2019-08-02 13:55:00,37168.0,37240.9,37167.0,37182.8,0
2019-08-02 14:00:00,37184.7,37209.6,37157.8,37201.9,0
2019-08-02 14:05:00,37200.2,37207.5,37175.2,37207.5,0
2019-08-02 14:10:00,37207.4,37273.0,37188.0,37272.0,0
2019-08-02 14:15:00,37272.6,37352.3,37268.1,37328.8,0
2019-08-02 14:20:00,37330.3,37375.2,37176.1,37232.2,0
2019-08-02 14:25:00,37237.7,37303.8,37203.1,37277.8,0
2019-08-02 14:30:00,37272.7,37274.5,37142.7,37191.5,0
2019-08-02 14:35:00,37192.6,37213.9,37126.4,37164.8,0
2019-08-02 14:40:00,37163.9,37213.7,37143.4,37159.6,0
2019-08-02 14:45:00,37158.9,37173.8,37067.1,37068.4,0
2019-08-02 14:50:00,37069.8,37127.0,37034.2,37035.8,0
2019-08-02 14:55:00,37035.3,37095.5,37015.1,37072.3,0
2019-08-02 15:00:00,37072.8,37096.7,37039.1,37071.7,0
2019-08-02 15:05:00,37074.0,37158.6,37039.4,37153.7,0
2019-08-02 15:10:00,37151.9,37185.8,37125.7,37160.4,0
2019-08-02 15:15:00,37160.4,37169.9,37127.9,37136.9,0
2019-08-02 15:20:00,37135.5,37135.8,37096.6,37103.4,0
2019-08-02 15:25:00,37102.6,37146.3,37092.6,37142.3,0
2019-08-14 15:10:00,37233.5,37473.6,37000.8,37332.4,0
2019-08-14 15:15:00,37335.5,37336.8,37299.9,37300.5,0
2019-08-14 15:20:00,37304.2,37306.3,37272.8,37272.8,0
2019-08-14 15:25:00,37270.3,37273.2,37241.4,37244.2,0
2019-08-16 09:15:00,37383.0,37384.3,37039.9,37089.0,0
2019-08-16 09:20:00,37089.2,37093.2,37032.2,37085.4,0
2019-08-16 09:25:00,37086.0,37100.7,37044.9,37047.8,0
2019-08-16 09:30:00,37048.9,37050.6,37002.1,37002.3,0
2019-08-16 09:35:00,37002.0,37047.7,36974.4,37035.8,0
2019-08-16 09:40:00,37034.5,37112.9,37033.0,37108.9,0
2019-08-16 09:45:00,37116.1,37158.7,37114.2,37148.2,0
2019-08-16 09:50:00,37153.6,37158.6,37117.9,37153.2,0
2019-08-16 09:55:00,37151.9,37186.3,37148.8,37179.1,0
2019-08-16 10:00:00,37179.6,37195.6,37139.4,37141.3,0
2019-08-16 10:05:00,37141.5,37141.8,37116.1,37127.4,0
2019-08-16 10:10:00,37129.6,37156.0,37079.1,37079.7,0
2019-08-16 10:15:00,37079.5,37120.1,37079.5,37116.3,0
2019-08-16 10:20:00,37118.4,37151.9,37114.8,37138.0,0
2019-08-16 10:25:00,37133.1,37152.6,37115.1,37126.7,0
2019-08-16 10:30:00,37125.5,37138.5,37120.6,37128.4,0
2019-08-16 10:35:00,37128.8,37165.7,37126.7,37140.3,0
2019-08-16 10:40:00,37142.2,37183.1,37142.2,37174.9,0
2019-08-16 10:45:00,37175.6,37220.6,37175.2,37220.1,0
2019-08-16 10:50:00,37219.9,37259.3,37214.9,37214.9,0
2019-08-16 10:55:00,37213.9,37245.1,37213.9,37215.9,0
2019-08-16 11:00:00,37215.9,37230.9,37191.2,37226.7,0
2019-08-16 11:05:00,37224.7,37230.8,37216.3,37224.3,0
2019-08-16 11:10:00,37225.1,37290.2,37223.9,37279.5,0
2019-08-16 11:15:00,37279.3,37384.3,36974.4,37273.4,0
2019-08-16 11:20:00,37273.5,37286.0,37240.7,37286.0,0
2019-08-16 11:25:00,37286.5,37318.5,37258.5,37316.0,0
2019-08-16 11:30:00,37313.6,37331.1,37289.1,37296.5,0
2019-08-16 11:35:00,37295.9,37301.9,37263.3,37278.4,0
2019-08-16 11:40:00,37282.6,37283.7,37240.3,37245.6,0
2019-08-16 11:45:00,37246.2,37271.4,37246.2,37261.7,0
2019-08-16 11:50:00,37261.7,37282.4,37247.7,37280.6,0
2019-08-16 11:55:00,37282.9,37292.2,37267.9,37277.8,0
2019-08-16 12:00:00,37277.7,37302.3,37266.1,37301.0,0
2019-08-16 12:05:00,37301.5,37356.3,37293.1,37345.2,0
2019-08-16 12:10:00,37343.8,37343.8,37315.1,37316.6,0
2019-08-16 12:15:00,37317.9,37370.4,37316.9,37370.4,0
2019-08-16 12:20:00,37371.1,37374.7,37331.9,37334.6,0
2019-08-16 12:25:00,37335.3,37343.3,37282.7,37282.7,0
2019-08-16 12:30:00,37278.4,37285.1,37247.0,37271.9,0
2019-08-16 12:35:00,37272.3,37294.5,37266.7,37272.1,0
2019-08-16 12:40:00,37271.5,37294.8,37247.6,37288.8,0
2019-08-16 12:45:00,37287.9,37336.3,37287.1,37329.6,0
2019-08-16 12:50:00,37330.1,37331.4,37299.6,37312.6,0
2019-08-16 12:55:00,37312.4,37351.4,37312.4,37351.2,0
2019-08-16 13:00:00,37351.4,37353.8,37332.9,37338.3,0
2019-08-16 13:05:00,37338.3,37367.2,37336.7,37361.4,0
2019-08-16 13:10:00,37363.3,37406.7,37349.2,37390.1,0
2019-08-16 13:15:00,37390.6,37425.1,37387.7,37394.1,0
2019-08-16 13:20:00,37391.6,37391.6,37370.2,37375.6,0
2019-08-16 13:25:00,37375.9,37393.7,37322.8,37337.1,0
2019-08-16 13:30:00,37340.3,37361.6,37336.0,37358.8,0
2019-08-16 13:35:00,37361.2,37368.9,37346.6,37349.9,0
2019-08-16 13:40:00,37349.9,37364.8,37332.7,37344.6,0
2019-08-16 13:45:00,37345.2,37353.6,37284.8,37302.6,0
2019-08-16 13:50:00,37303.0,37329.6,37284.4,37317.5,0
2019-08-16 13:55:00,37316.2,37356.9,37315.9,37356.9,0
2019-08-16 14:00:00,37359.8,37395.7,37359.3,37384.8,0
2019-08-16 14:05:00,37385.6,37444.4,37385.6,37433.6,0
2019-08-16 14:10:00,37435.0,37440.7,37369.3,37374.5,0
2019-08-16 14:15:00,37368.1,37373.0,37340.1,37340.1,0
2019-08-16 14:20:00,37336.7,37359.4,37306.3,37354.3,0
2019-08-16 14:25:00,37354.3,37376.8,37354.3,37373.4,0
2019-08-16 14:30:00,37373.4,37396.8,37366.6,37391.1,0
2019-08-16 14:35:00,37391.1,37404.5,37377.3,37395.2,0
2019-08-16 14:40:00,37394.4,37408.9,37382.4,37391.5,0
2019-08-16 14:45:00,37390.3,37404.8,37365.6,37371.8,0
2019-08-16 14:50:00,37371.8,37400.8,37343.6,37391.9,0
2019-08-16 14:55:00,37391.6,37391.7,37356.8,37361.1,0
2019-08-16 15:00:00,37362.9,37403.9,37340.6,37340.6,0
2019-08-16 15:05:00,37337.6,37361.7,37324.2,37334.7,0
2019-08-16 15:10:00,37335.2,37387.6,37334.0,37371.0,0
2019-08-16 15:15:00,37369.4,37380.1,37344.0,37344.4,0
2019-08-16 15:20:00,37343.4,37352.3,37329.3,37344.6,0
2019-08-16 15:25:00,37340.6,37368.1,37331.2,37333.0,0
2019-08-19 09:15:00,37485.9,37588.1,37479.9,37563.4,0
2019-08-19 09:20:00,37557.5,37596.6,37557.5,37569.2,0
2019-08-19 09:25:00,37572.2,37596.6,37479.9,37502.7,0
2019-08-19 09:30:00,37505.8,37522.4,37420.5,37495.5,0
2019-08-19 09:35:00,37489.9,37504.4,37476.1,37486.1,0
2019-08-19 09:40:00,37486.4,37489.3,37460.0,37462.0,0
2019-08-19 09:45:00,37457.4,37541.2,37449.1,37536.9,0
2019-08-19 09:50:00,37535.9,37586.4,37519.4,37577.0,0
2019-08-19 09:55:00,37579.5,37583.4,37560.2,37581.4,0
2019-08-19 10:00:00,37580.4,37605.9,37580.4,37594.1,0
2019-08-19 10:05:00,37596.0,37611.0,37590.1,37609.6,0
2019-08-19 10:10:00,37608.0,37616.0,37581.8,37588.6,0
2019-08-19 10:15:00,37589.7,37633.2,37588.5,37626.8,0
2019-08-19 10:20:00,37626.0,37662.5,37611.9,37661.1,0
2019-08-19 10:25:00,37662.4,37663.9,37622.2,37639.7,0
2019-08-19 10:30:00,37638.8,37665.9,37636.2,37663.7,0
2019-08-19 10:35:00,37665.2,37677.2,37660.6,37673.3,0
2019-08-19 10:40:00,37672.4,37682.9,37664.4,37667.1,0
2019-08-19 10:45:00,37671.5,37682.9,37420.5,37650.4,0
2019-08-19 10:50:00,37651.4,37658.6,37640.6,37642.5,0
2019-08-19 10:55:00,37638.8,37646.4,37621.3,37636.1,0
2019-08-19 11:00:00,37634.2,37651.8,37614.9,37619.6,0
2019-08-19 11:05:00,37618.6,37626.4,37609.4,37620.3,0
2019-08-19 11:10:00,37620.0,37620.2,37595.2,37596.9,0
2019-08-19 11:15:00,37594.5,37627.5,37589.9,37626.6,0
2019-08-19 11:20:00,37628.1,37647.4,37625.3,37646.0,0
2019-08-19 11:25:00,37646.1,37653.5,37641.0,37649.1,0
2019-08-19 11:30:00,37648.0,37663.4,37642.0,37646.0,0
2019-08-19 11:35:00,37647.5,37661.8,37641.4,37657.7,0
2019-08-19 11:40:00,37657.9,37660.5,37623.6,37626.0,0
2019-08-19 11:45:00,37627.6,37639.9,37625.9,37635.3,0
2019-08-19 11:50:00,37636.3,37637.1,37604.1,37626.1,0
2019-08-19 11:55:00,37625.4,37636.5,37618.2,37629.2,0
2019-08-19 12:00:00,37628.1,37657.1,37627.7,37656.2,0
2019-08-19 12:05:00,37656.3,37671.3,37652.8,37662.8,0
2019-08-19 12:10:00,37660.3,37675.1,37653.1,37668.5,0
2019-08-19 12:15:00,37668.7,37679.8,37666.3,37673.1,0
2019-08-19 12:20:00,37673.9,37675.8,37655.8,37660.1,0
2019-08-19 12:25:00,37659.8,37674.4,37651.1,37670.4,0
2019-08-19 12:30:00,37670.3,37692.3,37666.3,37680.2,0
2019-08-19 12:35:00,37682.1,37695.2,37680.4,37680.7,0
2019-08-19 12:40:00,37680.8,37708.8,37680.0,37698.9,0
2019-08-19 12:45:00,37699.1,37716.4,37692.5,37713.4,0
2019-08-19 12:50:00,37716.4,37718.9,37679.0,37681.6,0
2019-08-19 12:55:00,37681.9,37700.7,37678.9,37694.4,0
2019-08-19 13:00:00,37694.3,37698.5,37686.8,37687.3,0
2019-08-19 13:05:00,37686.3,37703.3,37680.5,37696.7,0
2019-08-19 13:10:00,37695.9,37695.9,37666.9,37681.8,0
2019-08-19 13:15:00,37683.3,37697.7,37677.1,37695.2,0
2019-08-19 13:20:00,37695.5,37695.8,37673.3,37679.6,0
2019-08-19 13:25:00,37677.2,37677.5,37662.0,37663.2,0
2019-08-19 13:30:00,37663.2,37663.2,37609.8,37610.1,0
2019-08-19 13:35:00,37610.4,37610.4,37538.6,37598.7,0
2019-08-19 13:40:00,37598.1,37609.8,37574.9,37597.8,0
2019-08-19 13:45:00,37599.9,37609.0,37566.4,37566.5,0
2019-08-19 13:50:00,37567.4,37589.3,37566.8,37574.6,0
2019-08-19 13:55:00,37574.9,37585.6,37552.5,37562.8,0
2019-08-19 14:00:00,37563.0,37599.4,37557.9,37593.5,0
2019-08-19 14:05:00,37594.8,37615.2,37588.6,37603.3,0
2019-08-19 14:10:00,37606.0,37611.0,37592.0,37594.1,0
2019-08-19 14:15:00,37590.8,37593.0,37570.0,37574.0,0
2019-08-19 14:20:00,37575.1,37581.2,37519.6,37524.0,0
2019-08-19 14:25:00,37525.9,37528.0,37428.2,37431.4,0
2019-08-19 14:30:00,37416.5,37470.4,37393.8,37449.8,0
2019-08-19 14:35:00,37451.6,37479.5,37413.9,37424.5,0
2019-08-19 14:40:00,37427.4,37430.4,37358.5,37400.7,0
2019-08-19 14:45:00,37404.0,37443.8,37402.9,37430.6,0
2019-08-19 14:50:00,37430.2,37430.3,37364.0,37404.8,0
2019-08-19 14:55:00,37405.6,37436.7,37395.6,37428.9,0
2019-08-19 15:00:00,37429.5,37431.8,37370.6,37402.1,0
2019-08-19 15:05:00,37402.5,37440.3,37402.3,37423.7,0
2019-08-19 15:10:00,37423.3,37427.2,37385.0,37408.5,0
2019-08-19 15:15:00,37411.7,37414.5,37382.4,37403.5,0
2019-08-19 15:20:00,37403.3,37422.3,37387.3,37422.3,0
2019-08-19 15:25:00,37421.1,37423.9,37397.3,37402.4,0
2019-08-20 09:15:00,37441.8,37497.2,37357.8,37494.0,0
2019-08-20 09:20:00,37488.7,37496.5,37428.1,37444.3,0
2019-08-20 09:25:00,37448.3,37504.4,37427.9,37501.1,0
2019-08-20 09:30:00,37504.6,37511.2,37482.6,37499.1,0
2019-08-20 09:35:00,37499.9,37510.7,37489.5,37489.5,0
2019-08-20 09:40:00,37489.5,37493.9,37444.6,37464.4,0
2019-08-20 09:45:00,37459.8,37459.9,37403.3,37409.6,0
2019-08-20 09:50:00,37410.4,37415.4,37355.3,37377.9,0
2019-08-20 09:55:00,37376.1,37376.1,37310.4,37337.0,0
2019-08-20 10:00:00,37336.8,37356.4,37328.5,37350.1,0
2019-08-20 10:05:00,37352.0,37356.0,37277.2,37280.3,0
2019-08-20 10:10:00,37279.2,37280.1,37241.8,37263.6,0
2019-08-20 10:15:00,37261.7,37320.8,37258.2,37315.2,0
2019-08-20 10:20:00,37312.2,37318.1,37284.3,37293.6,0
2019-08-20 10:25:00,37294.1,37343.3,37291.4,37337.9,0
2019-08-20 10:30:00,37332.0,37341.9,37323.9,37340.9,0
2019-08-20 10:35:00,37339.7,37340.4,37302.5,37311.7,0
2019-08-20 10:40:00,37311.4,37343.1,37304.5,37330.3,0
2019-08-20 10:45:00,37330.3,37330.3,37298.6,37302.1,0
2019-08-20 10:50:00,37300.6,37314.1,37293.2,37309.1,0
2019-08-20 10:55:00,37309.7,37328.1,37309.1,37317.1,0
2019-08-20 11:00:00,37317.8,37370.4,37317.8,37370.4,0
2019-08-20 11:05:00,37370.5,37370.5,37331.5,37332.1,0
2019-08-20 11:10:00,37331.1,37335.7,37322.4,37322.4,0
2019-08-20 11:15:00,37321.5,37321.6,37288.7,37290.0,0
2019-08-20 11:20:00,37289.1,37302.1,37279.9,37282.2,0
2019-08-20 11:25:00,37280.4,37291.1,37278.2,37279.7,0
2019-08-20 11:30:00,37280.4,37301.1,37274.9,37300.1,0
2019-08-20 11:35:00,37299.4,37303.9,37293.5,37298.0,0
2019-08-20 11:40:00,37296.8,37322.6,37294.9,37311.0,0
2019-08-20 11:45:00,37311.2,37328.3,37309.6,37327.6,0
2019-08-20 11:50:00,37327.2,37330.2,37312.9,37317.5,0
2019-08-20 11:55:00,37314.5,37314.5,37298.2,37301.3,0
2019-08-20 12:00:00,37298.5,37315.2,37294.1,37303.2,0
2019-08-20 12:05:00,37303.6,37303.6,37251.9,37255.3,0
2019-08-20 12:10:00,37255.3,37294.9,37254.9,37291.2,0
2019-08-20 12:15:00,37291.6,37298.0,37258.3,37258.3,0
2019-08-20 12:20:00,37244.1,37259.7,37221.0,37259.2,0
2019-08-20 12:25:00,37258.4,37298.9,37256.6,37298.5,0
2019-08-20 12:30:00,37297.9,37304.0,37283.3,37295.6,0
2019-08-20 12:35:00,37295.5,37297.2,37280.4,37283.1,0
2019-08-20 12:40:00,37281.4,37291.6,37232.1,37234.0,0
2019-08-20 12:45:00,37234.6,37257.6,37224.6,37250.8,0
2019-08-20 12:50:00,37248.3,37263.1,37234.5,37258.6,0
2019-08-20 12:55:00,37257.0,37283.1,37255.8,37271.7,0
2019-08-20 13:00:00,37268.7,37268.7,37233.6,37237.5,0
2019-08-20 13:05:00,37234.4,37262.6,37228.1,37255.2,0
2019-08-20 13:10:00,37254.1,37261.5,37232.2,37255.1,0
2019-08-20 13:15:00,37257.7,37388.5,37256.9,37386.2,0
2019-08-20 13:20:00,37388.6,37389.1,37355.4,37364.7,0
2019-08-20 13:25:00,37364.1,37372.2,37341.8,37365.9,0
2019-08-20 13:30:00,37368.2,37426.0,37368.2,37392.5,0
2019-08-20 13:35:00,37390.5,37420.3,37390.1,37408.3,0
2019-08-20 13:40:00,37409.4,37412.8,37355.6,37375.1,0
2019-08-20 13:45:00,37380.0,37389.4,37360.8,37366.6,0
2019-08-20 13:50:00,37365.1,37370.0,37348.8,37368.1,0
2019-08-20 13:55:00,37366.6,37404.0,37363.8,37390.8,0
2019-08-20 14:00:00,37389.3,37461.0,37389.1,37430.8,0
2019-08-20 14:05:00,37429.5,37452.3,37427.6,37444.5,0
2019-08-20 14:10:00,37443.3,37448.6,37413.0,37425.5,0
2019-08-20 14:15:00,37424.7,37426.3,37378.0,37398.5,0
2019-08-20 14:20:00,37395.9,37425.6,37390.7,37399.0,0
2019-08-20 14:25:00,37398.0,37437.3,37395.0,37426.4,0
2019-08-20 14:30:00,37426.5,37426.7,37389.3,37400.2,0
2019-08-20 14:35:00,37397.4,37400.4,37363.9,37377.6,0
2019-08-20 14:40:00,37376.0,37393.4,37267.5,37286.4,0
2019-08-20 14:45:00,37287.5,37294.0,37219.9,37277.0,0
2019-08-20 14:50:00,37271.1,37302.1,37257.9,37287.6,0
2019-08-20 14:55:00,37289.5,37319.1,37287.5,37289.7,0
2019-08-20 15:00:00,37290.2,37314.5,37272.6,37303.4,0
2019-08-20 15:05:00,37303.1,37324.6,37298.1,37319.2,0
2019-08-20 15:10:00,37319.5,37329.4,37310.3,37314.3,0
2019-08-20 15:15:00,37321.3,37326.8,37300.1,37326.8,0
2019-08-20 15:20:00,37325.8,37349.4,37317.9,37346.1,0
2019-08-20 15:25:00,37347.6,37511.6,37219.9,37346.8,0
2019-08-21 09:15:00,37298.7,37346.1,37274.1,37286.4,0
2019-08-21 09:20:00,37282.7,37312.9,37266.0,37311.0,0
2019-08-21 09:25:00,37311.7,37322.8,37279.7,37307.2,0
2019-08-21 09:30:00,37308.7,37308.7,37245.0,37245.4,0
2019-08-21 09:35:00,37241.3,37265.8,37237.5,37244.9,0
2019-08-21 09:40:00,37242.5,37308.9,37241.2,37287.2,0
2019-08-21 09:45:00,37286.2,37351.6,37282.2,37334.0,0
2019-08-21 09:50:00,37333.7,37346.5,37304.2,37317.3,0
2019-08-21 09:55:00,37320.0,37363.3,37316.2,37349.8,0
2019-08-21 10:00:00,37351.3,37406.6,37351.3,37386.3,0
2019-08-21 10:05:00,37386.9,37398.7,37374.1,37380.7,0
2019-08-21 10:10:00,37379.8,37403.8,37349.9,37363.7,0
2019-08-21 10:15:00,37362.0,37363.1,37334.4,37341.4,0
2019-08-21 10:20:00,37336.9,37337.5,37309.6,37320.9,0
2019-08-21 10:25:00,37321.1,37356.4,37314.0,37353.4,0
2019-08-21 10:30:00,37353.9,37355.0,37337.6,37342.5,0
2019-08-21 10:35:00,37339.8,37353.0,37330.0,37332.8,0
2019-08-21 10:40:00,37331.1,37357.9,37329.9,37345.8,0
2019-08-21 10:45:00,37347.4,37376.1,37338.9,37351.4,0
2019-08-21 10:50:00,37351.4,37374.9,37343.0,37350.6,0
2019-08-21 10:55:00,37350.0,37350.0,37324.4,37332.4,0
2019-08-21 11:00:00,37333.1,37343.2,37325.2,37327.2,0
2019-08-21 11:05:00,37325.0,37325.0,37277.7,37277.7,0
2019-08-21 11:10:00,37279.8,37297.7,37264.7,37270.5,0
2019-08-21 11:15:00,37270.7,37288.0,37256.0,37285.3,0
2019-08-21 11:20:00,37284.8,37298.5,37279.0,37292.9,0
2019-08-21 11:25:00,37292.8,37314.1,37290.8,37309.3,0
2019-08-21 11:30:00,37309.3,37309.3,37290.5,37306.6,0
2019-08-21 11:35:00,37306.1,37322.3,37291.2,37291.2,0
2019-08-21 11:40:00,37289.1,37306.3,37273.7,37282.3,0
2019-08-21 11:45:00,37282.5,37288.6,37270.5,37275.6,0
2019-08-21 11:50:00,37274.8,37274.8,37200.7,37211.1,0
2019-08-21 11:55:00,37210.3,37231.3,37197.6,37227.8,0
2019-08-21 12:00:00,37228.9,37228.9,37161.6,37165.3,0
2019-08-21 12:05:00,37164.8,37188.8,37125.0,37132.8,0
2019-08-21 12:10:00,37132.9,37193.2,37132.4,37191.4,0
2019-08-21 12:15:00,37191.1,37193.5,37154.0,37179.3,0
2019-08-21 12:20:00,37177.3,37198.3,37169.7,37191.6,0
2019-08-21 12:25:00,37191.5,37233.8,37187.7,37230.4,0
2019-08-21 12:30:00,37230.0,37255.2,37222.3,37236.6,0
2019-08-21 12:35:00,37236.6,37248.1,37228.9,37242.1,0
2019-08-21 12:40:00,37242.9,37243.1,37214.0,37221.1,0
2019-08-21 12:45:00,37222.1,37239.7,37216.6,37218.4,0
2019-08-21 12:50:00,37218.6,37230.3,37204.7,37226.0,0
2019-08-21 12:55:00,37230.9,37244.2,37214.4,37244.2,0
2019-08-21 13:00:00,37244.7,37248.1,37225.2,37230.8,0
2019-08-21 13:05:00,37231.2,37231.4,37199.1,37199.3,0
2019-08-21 13:10:00,37200.5,37217.7,37197.9,37210.0,0
2019-08-21 13:15:00,37208.2,37243.6,37208.2,37225.7,0
2019-08-21 13:20:00,37225.2,37227.9,37153.8,37158.7,0
2019-08-21 13:25:00,37158.9,37158.9,37121.3,37150.7,0
2019-08-21 13:30:00,37151.0,37153.6,37126.8,37153.6,0
2019-08-21 13:35:00,37152.1,37179.8,37149.2,37174.2,0
2019-08-21 13:40:00,37174.6,37174.6,37127.5,37130.4,0
2019-08-21 13:45:00,37129.7,37141.3,37118.2,37134.9,0
2019-08-21 13:50:00,37135.3,37166.1,37131.3,37136.1,0
2019-08-21 13:55:00,37136.0,37147.5,37098.1,37113.0,0
2019-08-21 14:00:00,37114.3,37143.5,37105.9,37135.1,0
2019-08-21 14:05:00,37135.0,37138.0,37107.2,37114.9,0
2019-08-21 14:10:00,37116.1,37406.6,37089.3,37095.2,0
2019-08-21 14:15:00,37095.3,37113.0,37092.3,37109.8,0
2019-08-21 14:20:00,37109.9,37152.9,37109.4,37124.4,0
2019-08-21 14:25:00,37123.8,37149.4,37120.1,37130.8,0
2019-08-21 14:30:00,37128.1,37128.1,37031.1,37065.7,0
2019-08-21 14:35:00,37066.3,37066.8,37022.5,37043.3,0
2019-08-21 14:40:00,37043.1,37061.4,37030.9,37053.1,0
2019-08-21 14:45:00,37051.5,37069.4,37037.5,37045.4,0
2019-08-21 14:50:00,37047.9,37072.5,37037.7,37042.2,0
2019-08-21 14:55:00,37042.2,37063.1,37031.1,37031.3,0
2019-08-21 15:00:00,37030.0,37107.5,37029.5,37059.1,0
2019-08-21 15:05:00,37059.2,37082.1,37050.5,37050.5,0
2019-08-21 15:10:00,37050.5,37063.8,37031.0,37054.1,0
2019-08-21 15:15:00,37054.1,37406.6,37022.5,37058.4,0
2019-08-21 15:20:00,37058.6,37063.3,37038.3,37044.2,0
2019-08-21 15:25:00,37044.8,37085.2,37044.8,37068.5,0
2019-08-22 09:15:00,37087.6,37087.6,36936.6,36942.3,0
2019-08-22 09:20:00,36946.3,37087.6,36885.9,36941.9,0
2019-08-22 09:25:00,36938.4,37087.6,36885.9,36969.0,0
2019-08-22 09:30:00,36967.6,36968.2,36905.4,36950.9,0
2019-08-22 09:35:00,36950.1,36959.6,36942.5,36949.3,0
2019-08-22 09:40:00,36948.5,36959.4,36931.4,36951.2,0
2019-08-22 09:45:00,36952.8,36955.9,36930.4,36935.0,0
2019-08-22 09:50:00,36934.1,36935.1,36904.6,36906.8,0
2019-08-22 09:55:00,36910.0,36914.7,36892.0,36903.9,0
2019-08-22 10:00:00,36900.0,36915.0,36883.8,36910.5,0
2019-08-22 10:05:00,36908.2,36945.7,36897.6,36930.8,0
2019-08-22 10:10:00,36931.4,36943.4,36905.8,36921.3,0
2019-08-22 10:15:00,36918.9,36935.2,36902.6,36911.7,0
2019-08-22 10:20:00,36912.4,36922.1,36895.3,36896.3,0
2019-08-22 10:25:00,36896.2,37087.6,36881.7,36881.9,0
2019-08-22 10:30:00,36880.6,37087.6,36844.2,36846.8,0
2019-08-22 10:35:00,36844.7,36851.2,36808.9,36810.2,0
2019-08-22 10:40:00,36810.6,36821.1,36801.2,36821.1,0
2019-08-22 10:45:00,36821.4,37087.6,36801.2,36860.3,0
2019-08-22 10:50:00,36863.1,36873.7,36852.1,36871.0,0
2019-08-22 10:55:00,36871.5,36871.7,36843.0,36845.4,0
2019-08-22 11:00:00,36844.0,36847.1,36822.1,36828.5,0
2019-08-22 11:05:00,36830.7,36834.0,36799.8,36800.2,0
2019-08-22 11:10:00,36801.2,36804.2,36773.8,36802.7,0
2019-08-22 11:15:00,36803.1,36811.9,36760.6,36761.5,0
2019-08-22 11:20:00,36760.9,36760.9,36731.5,36757.1,0
2019-08-22 11:25:00,36758.5,36776.9,36755.3,36765.0,0
2019-08-22 11:30:00,36763.8,36782.5,36743.6,36781.4,0
2019-08-22 11:35:00,36785.0,36811.8,36781.0,36805.9,0
2019-08-22 11:40:00,36805.9,36841.1,36805.8,36834.1,0
2019-08-22 11:45:00,36835.6,36850.8,36817.0,36818.9,0
2019-08-22 11:50:00,36820.1,36831.7,36809.7,36827.5,0
2019-08-22 11:55:00,36825.5,36827.4,36782.2,36786.2,0
2019-08-22 12:00:00,36787.0,36792.3,36773.3,36788.7,0
2019-08-22 12:05:00,36788.7,36820.9,36788.7,36817.5,0
2019-08-22 12:10:00,36816.4,36841.9,36810.2,36830.5,0
2019-08-22 12:15:00,36829.5,36845.5,36820.9,36832.9,0
2019-08-22 12:20:00,36832.4,36834.6,36815.0,36824.1,0
2019-08-22 12:25:00,36824.6,36846.6,36823.9,36836.4,0
2019-08-22 12:30:00,36837.5,36839.8,36792.2,36792.2,0
2019-08-22 12:35:00,36789.5,36795.0,36769.4,36772.9,0
2019-08-22 12:40:00,36770.9,36797.9,36770.2,36773.8,0
2019-08-22 12:45:00,36771.1,36832.4,36771.1,36832.4,0
2019-08-22 12:50:00,36833.4,36890.2,36833.4,36870.0,0
2019-08-22 12:55:00,36867.6,36914.2,36867.6,36895.0,0
2019-08-22 13:00:00,36898.5,36925.8,36895.8,36912.0,0
2019-08-22 13:05:00,36912.2,36913.5,36884.6,36907.5,0
2019-08-22 13:10:00,36907.6,36908.7,36838.4,36843.4,0
2019-08-22 13:15:00,36843.4,36862.4,36841.5,36860.8,0
2019-08-22 13:20:00,36861.0,36869.9,36853.4,36865.9,0
2019-08-22 13:25:00,36866.6,36893.6,36864.4,36893.2,0
2019-08-22 13:30:00,36893.3,36895.6,36865.5,36866.5,0
2019-08-22 13:35:00,36871.4,36872.9,36789.7,36792.1,0
2019-08-22 13:40:00,36793.3,36815.0,36783.9,36803.2,0
2019-08-22 13:45:00,36807.4,36818.9,36742.1,36793.4,0
2019-08-22 13:50:00,36794.4,36795.7,36765.6,36792.8,0
2019-08-22 13:55:00,36792.4,36793.2,36731.0,36733.4,0
2019-08-22 14:00:00,36732.1,36757.3,36628.7,36666.7,0
2019-08-22 14:05:00,36665.2,36665.2,36602.4,36631.3,0
2019-08-22 14:10:00,36634.3,36679.6,36634.3,36668.2,0
2019-08-22 14:15:00,36674.3,36738.9,36665.5,36727.3,0
2019-08-22 14:20:00,36733.6,36741.3,36684.1,36697.4,0
2019-08-22 14:25:00,36698.8,36732.3,36661.6,36670.6,0
2019-08-22 14:30:00,36664.5,36670.7,36627.8,36627.8,0
2019-08-22 14:35:00,36625.3,36664.2,36622.8,36651.9,0
2019-08-22 14:40:00,36652.4,36652.8,36617.2,36638.7,0
2019-08-22 14:45:00,36639.0,36656.4,36615.9,36630.4,0
2019-08-22 14:50:00,36628.7,36649.9,36608.4,36634.9,0
2019-08-22 14:55:00,36631.3,36636.0,36579.2,36581.0,0
2019-08-22 15:00:00,36576.9,36576.9,36464.0,36517.6,0
2019-08-22 15:05:00,36521.1,36538.7,36480.4,36484.4,0
2019-08-22 15:10:00,36485.4,36513.8,36469.7,36500.7,0
2019-08-22 15:15:00,36499.4,36513.9,36438.0,36438.0,0
2019-08-22 15:20:00,36435.0,36436.4,36391.4,36417.2,0
2019-08-22 15:25:00,36418.4,36456.4,36403.9,36451.0,0
2019-08-23 09:15:00,36387.7,36387.7,36193.0,36216.7,0
2019-08-23 09:20:00,36217.8,36279.6,36186.5,36276.2,0
2019-08-23 09:25:00,36276.7,36278.4,36202.2,36205.5,0
2019-08-23 09:30:00,36200.3,36200.4,36154.2,36163.3,0
2019-08-23 09:35:00,36164.2,36190.3,36110.0,36113.6,0
2019-08-23 09:40:00,36115.8,36160.5,36102.4,36139.4,0
2019-08-23 09:45:00,36136.4,36175.6,36128.0,36173.4,0
2019-08-23 09:50:00,36179.8,36322.5,36179.8,36295.2,0
2019-08-23 09:55:00,36291.1,36321.6,36252.4,36295.9,0
2019-08-23 10:00:00,36295.4,36384.9,36294.0,36336.1,0
2019-08-23 10:05:00,36336.6,36391.2,36313.4,36391.2,0
2019-08-23 10:10:00,36392.6,36429.8,36372.4,36380.2,0
2019-08-23 10:15:00,36381.4,36417.2,36359.5,36362.7,0
2019-08-23 10:20:00,36361.4,36393.8,36359.0,36382.1,0
2019-08-23 10:25:00,36383.1,36505.1,36381.4,36484.9,0
2019-08-23 10:30:00,36478.6,36552.0,36469.6,36510.4,0
2019-08-23 10:35:00,36511.1,36608.5,36476.4,36598.6,0
2019-08-23 10:40:00,36600.5,36624.7,36544.3,36561.9,0
2019-08-23 10:45:00,36566.1,36587.8,36520.1,36545.5,0
2019-08-23 10:50:00,36539.2,36562.8,36522.8,36534.9,0
2019-08-23 10:55:00,36534.8,36538.0,36500.1,36513.1,0
2019-08-23 11:00:00,36512.0,36540.0,36469.0,36475.6,0
2019-08-23 11:05:00,36478.7,36497.9,36424.2,36426.0,0
2019-08-23 11:10:00,36426.5,36437.9,36392.8,36413.2,0
2019-08-23 11:15:00,36412.2,36446.1,36392.0,36392.0,0
2019-08-23 11:20:00,36393.1,36422.1,36389.7,36419.6,0
2019-08-23 11:25:00,36422.0,36453.7,36421.2,36443.4,0
2019-08-23 11:30:00,36451.4,36495.8,36451.4,36485.7,0
2019-08-23 11:35:00,36485.2,36486.9,36440.4,36440.4,0
2019-08-23 11:40:00,36439.5,36450.1,36424.0,36437.8,0
2019-08-23 11:45:00,36440.6,36452.9,36433.5,36433.5,0
2019-08-23 11:50:00,36430.9,36461.4,36428.7,36449.1,0
2019-08-23 11:55:00,36449.4,36451.4,36420.1,36425.1,0
2019-08-23 12:00:00,36425.5,36426.4,36373.8,36375.1,0
2019-08-23 12:05:00,36376.2,36410.7,36372.0,36410.6,0
2019-08-23 12:10:00,36414.7,36427.3,36398.8,36425.8,0
2019-08-23 12:15:00,36427.5,36480.8,36427.5,36461.1,0
2019-08-23 12:20:00,36462.4,36486.6,36458.8,36460.6,0
2019-08-23 12:25:00,36461.6,36464.2,36451.3,36461.6,0
2019-08-23 12:30:00,36461.6,36488.7,36449.5,36456.6,0
2019-08-23 12:35:00,36457.1,36501.0,36453.2,36495.7,0
2019-08-23 12:40:00,36493.8,36507.6,36443.5,36462.1,0
2019-08-23 12:45:00,36462.0,36507.1,36460.6,36507.1,0
2019-08-23 12:50:00,36509.1,36531.9,36505.9,36525.4,0
2019-08-23 12:55:00,36524.6,36531.4,36505.0,36510.4,0
2019-08-23 13:00:00,36510.7,36513.2,36478.0,36493.5,0
2019-08-23 13:05:00,36493.0,36555.1,36492.9,36537.8,0
2019-08-23 13:10:00,36538.4,36592.1,36520.8,36579.6,0
2019-08-23 13:15:00,36577.1,36610.3,36577.1,36591.0,0
2019-08-23 13:20:00,36591.6,36652.1,36586.0,36647.4,0
2019-08-23 13:25:00,36647.3,36660.1,36602.2,36626.5,0
2019-08-23 13:30:00,36626.4,36665.0,36593.4,36604.6,0
2019-08-23 13:35:00,36603.5,36688.8,36598.0,36687.7,0
2019-08-23 13:40:00,36693.3,36750.0,36685.8,36743.0,0
2019-08-23 13:45:00,36744.9,36804.4,36744.6,36803.9,0
2019-08-23 13:50:00,36805.2,36807.3,36747.1,36747.1,0
2019-08-23 13:55:00,36747.7,36747.7,36673.4,36719.5,0
2019-08-23 14:00:00,36718.2,36764.0,36718.2,36760.9,0
2019-08-23 14:05:00,36762.4,36783.0,36758.2,36773.2,0
2019-08-23 14:10:00,36772.9,36772.9,36723.9,36740.8,0
2019-08-23 14:15:00,36741.4,36763.2,36684.8,36684.8,0
2019-08-23 14:20:00,36685.3,36715.8,36670.8,36685.5,0
2019-08-23 14:25:00,36682.8,36752.2,36681.6,36739.4,0
2019-08-23 14:30:00,36739.7,36774.5,36729.6,36752.8,0
2019-08-23 14:35:00,36752.4,36759.6,36714.6,36732.8,0
2019-08-23 14:40:00,36733.7,36744.6,36713.5,36714.5,0
2019-08-23 14:45:00,36718.4,36755.2,36717.1,36737.2,0
2019-08-23 14:50:00,36737.3,36737.3,36598.7,36599.1,0
2019-08-23 14:55:00,36598.6,36807.3,36102.4,36629.1,0
2019-08-23 15:00:00,36628.8,36691.8,36628.8,36658.7,0
2019-08-23 15:05:00,36661.9,36706.1,36657.9,36703.4,0
2019-08-23 15:10:00,36706.9,36711.0,36683.6,36694.3,0
2019-08-23 15:15:00,36697.5,36706.8,36674.1,36688.2,0
2019-08-23 15:20:00,36689.2,36739.2,36682.9,36733.4,0
2019-08-23 15:25:00,36732.1,36751.5,36722.5,36747.6,0
2019-08-26 09:15:00,37363.9,37363.9,36968.5,36979.2,0
2019-08-26 09:20:00,36990.6,37013.5,36938.3,36990.1,0
2019-08-26 09:25:00,36957.8,36977.0,36885.6,36892.8,0
2019-08-26 09:30:00,36896.2,36903.3,36808.3,36824.7,0
2019-08-26 09:35:00,36833.4,36921.9,36814.4,36908.8,0
2019-08-26 09:40:00,36910.8,36910.8,36843.8,36857.6,0
2019-08-26 09:45:00,36854.4,36854.6,36619.3,36708.4,0
2019-08-26 09:50:00,36707.3,36780.8,36677.5,36715.3,0
2019-08-26 09:55:00,36704.2,36747.3,36689.9,36701.2,0
2019-08-26 10:00:00,36698.7,36700.2,36538.0,36563.7,0
2019-08-26 10:05:00,36567.0,36567.8,36492.6,36543.1,0
2019-08-26 10:10:00,36543.2,36634.7,36505.2,36598.7,0
2019-08-26 10:15:00,36598.8,36736.2,36589.7,36704.3,0
2019-08-26 10:20:00,36702.7,36762.1,36683.3,36697.7,0
2019-08-26 10:25:00,36695.6,36802.2,36690.0,36800.0,0
2019-08-26 10:30:00,36797.8,36801.5,36688.1,36704.3,0
2019-08-26 10:35:00,36703.5,37363.9,36492.6,36697.1,0
2019-08-26 10:40:00,36697.6,36730.6,36697.6,36720.5,0
2019-08-26 10:45:00,36726.9,36775.1,36726.9,36753.1,0
2019-08-26 10:50:00,36752.9,36815.4,36752.1,36796.8,0
2019-08-26 10:55:00,36795.5,37363.9,36492.6,36797.8,0
2019-08-26 11:00:00,36802.3,37363.9,36492.6,36847.3,0
2019-08-26 11:05:00,36842.4,37363.9,36492.6,36805.7,0
2019-08-26 11:10:00,36804.1,36810.6,36771.2,36799.7,0
2019-08-26 11:15:00,36799.5,36842.7,36797.7,36826.3,0
2019-08-26 11:20:00,36826.9,36842.2,36807.0,36807.0,0
2019-08-26 11:25:00,36803.3,36834.6,36785.7,36812.6,0
2019-08-26 11:30:00,36813.5,36865.9,36812.6,36865.8,0
2019-08-26 11:35:00,36867.6,36904.4,36849.7,36904.2,0
2019-08-26 11:40:00,36904.4,36954.0,36896.5,36950.3,0
2019-08-26 11:45:00,36951.3,36982.2,36940.3,36940.3,0
2019-08-26 11:50:00,36940.6,36984.3,36940.6,36979.8,0
2019-08-26 11:55:00,36978.3,37014.0,36935.5,37005.6,0
2019-08-26 12:00:00,37006.4,37046.3,37004.4,37031.6,0
2019-08-26 12:05:00,37027.2,37033.6,37005.6,37033.1,0
2019-08-26 12:10:00,37033.8,37110.7,37029.8,37085.8,0
2019-08-26 12:15:00,37080.9,37132.1,37069.9,37121.6,0
2019-08-26 12:20:00,37120.5,37121.9,37096.8,37113.2,0
2019-08-26 12:25:00,37111.3,37204.0,37110.5,37203.9,0
2019-08-26 12:30:00,37204.5,37267.5,37204.5,37214.3,0
2019-08-26 12:35:00,37210.0,37226.5,37163.7,37191.2,0
2019-08-26 12:40:00,37192.7,37229.2,37188.6,37229.2,0
2019-08-26 12:45:00,37229.5,37292.0,37229.5,37279.0,0
2019-08-26 12:50:00,37278.9,37304.6,37223.6,37241.5,0
2019-08-26 12:55:00,37241.3,37269.8,37227.7,37250.1,0
2019-08-26 13:00:00,37253.2,37263.8,37227.2,37227.9,0
2019-08-26 13:05:00,37227.7,37267.3,37227.1,37252.3,0
2019-08-26 13:10:00,37253.7,37274.6,37247.6,37271.8,0
2019-08-26 13:15:00,37272.4,37275.4,37247.6,37252.1,0
2019-08-26 13:20:00,37251.6,37301.2,37232.6,37301.2,0
2019-08-26 13:25:00,37301.1,37371.1,37300.9,37346.3,0
2019-08-26 13:30:00,37349.3,37353.1,37330.9,37333.0,0
2019-08-26 13:35:00,37333.2,37342.4,37310.0,37311.7,0
2019-08-26 13:40:00,37312.8,37341.0,37311.7,37339.6,0
2019-08-26 13:45:00,37335.5,37407.2,37328.6,37402.9,0
2019-08-26 13:50:00,37403.4,37422.2,37395.8,37407.1,0
2019-08-26 13:55:00,37409.2,37421.3,37388.1,37417.1,0
2019-08-26 14:00:00,37419.7,37451.5,37419.1,37446.3,0
2019-08-26 14:05:00,37446.0,37454.6,37421.8,37452.6,0
2019-08-26 14:10:00,37452.3,37452.7,37428.7,37443.0,0
2019-08-26 14:15:00,37447.9,37490.1,37446.1,37460.9,0
2019-08-26 14:20:00,37465.2,37500.9,37461.9,37498.5,0
2019-08-26 14:25:00,37498.5,37544.5,37466.3,37478.2,0
2019-08-26 14:30:00,37471.7,37497.0,37448.4,37459.1,0
2019-08-26 14:35:00,37459.3,37471.9,37415.1,37428.9,0
2019-08-26 14:40:00,37432.4,37446.7,37384.8,37408.1,0
2019-08-26 14:45:00,37406.3,37415.0,37363.6,37389.4,0
2019-08-26 14:50:00,37389.8,37440.4,37381.1,37431.5,0
2019-08-26 14:55:00,37428.4,37544.5,36492.6,37417.7,0
2019-08-26 15:00:00,37418.6,37492.0,37418.6,37484.9,0
2019-08-26 15:05:00,37488.1,37530.5,37481.2,37484.2,0
2019-08-26 15:10:00,37490.7,37513.1,37487.1,37491.6,0
2019-08-26 15:15:00,37487.2,37526.5,37482.6,37523.8,0
2019-08-26 15:20:00,37525.8,37532.5,37501.3,37505.3,0
2019-08-26 15:25:00,37501.1,37503.1,37469.1,37491.1,0
2019-08-27 09:15:00,37658.5,37686.2,37592.6,37668.1,0
2019-08-27 09:20:00,37664.0,37682.7,37647.2,37673.1,0
2019-08-27 09:25:00,37677.4,37693.8,37611.8,37611.9,0
2019-08-27 09:30:00,37615.7,37656.4,37613.1,37634.4,0
2019-08-27 09:35:00,37632.0,37632.0,37453.2,37512.8,0
2019-08-27 09:40:00,37502.5,37516.6,37449.7,37472.2,0
2019-08-27 09:45:00,37474.1,37576.4,37462.7,37574.7,0
2019-08-27 09:50:00,37575.9,37629.9,37566.2,37614.4,0
2019-08-27 09:55:00,37614.5,37616.6,37542.5,37547.1,0
2019-08-27 10:00:00,37549.4,37595.8,37549.4,37567.7,0
2019-08-27 10:05:00,37569.9,37617.3,37566.2,37607.8,0
2019-08-27 10:10:00,37606.3,37658.9,37604.3,37656.4,0
2019-08-27 10:15:00,37657.4,37673.1,37646.7,37652.6,0
2019-08-27 10:20:00,37650.6,37655.7,37635.5,37647.9,0
2019-08-27 10:25:00,37648.6,37690.8,37648.6,37664.8,0
2019-08-27 10:30:00,37663.6,37722.1,37661.0,37688.7,0
2019-08-27 10:35:00,37688.6,37704.0,37658.9,37668.2,0
2019-08-27 10:40:00,37667.0,37688.6,37665.4,37668.1,0
2019-08-27 10:45:00,37669.2,37673.2,37584.6,37632.0,0
2019-08-27 10:50:00,37629.0,37660.3,37616.9,37659.2,0
2019-08-27 10:55:00,37658.1,37660.7,37639.6,37648.8,0
2019-08-27 11:00:00,37647.8,37665.9,37647.6,37658.9,0
2019-08-27 11:05:00,37659.7,37659.7,37625.3,37637.6,0
2019-08-27 11:10:00,37639.8,37649.6,37630.3,37638.7,0
2019-08-27 11:15:00,37641.3,37670.7,37641.3,37660.5,0
2019-08-27 11:20:00,37664.0,37688.3,37664.0,37686.5,0
2019-08-27 11:25:00,37686.8,37696.2,37675.9,37681.0,0
2019-08-27 11:30:00,37679.8,37679.8,37637.6,37645.5,0
2019-08-27 11:35:00,37647.4,37660.8,37641.3,37649.4,0
2019-08-27 11:40:00,37646.5,37649.8,37604.9,37648.5,0
2019-08-27 11:45:00,37648.4,37664.4,37645.4,37651.2,0
2019-08-27 11:50:00,37652.7,37664.3,37651.5,37652.9,0
2019-08-27 11:55:00,37652.7,37652.8,37618.9,37634.5,0
2019-08-27 12:00:00,37633.9,37650.7,37629.5,37643.4,0
2019-08-27 12:05:00,37645.9,37678.2,37643.7,37676.8,0
2019-08-27 12:10:00,37678.1,37691.1,37666.0,37672.8,0
2019-08-27 12:15:00,37672.7,37698.5,37670.9,37691.7,0
2019-08-27 12:20:00,37691.6,37717.0,37691.6,37707.4,0
2019-08-27 12:25:00,37707.4,37731.5,37687.8,37722.1,0
2019-08-27 12:30:00,37724.8,37726.7,37653.8,37675.7,0
2019-08-27 12:35:00,37677.9,37689.3,37669.5,37672.2,0
2019-08-27 12:40:00,37673.5,37680.6,37634.2,37647.4,0
2019-08-27 12:45:00,37648.8,37681.7,37636.7,37636.9,0
2019-08-27 12:50:00,37637.6,37637.8,37605.2,37614.5,0
2019-08-27 12:55:00,37615.0,37651.5,37615.0,37637.3,0
2019-08-27 13:00:00,37637.2,37642.2,37609.6,37630.6,0
2019-08-27 13:05:00,37630.1,37661.0,37614.2,37615.3,0
2019-08-27 13:10:00,37615.2,37633.4,37595.9,37630.1,0
2019-08-27 13:15:00,37630.1,37655.2,37619.1,37640.9,0
2019-08-27 13:20:00,37640.9,37647.1,37621.8,37646.6,0
2019-08-27 13:25:00,37648.5,37663.7,37635.8,37663.7,0
2019-08-27 13:30:00,37661.4,37661.4,37513.1,37545.9,0
2019-08-27 13:35:00,37544.6,37578.9,37529.4,37568.5,0
2019-08-27 13:40:00,37567.9,37568.1,37538.5,37559.6,0
2019-08-27 13:45:00,37559.6,37607.3,37555.5,37598.5,0
2019-08-27 13:50:00,37598.8,37627.3,37596.3,37608.7,0
2019-08-27 13:55:00,37607.4,37632.3,37597.4,37598.0,0
2019-08-27 14:00:00,37598.5,37598.5,37558.9,37570.5,0
2019-08-27 14:05:00,37570.3,37607.3,37567.4,37567.4,0
2019-08-27 14:10:00,37568.4,37581.8,37562.7,37576.0,0
2019-08-27 14:15:00,37576.0,37590.3,37571.1,37582.6,0
2019-08-27 14:20:00,37582.4,37583.4,37546.4,37557.9,0
2019-08-27 14:25:00,37559.0,37591.2,37543.4,37591.2,0
2019-08-27 14:30:00,37592.8,37716.4,37590.9,37703.5,0
2019-08-27 14:35:00,37700.4,37718.2,37656.7,37681.2,0
2019-08-27 14:40:00,37683.8,37689.2,37663.6,37668.7,0
2019-08-27 14:45:00,37668.1,37685.8,37656.8,37674.5,0
2019-08-27 14:50:00,37676.3,37677.0,37658.9,37669.5,0
2019-08-27 14:55:00,37665.9,37703.6,37660.4,37703.6,0
2019-08-27 15:00:00,37699.4,37706.6,37564.1,37595.1,0
2019-08-27 15:05:00,37594.5,37613.1,37587.0,37604.1,0
2019-08-27 15:10:00,37604.4,37638.1,37604.3,37632.7,0
2019-08-27 15:15:00,37631.8,37650.7,37626.3,37647.1,0
2019-08-27 15:20:00,37646.2,37693.4,37643.2,37687.7,0
2019-08-27 15:25:00,37686.6,37688.8,37642.1,37680.9,0
2019-08-28 09:15:00,37655.8,37655.8,37527.1,37647.1,0
2019-08-28 09:20:00,37651.2,37685.3,37627.8,37682.8,0
2019-08-28 09:25:00,37687.0,37687.8,37622.9,37643.9,0
2019-08-28 09:30:00,37640.2,37668.7,37632.6,37636.3,0
2019-08-28 09:35:00,37640.7,37651.1,37592.3,37612.9,0
2019-08-28 09:40:00,37610.7,37610.8,37577.4,37586.4,0
2019-08-28 09:45:00,37588.8,37622.3,37559.9,37566.9,0
2019-08-28 09:50:00,37579.2,37594.7,37573.8,37577.8,0
2019-08-28 09:55:00,37578.2,37579.7,37501.4,37516.6,0
2019-08-28 10:00:00,37518.0,37537.8,37486.6,37498.1,0
2019-08-28 10:05:00,37497.4,37516.0,37456.6,37471.8,0
2019-08-28 10:10:00,37469.9,37523.6,37466.7,37517.7,0
2019-08-28 10:15:00,37517.1,37547.4,37500.9,37500.9,0
2019-08-28 10:20:00,37501.2,37516.3,37494.5,37515.8,0
2019-08-28 10:25:00,37515.1,37540.3,37514.4,37531.3,0
2019-08-28 10:30:00,37529.3,37530.9,37506.0,37527.1,0
2019-08-28 10:35:00,37528.6,37532.1,37502.8,37508.3,0
2019-08-28 10:40:00,37507.2,37507.9,37466.2,37485.5,0
2019-08-28 10:45:00,37490.3,37510.8,37487.9,37510.6,0
2019-08-28 10:50:00,37507.2,37518.4,37483.7,37513.4,0
2019-08-28 10:55:00,37513.4,37526.8,37510.8,37513.9,0
2019-08-28 11:00:00,37514.7,37557.5,37508.7,37550.8,0
2019-08-28 11:05:00,37551.5,37559.3,37540.6,37549.3,0
2019-08-28 11:10:00,37549.1,37584.2,37547.5,37584.2,0
2019-08-28 11:15:00,37585.0,37595.4,37555.0,37562.2,0
2019-08-28 11:20:00,37562.1,37571.4,37551.9,37551.9,0
2019-08-28 11:25:00,37549.9,37556.2,37533.6,37542.1,0
2019-08-28 11:30:00,37542.3,37545.3,37492.7,37493.3,0
2019-08-28 11:35:00,37490.8,37513.1,37489.6,37491.4,0
2019-08-28 11:40:00,37492.0,37508.0,37489.5,37494.0,0
2019-08-28 11:45:00,37495.1,37506.7,37467.8,37504.0,0
2019-08-28 11:50:00,37503.3,37508.0,37476.3,37479.2,0
2019-08-28 11:55:00,37481.9,37494.3,37461.5,37464.7,0
2019-08-28 12:00:00,37463.5,37464.8,37428.4,37464.8,0
2019-08-28 12:05:00,37465.2,37497.4,37465.2,37492.4,0
2019-08-28 12:10:00,37493.0,37499.4,37468.5,37470.6,0
2019-08-28 12:15:00,37471.0,37478.8,37458.2,37478.8,0
2019-08-28 12:20:00,37478.1,37509.1,37476.9,37503.8,0
2019-08-28 12:25:00,37504.0,37511.0,37482.0,37482.3,0
2019-08-28 12:30:00,37480.6,37480.6,37446.2,37457.9,0
2019-08-28 12:35:00,37457.9,37467.4,37413.1,37413.1,0
2019-08-28 12:40:00,37411.7,37438.9,37397.4,37437.5,0
2019-08-28 12:45:00,37437.4,37440.4,37418.5,37425.3,0
2019-08-28 12:50:00,37425.9,37439.5,37418.5,37435.3,0
2019-08-28 12:55:00,37435.3,37440.3,37416.6,37425.9,0
2019-08-28 13:00:00,37425.0,37443.1,37407.9,37414.9,0
2019-08-28 13:05:00,37414.9,37425.4,37401.1,37421.4,0
2019-08-28 13:10:00,37424.8,37429.1,37414.1,37414.1,0
2019-08-28 13:15:00,37413.5,37414.2,37347.9,37354.1,0
2019-08-28 13:20:00,37354.9,37373.9,37331.4,37335.9,0
2019-08-28 13:25:00,37335.6,37360.8,37313.4,37360.2,0
2019-08-28 13:30:00,37360.8,37362.8,37342.6,37353.6,0
2019-08-28 13:35:00,37353.5,37422.2,37348.9,37412.1,0
2019-08-28 13:40:00,37412.0,37432.8,37401.7,37421.2,0
2019-08-28 13:45:00,37422.8,37427.5,37371.4,37372.3,0
2019-08-28 13:50:00,37373.0,37396.3,37359.9,37371.1,0
2019-08-28 13:55:00,37370.7,37687.8,37313.4,37387.1,0
2019-08-28 14:00:00,37387.0,37687.8,37313.4,37352.9,0
2019-08-28 14:05:00,37353.4,37366.5,37327.0,37327.0,0
2019-08-28 14:10:00,37327.1,37334.9,37268.3,37271.3,0
2019-08-28 14:15:00,37269.7,37304.0,37249.2,37300.7,0
2019-08-28 14:20:00,37306.1,37351.3,37306.1,37335.6,0
2019-08-28 14:25:00,37335.6,37338.3,37286.6,37300.3,0
2019-08-28 14:30:00,37301.7,37312.5,37276.2,37292.9,0
2019-08-28 14:35:00,37292.3,37317.9,37289.8,37303.2,0
2019-08-28 14:40:00,37302.9,37324.6,37287.1,37287.9,0
2019-08-28 14:45:00,37285.9,37317.6,37275.1,37314.8,0
2019-08-28 14:50:00,37314.4,37321.1,37305.6,37316.5,0
2019-08-28 14:55:00,37315.8,37403.2,37313.2,37381.2,0
2019-08-28 15:00:00,37380.4,37488.2,37377.9,37487.8,0
2019-08-28 15:05:00,37485.9,37512.7,37443.1,37465.3,0
2019-08-28 15:10:00,37465.1,37687.8,37249.2,37437.4,0
2019-08-28 15:15:00,37438.4,37459.4,37424.4,37457.2,0
2019-08-28 15:20:00,37457.4,37459.5,37439.9,37441.4,0
2019-08-28 15:25:00,37444.2,37471.1,37438.1,37452.3,0
2019-08-29 09:15:00,37381.8,37381.8,37247.5,37290.6,0
2019-08-29 09:20:00,37288.4,37325.6,37234.2,37234.2,0
2019-08-29 09:25:00,37230.2,37232.2,37191.8,37231.2,0
2019-08-29 09:30:00,37229.5,37267.3,37223.6,37260.1,0
2019-08-29 09:35:00,37260.7,37282.7,37242.9,37253.4,0
2019-08-29 09:40:00,37255.5,37268.5,37222.3,37251.7,0
2019-08-29 09:45:00,37255.0,37308.2,37254.4,37298.9,0
2019-08-29 09:50:00,37299.3,37318.1,37285.1,37307.9,0
2019-08-29 09:55:00,37309.8,37353.3,37309.8,37321.5,0
2019-08-29 10:00:00,37322.2,37329.2,37294.3,37309.3,0
2019-08-29 10:05:00,37308.4,37308.4,37233.0,37251.8,0
2019-08-29 10:10:00,37251.8,37269.8,37246.6,37269.6,0
2019-08-29 10:15:00,37270.1,37270.9,37219.3,37223.9,0
2019-08-29 10:20:00,37214.7,37227.7,37211.5,37227.7,0
2019-08-29 10:25:00,37227.4,37249.8,37225.8,37243.1,0
2019-08-29 10:30:00,37243.9,37256.3,37200.9,37203.5,0
2019-08-29 10:35:00,37203.4,37212.0,37144.6,37148.6,0
2019-08-29 10:40:00,37149.8,37164.5,37130.7,37161.2,0
2019-08-29 10:45:00,37166.2,37196.9,37165.0,37188.6,0
2019-08-29 10:50:00,37188.1,37198.0,37182.0,37192.3,0
2019-08-29 10:55:00,37192.7,37196.5,37175.5,37175.5,0
2019-08-29 11:00:00,37173.0,37190.8,37159.9,37160.9,0
2019-08-29 11:05:00,37162.6,37178.2,37162.1,37170.7,0
2019-08-29 11:10:00,37170.4,37198.1,37169.2,37194.9,0
2019-08-29 11:15:00,37194.6,37216.2,37187.5,37214.8,0
2019-08-29 11:20:00,37215.1,37215.5,37184.0,37190.0,0
2019-08-29 11:25:00,37189.9,37194.7,37178.7,37181.8,0
2019-08-29 11:30:00,37181.9,37192.4,37169.0,37192.3,0
2019-08-29 11:35:00,37192.2,37192.6,37153.5,37183.2,0
2019-08-29 11:40:00,37183.8,37195.9,37179.8,37193.6,0
2019-08-29 11:45:00,37190.2,37191.7,37164.0,37164.0,0
2019-08-29 11:50:00,37164.5,37178.7,37150.6,37178.7,0
2019-08-29 11:55:00,37177.7,37177.7,37112.1,37135.1,0
2019-08-29 12:00:00,37132.6,37148.2,37123.0,37125.1,0
2019-08-29 12:05:00,37124.1,37126.2,37110.7,37113.9,0
2019-08-29 12:10:00,37114.0,37115.9,37094.5,37106.0,0
2019-08-29 12:15:00,37105.7,37105.7,37064.7,37074.4,0
2019-08-29 12:20:00,37074.8,37091.3,37052.1,37087.2,0
2019-08-29 12:25:00,37087.4,37099.1,37064.2,37065.3,0
2019-08-29 12:30:00,37063.1,37070.9,37025.7,37030.4,0
2019-08-29 12:35:00,37029.8,37097.0,37029.8,37093.0,0
2019-08-29 12:40:00,37089.0,37149.5,37083.7,37147.0,0
2019-08-29 12:45:00,37146.4,37168.2,37128.9,37130.1,0
2019-08-29 12:50:00,37131.4,37143.6,37105.5,37143.6,0
2019-08-29 12:55:00,37143.6,37145.3,37131.0,37133.0,0
2019-08-29 13:00:00,37128.6,37196.4,37126.4,37185.8,0
2019-08-29 13:05:00,37185.3,37188.4,37160.6,37181.7,0
2019-08-29 13:10:00,37176.5,37212.3,37176.5,37185.5,0
2019-08-29 13:15:00,37184.0,37201.3,37170.1,37196.8,0
2019-08-29 13:20:00,37197.1,37197.1,37164.2,37176.8,0
2019-08-29 13:25:00,37176.5,37194.7,37165.1,37165.1,0
2019-08-29 13:30:00,37166.0,37170.8,37116.6,37131.4,0
2019-08-29 13:35:00,37130.9,37153.2,37113.1,37114.6,0
2019-08-29 13:40:00,37112.0,37143.1,37103.4,37132.1,0
2019-08-29 13:45:00,37132.9,37185.9,37126.6,37172.0,0
2019-08-29 13:50:00,37171.8,37182.8,37154.7,37178.0,0
2019-08-29 13:55:00,37177.2,37279.1,37177.0,37270.5,0
2019-08-29 14:00:00,37273.5,37293.9,37226.4,37257.3,0
2019-08-29 14:05:00,37255.8,37327.2,37251.6,37327.2,0
2019-08-29 14:10:00,37328.3,37330.5,37299.1,37300.6,0
2019-08-29 14:15:00,37297.6,37307.4,37268.3,37268.3,0
2019-08-29 14:20:00,37273.1,37299.4,37259.9,37291.8,0
2019-08-29 14:25:00,37292.1,37298.4,37194.6,37194.6,0
2019-08-29 14:30:00,37191.4,37237.2,37148.3,37237.2,0
2019-08-29 14:35:00,37238.4,37253.8,37218.1,37253.8,0
2019-08-29 14:40:00,37254.1,37263.1,37212.9,37212.9,0
2019-08-29 14:45:00,37206.4,37228.7,37196.7,37202.3,0
2019-08-29 14:50:00,37199.0,37222.1,37199.0,37217.9,0
2019-08-29 14:55:00,37216.8,37237.0,37198.5,37230.3,0
2019-08-29 15:00:00,37231.2,37237.9,37052.7,37079.0,0
2019-08-29 15:05:00,37078.1,37078.1,37028.3,37033.0,0
2019-08-29 15:10:00,37035.8,37038.4,36987.4,37023.5,0
2019-08-29 15:15:00,37022.0,37095.2,37013.0,37095.2,0
2019-08-29 15:20:00,37096.6,37122.2,37092.0,37092.9,0
2019-08-29 15:25:00,37090.6,37114.9,37058.8,37107.2,0
2019-08-30 09:15:00,37222.3,37247.6,37123.4,37132.3,0
2019-08-30 09:20:00,37128.2,37218.0,37096.0,37190.1,0
2019-08-30 09:25:00,37200.6,37245.8,37200.6,37216.4,0
2019-08-30 09:30:00,37218.6,37240.5,37210.2,37220.4,0
2019-08-30 09:35:00,37221.6,37276.4,37218.7,37275.6,0
2019-08-30 09:40:00,37273.5,37302.6,37270.9,37299.6,0
2019-08-30 09:45:00,37300.2,37319.0,37277.3,37285.4,0
2019-08-30 09:50:00,37287.3,37302.1,37252.8,37261.9,0
2019-08-30 09:55:00,37267.5,37268.6,37245.5,37259.8,0
2019-08-30 10:00:00,37260.0,37268.8,37243.5,37248.2,0
2019-08-30 10:05:00,37248.3,37251.4,37183.8,37199.8,0
2019-08-30 10:10:00,37199.8,37199.8,37128.6,37151.6,0
2019-08-30 10:15:00,37150.1,37157.7,37072.0,37084.7,0
2019-08-30 10:20:00,37079.5,37120.9,37037.8,37097.8,0
2019-08-30 10:25:00,37097.7,37127.6,37088.6,37094.6,0
2019-08-30 10:30:00,37092.6,37092.6,37012.0,37040.1,0
2019-08-30 10:35:00,37037.7,37075.9,37022.4,37055.2,0
2019-08-30 10:40:00,37053.5,37053.5,37008.5,37040.4,0
2019-08-30 10:45:00,37040.2,37074.8,37023.5,37074.8,0
2019-08-30 10:50:00,37073.9,37075.0,37047.4,37056.4,0
2019-08-30 10:55:00,37055.8,37061.8,37014.4,37018.4,0
2019-08-30 11:00:00,37019.5,37027.1,36966.6,36997.7,0
2019-08-30 11:05:00,36996.3,37009.2,36966.1,36967.1,0
2019-08-30 11:10:00,36964.4,36964.4,36921.4,36959.2,0
2019-08-30 11:15:00,36957.6,36976.7,36885.0,36889.7,0
2019-08-30 11:20:00,36891.9,36922.2,36868.5,36876.1,0
2019-08-30 11:25:00,36875.9,36922.4,36872.6,36921.5,0
2019-08-30 11:30:00,36921.7,36923.4,36842.6,36848.4,0
2019-08-30 11:35:00,36847.8,36890.0,36844.2,36874.5,0
2019-08-30 11:40:00,36875.3,36897.4,36866.1,36893.1,0
2019-08-30 11:45:00,36896.8,36896.9,36829.8,36839.2,0
2019-08-30 11:50:00,36839.1,36870.7,36837.9,36855.3,0
2019-08-30 11:55:00,36854.6,36877.2,36844.1,36855.1,0
2019-08-30 12:00:00,36855.0,36901.6,36844.5,36900.7,0
2019-08-30 12:05:00,36898.9,36906.6,36876.2,36900.6,0
2019-08-30 12:10:00,36898.4,36946.8,36897.9,36919.2,0
2019-08-30 12:15:00,36919.1,36922.1,36900.0,36915.4,0
2019-08-30 12:20:00,36918.2,36956.5,36899.3,36955.2,0
2019-08-30 12:25:00,36956.7,36974.5,36940.6,36963.8,0
2019-08-30 12:30:00,36964.0,36986.2,36920.8,36921.8,0
2019-08-30 12:35:00,36925.5,36973.0,36921.5,36970.7,0
2019-08-30 12:40:00,36969.4,37000.6,36965.9,36979.1,0
2019-08-30 12:45:00,36979.0,36979.0,36940.6,36970.8,0
2019-08-30 12:50:00,36968.3,36969.6,36948.9,36954.0,0
2019-08-30 12:55:00,36954.3,37006.9,36946.8,37006.9,0
2019-08-30 13:00:00,37009.1,37012.0,36988.6,36991.0,0
2019-08-30 13:05:00,36990.7,37030.3,36984.4,37026.7,0
2019-08-30 13:10:00,37026.4,37052.7,37013.3,37033.7,0
2019-08-30 13:15:00,37033.4,37047.1,37000.0,37000.4,0
2019-08-30 13:20:00,37001.7,37010.5,36947.2,36966.0,0
2019-08-30 13:25:00,36966.0,36989.6,36937.5,36987.7,0
2019-08-30 13:30:00,36986.9,36986.9,36966.8,36975.7,0
2019-08-30 13:35:00,36975.1,37040.9,36974.5,37040.3,0
2019-08-30 13:40:00,37038.7,37080.4,37036.1,37080.4,0
2019-08-30 13:45:00,37082.6,37139.4,37079.7,37128.9,0
2019-08-30 13:50:00,37136.2,37198.8,37136.2,37178.2,0
2019-08-30 13:55:00,37176.5,37179.4,37120.1,37127.4,0
2019-08-30 14:00:00,37120.3,37198.5,37114.4,37196.3,0
2019-08-30 14:05:00,37199.3,37221.5,37178.1,37191.9,0
2019-08-30 14:10:00,37191.9,37219.1,37186.0,37191.4,0
2019-08-30 14:15:00,37190.9,37194.1,37139.3,37191.6,0
2019-08-30 14:20:00,37193.9,37196.1,37154.7,37164.4,0
2019-08-30 14:25:00,37167.2,37250.3,37164.7,37243.7,0
2019-08-30 14:30:00,37243.0,37243.0,37153.3,37159.9,0
2019-08-30 14:35:00,37159.8,37164.0,37077.5,37080.4,0
2019-08-30 14:40:00,37085.5,37158.9,37085.5,37117.0,0
2019-08-30 14:45:00,37117.5,37165.3,37116.5,37164.4,0
2019-08-30 14:50:00,37163.4,37187.5,37163.2,37172.6,0
2019-08-30 14:55:00,37172.5,37202.4,37172.5,37186.1,0
2019-08-30 15:00:00,37185.5,37293.2,37185.5,37292.5,0
2019-08-30 15:05:00,37295.9,37322.6,37285.0,37321.0,0
2019-08-30 15:10:00,37323.6,37336.1,37307.4,37316.2,0
2019-08-30 15:15:00,37316.1,37374.1,37312.9,37374.1,0
2019-08-30 15:20:00,37375.3,37394.6,37361.9,37393.8,0
2019-08-30 15:25:00,37392.9,37398.0,37358.6,37373.7,0
2019-09-03 09:15:00,37181.8,37188.4,36995.9,37044.9,0
2019-09-03 09:20:00,37034.1,37034.1,36962.8,37020.3,0
2019-09-03 09:25:00,37016.0,37035.4,37001.6,37006.3,0
2019-09-03 09:30:00,37007.7,37188.4,36892.7,36901.4,0
2019-09-03 09:35:00,36903.2,36965.2,36899.4,36933.2,0
2019-09-03 09:40:00,36933.4,36943.6,36911.3,36930.6,0
2019-09-03 09:45:00,36929.6,36963.5,36888.4,36952.3,0
2019-09-03 09:50:00,36952.9,36981.2,36950.3,36966.5,0
2019-09-03 09:55:00,36966.6,36987.5,36958.5,36978.0,0
2019-09-03 10:00:00,36978.5,37050.3,36970.1,37042.7,0
2019-09-03 10:05:00,37044.1,37044.1,36995.7,37001.0,0
2019-09-03 10:10:00,37001.2,37003.2,36954.0,36960.9,0
2019-09-03 10:15:00,36962.9,36962.9,36908.9,36916.1,0
2019-09-03 10:20:00,36917.8,36931.5,36897.4,36907.8,0
2019-09-03 10:25:00,36908.9,36936.1,36891.6,36918.3,0
2019-09-03 10:30:00,36914.9,36914.9,36866.0,36867.2,0
2019-09-03 10:35:00,36866.7,36876.3,36850.1,36852.7,0
2019-09-03 10:40:00,36852.9,36908.3,36849.6,36905.0,0
2019-09-03 10:45:00,36907.0,36933.8,36901.5,36906.1,0
2019-09-03 10:50:00,36906.4,36918.9,36906.4,36913.0,0
2019-09-03 10:55:00,36912.4,36939.4,36912.4,36925.2,0
2019-09-03 11:00:00,36922.6,36949.9,36914.3,36944.8,0
2019-09-03 11:05:00,36945.0,36964.0,36933.9,36951.7,0
2019-09-03 11:10:00,36946.6,36959.1,36923.0,36925.6,0
2019-09-03 11:15:00,36924.6,36927.5,36910.2,36919.4,0
2019-09-03 11:20:00,36919.2,36935.4,36915.1,36915.4,0
2019-09-03 11:25:00,36916.3,36955.5,36912.2,36950.0,0
2019-09-03 11:30:00,36949.9,36951.6,36924.6,36925.1,0
2019-09-03 11:35:00,36924.8,36956.4,36924.8,36951.6,0
2019-09-03 11:40:00,36952.6,36955.8,36931.7,36935.8,0
2019-09-03 11:45:00,36935.8,36935.8,36904.6,36907.4,0
2019-09-03 11:50:00,36907.3,36923.5,36895.5,36897.2,0
2019-09-03 11:55:00,36897.6,36917.8,36895.1,36907.5,0
2019-09-03 12:00:00,36907.3,36911.4,36893.5,36906.9,0
2019-09-03 12:05:00,36907.8,36912.4,36888.9,36893.9,0
2019-09-03 12:10:00,36894.4,36894.9,36876.2,36888.9,0
2019-09-03 12:15:00,36888.9,36907.8,36861.7,36871.5,0
2019-09-03 12:20:00,36871.6,36887.1,36854.3,36854.3,0
2019-09-03 12:25:00,36854.3,36868.9,36851.4,36868.1,0
2019-09-03 12:30:00,36867.8,36868.4,36823.1,36848.9,0
2019-09-03 12:35:00,36848.4,36856.8,36824.3,36831.3,0
2019-09-03 12:40:00,36831.1,36863.0,36816.9,36862.9,0
2019-09-03 12:45:00,36861.7,36861.7,36846.1,36846.1,0
2019-09-03 12:50:00,36844.5,36849.7,36820.0,36849.7,0
2019-09-03 12:55:00,36853.0,36893.8,36853.0,36857.7,0
2019-09-03 13:00:00,36857.6,36857.7,36835.6,36851.1,0
2019-09-03 13:05:00,36851.6,36860.9,36840.7,36841.1,0
2019-09-03 13:10:00,36841.6,36878.7,36840.0,36867.2,0
2019-09-03 13:15:00,36865.4,36891.1,36857.6,36872.8,0
2019-09-03 13:20:00,36873.3,36882.2,36837.9,36840.8,0
2019-09-03 13:25:00,36841.0,36841.0,36813.2,36823.6,0
2019-09-03 13:30:00,36823.6,36834.3,36806.4,36806.5,0
2019-09-03 13:35:00,36804.1,36804.1,36746.4,36749.7,0
2019-09-03 13:40:00,36746.5,36773.9,36734.5,36770.6,0
2019-09-03 13:45:00,36769.3,36778.5,36750.3,36758.0,0
2019-09-03 13:50:00,36760.0,36792.0,36758.3,36781.4,0
2019-09-03 13:55:00,36780.7,36784.6,36767.0,36771.1,0
2019-09-03 14:00:00,36770.0,36770.0,36727.3,36743.9,0
2019-09-03 14:05:00,36742.3,36743.4,36712.3,36716.3,0
2019-09-03 14:10:00,36715.5,36765.5,36710.5,36757.2,0
2019-09-03 14:15:00,36757.1,36757.7,36735.6,36750.6,0
2019-09-03 14:20:00,36749.3,36801.1,36749.3,36798.4,0
2019-09-03 14:25:00,36797.9,36824.0,36776.8,36817.8,0
2019-09-03 14:30:00,36816.4,36848.3,36804.6,36844.2,0
2019-09-03 14:35:00,36837.8,36851.6,36805.7,36813.5,0
2019-09-03 14:40:00,36813.5,36820.4,36749.0,36756.4,0
2019-09-03 14:45:00,36756.6,36756.6,36684.5,36713.2,0
2019-09-03 14:50:00,36713.2,36727.1,36699.3,36699.3,0
2019-09-03 14:55:00,36701.1,36726.7,36680.8,36692.0,0
2019-09-03 15:00:00,36690.4,36690.4,36617.9,36641.1,0
2019-09-03 15:05:00,36641.2,36644.8,36611.1,36638.6,0
2019-09-03 15:10:00,36639.8,36641.2,36593.2,36603.1,0
2019-09-03 15:15:00,36605.4,36605.4,36519.4,36528.2,0
2019-09-03 15:20:00,36529.8,37188.4,36466.0,36466.5,0
2019-09-03 15:25:00,36470.4,37188.4,36466.0,36484.7,0
2019-09-04 09:15:00,36575.2,36635.9,36508.5,36570.4,0
2019-09-04 09:20:00,36560.6,36635.9,36482.8,36510.6,0
2019-09-04 09:25:00,36509.6,36509.6,36444.3,36462.4,0
2019-09-04 09:30:00,36456.5,36561.8,36432.9,36561.8,0
2019-09-04 09:35:00,36567.9,36604.4,36526.2,36532.7,0
2019-09-04 09:40:00,36534.5,36563.1,36496.4,36511.9,0
2019-09-04 09:45:00,36511.2,36532.4,36477.6,36501.2,0
2019-09-04 09:50:00,36502.1,36581.1,36502.1,36579.4,0
2019-09-04 09:55:00,36580.0,36592.1,36542.9,36584.6,0
2019-09-04 10:00:00,36586.3,36627.3,36577.4,36579.8,0
2019-09-04 10:05:00,36578.9,36619.0,36577.3,36619.0,0
2019-09-04 10:10:00,36619.2,36636.7,36571.4,36575.9,0
2019-09-04 10:15:00,36574.8,36591.9,36548.1,36572.5,0
2019-09-04 10:20:00,36572.7,36572.7,36527.6,36548.8,0
2019-09-04 10:25:00,36549.0,36562.7,36526.4,36562.3,0
2019-09-04 10:30:00,36562.9,36583.0,36547.9,36547.9,0
2019-09-04 10:35:00,36548.5,36551.4,36512.7,36515.5,0
2019-09-04 10:40:00,36514.5,36527.2,36476.3,36485.2,0
2019-09-04 10:45:00,36485.3,36485.4,36430.4,36430.8,0
2019-09-04 10:50:00,36431.4,36457.6,36409.5,36457.6,0
2019-09-04 10:55:00,36460.0,36470.1,36441.4,36469.8,0
2019-09-04 11:00:00,36469.5,36511.9,36468.6,36484.9,0
2019-09-04 11:05:00,36485.1,36485.1,36436.1,36444.6,0
2019-09-04 11:10:00,36444.5,36460.6,36441.9,36448.3,0
2019-09-04 11:15:00,36447.7,36485.9,36447.7,36450.6,0
2019-09-04 11:20:00,36449.8,36475.5,36439.6,36473.8,0
2019-09-04 11:25:00,36474.9,36504.9,36466.3,36489.2,0
2019-09-04 11:30:00,36489.1,36596.9,36488.9,36588.2,0
2019-09-04 11:35:00,36588.4,36588.6,36540.4,36575.2,0
2019-09-04 11:40:00,36575.4,36620.0,36575.4,36616.2,0
2019-09-04 11:45:00,36614.8,36665.4,36613.7,36642.0,0
2019-09-04 11:50:00,36643.8,36658.5,36626.9,36642.1,0
2019-09-04 11:55:00,36638.2,36638.8,36601.1,36611.2,0
2019-09-04 12:00:00,36610.2,36616.7,36562.0,36572.8,0
2019-09-04 12:05:00,36574.1,36596.5,36568.7,36596.5,0
2019-09-04 12:10:00,36597.3,36609.2,36575.5,36580.2,0
2019-09-04 12:15:00,36579.7,36579.7,36543.2,36575.6,0
2019-09-04 12:20:00,36575.8,36596.9,36567.7,36567.7,0
2019-09-04 12:25:00,36567.9,36596.8,36564.8,36596.8,0
2019-09-04 12:30:00,36599.2,36622.9,36556.0,36556.3,0
2019-09-04 12:35:00,36555.3,36569.6,36541.0,36544.1,0
2019-09-04 12:40:00,36542.2,36594.3,36540.1,36589.9,0
2019-09-04 12:45:00,36589.6,36604.4,36578.4,36580.7,0
2019-09-04 12:50:00,36580.4,36602.4,36573.0,36602.4,0
2019-09-04 12:55:00,36601.4,36612.5,36588.5,36608.6,0
2019-09-04 13:00:00,36608.8,36663.1,36599.3,36662.4,0
2019-09-04 13:05:00,36661.1,36679.9,36642.8,36657.3,0
2019-09-04 13:10:00,36658.5,36686.0,36633.2,36679.7,0
2019-09-04 13:15:00,36680.0,36710.7,36680.0,36693.4,0
2019-09-04 13:20:00,36692.4,36707.3,36668.1,36699.7,0
2019-09-04 13:25:00,36699.7,36699.7,36673.0,36694.4,0
2019-09-04 13:30:00,36694.7,36740.6,36694.7,36731.9,0
2019-09-04 13:35:00,36731.1,36739.1,36702.6,36719.0,0
2019-09-04 13:40:00,36718.6,36757.6,36718.6,36739.7,0
2019-09-04 13:45:00,36740.3,36747.4,36684.4,36684.4,0
2019-09-04 13:50:00,36685.7,36718.3,36682.8,36700.4,0
2019-09-04 13:55:00,36695.7,36712.3,36673.0,36690.3,0
2019-09-04 14:00:00,36688.3,36719.9,36688.3,36717.3,0
2019-09-04 14:05:00,36718.2,36737.6,36717.5,36730.9,0
2019-09-04 14:10:00,36733.9,36744.9,36709.1,36713.5,0
2019-09-04 14:15:00,36706.5,36706.5,36580.6,36626.3,0
2019-09-04 14:20:00,36625.2,36637.7,36604.0,36623.7,0
2019-09-04 14:25:00,36624.7,36635.1,36567.5,36619.7,0
2019-09-04 14:30:00,36614.2,36649.4,36606.4,36636.4,0
2019-09-04 14:35:00,36635.0,36682.6,36635.0,36670.0,0
2019-09-04 14:40:00,36671.6,36694.0,36656.8,36694.0,0
2019-09-04 14:45:00,36694.7,36708.5,36640.7,36644.1,0
2019-09-04 14:50:00,36644.3,36672.1,36644.3,36660.6,0
2019-09-04 14:55:00,36660.6,36690.6,36660.5,36672.6,0
2019-09-04 15:00:00,36669.9,36774.9,36669.9,36769.3,0
2019-09-04 15:05:00,36774.3,36776.3,36743.2,36749.1,0
2019-09-04 15:10:00,36745.9,36755.6,36722.1,36755.2,0
2019-09-04 15:15:00,36755.9,36758.2,36707.6,36714.0,0
2019-09-04 15:20:00,36717.3,36742.4,36681.1,36683.3,0
2019-09-04 15:25:00,36684.9,36701.2,36680.1,36685.8,0
2019-09-05 09:15:00,36821.7,36865.6,36753.0,36861.6,0
2019-09-05 09:20:00,36856.6,36891.6,36855.5,36881.6,0
2019-09-05 09:25:00,36886.8,36887.6,36830.9,36845.6,0
2019-09-05 09:30:00,36848.0,36848.0,36786.0,36791.9,0
2019-09-05 09:35:00,36791.6,36831.8,36790.7,36796.8,0
2019-09-05 09:40:00,36793.4,36795.7,36763.6,36773.1,0
2019-09-05 09:45:00,36773.0,36803.1,36758.9,36768.8,0
2019-09-05 09:50:00,36771.2,36833.8,36771.2,36833.8,0
2019-09-05 09:55:00,36839.3,36848.9,36803.6,36811.3,0
2019-09-05 10:00:00,36813.1,36860.6,36813.1,36836.1,0
2019-09-05 10:05:00,36835.6,36845.7,36824.4,36837.6,0
2019-09-05 10:10:00,36834.7,36859.0,36834.7,36852.7,0
2019-09-05 10:15:00,36854.5,36855.8,36816.7,36822.9,0
2019-09-05 10:20:00,36824.1,36844.9,36814.0,36844.9,0
2019-09-05 10:25:00,36846.4,36893.5,36841.8,36893.5,0
2019-09-05 10:30:00,36893.3,36899.0,36860.5,36868.5,0
2019-09-05 10:35:00,36869.6,36871.0,36855.9,36871.0,0
2019-09-05 10:40:00,36872.9,36876.2,36862.7,36870.1,0
2019-09-05 10:45:00,36866.6,36880.1,36830.4,36830.4,0
2019-09-05 10:50:00,36832.6,36838.6,36822.2,36838.2,0
2019-09-05 10:55:00,36836.2,36862.5,36834.5,36845.6,0
2019-09-05 11:00:00,36844.3,36870.2,36828.3,36837.3,0
2019-09-05 11:05:00,36839.9,36843.9,36814.7,36836.7,0
2019-09-05 11:10:00,36835.2,36840.8,36784.8,36802.0,0
2019-09-05 11:15:00,36798.1,36800.5,36770.3,36790.8,0
2019-09-05 11:20:00,36791.8,36819.7,36791.2,36807.1,0
2019-09-05 11:25:00,36807.2,36820.3,36793.0,36795.5,0
2019-09-05 11:30:00,36795.4,36798.5,36775.6,36778.4,0
2019-09-05 11:35:00,36779.8,36789.8,36717.0,36717.2,0
2019-09-05 11:40:00,36718.0,36736.8,36652.8,36676.8,0
2019-09-05 11:45:00,36670.8,36698.5,36633.6,36679.1,0
2019-09-05 11:50:00,36679.5,36679.9,36617.4,36636.4,0
2019-09-05 11:55:00,36636.5,36638.5,36598.8,36636.6,0
2019-09-05 12:00:00,36637.2,36664.2,36636.9,36655.4,0
2019-09-05 12:05:00,36654.9,36658.1,36604.8,36604.8,0
2019-09-05 12:10:00,36604.8,36616.4,36586.9,36614.0,0
2019-09-05 12:15:00,36613.6,36620.9,36561.9,36577.6,0
2019-09-05 12:20:00,36577.6,36603.0,36569.4,36601.1,0
2019-09-05 12:25:00,36604.7,36635.9,36593.8,36594.9,0
2019-09-05 12:30:00,36592.2,36610.9,36584.5,36600.7,0
2019-09-05 12:35:00,36604.3,36614.6,36589.4,36590.1,0
2019-09-05 12:40:00,36593.5,36630.8,36593.5,36625.8,0
2019-09-05 12:45:00,36629.4,36630.2,36603.6,36603.9,0
2019-09-05 12:50:00,36606.0,36640.4,36602.6,36618.6,0
2019-09-05 12:55:00,36618.9,36633.2,36607.8,36609.8,0
2019-09-05 13:00:00,36610.4,36611.2,36569.8,36587.6,0
2019-09-05 13:05:00,36587.4,36587.4,36541.9,36555.6,0
2019-09-05 13:10:00,36558.6,36670.6,36553.6,36667.5,0
2019-09-05 13:15:00,36682.6,36899.0,36541.9,36636.6,0
2019-09-05 13:20:00,36637.1,36642.5,36596.8,36610.2,0
2019-09-05 13:25:00,36609.9,36629.5,36605.3,36616.5,0
2019-09-05 13:30:00,36618.7,36625.2,36579.1,36612.5,0
2019-09-05 13:35:00,36612.7,36632.0,36609.7,36611.0,0
2019-09-05 13:40:00,36611.0,36650.6,36602.6,36646.3,0
2019-09-05 13:45:00,36640.9,36899.0,36541.9,36608.5,0
2019-09-05 13:50:00,36608.9,36637.0,36606.8,36635.1,0
2019-09-05 13:55:00,36630.5,36651.8,36622.2,36622.2,0
2019-09-05 14:00:00,36622.4,36637.1,36581.3,36593.4,0
2019-09-05 14:05:00,36593.4,36637.3,36571.6,36622.4,0
2019-09-05 14:10:00,36623.2,36625.3,36583.5,36583.5,0
2019-09-05 14:15:00,36581.2,36622.9,36579.7,36617.6,0
2019-09-05 14:20:00,36617.0,36626.0,36597.8,36612.0,0
2019-09-05 14:25:00,36611.1,36691.9,36610.7,36666.2,0
2019-09-05 14:30:00,36662.3,36681.3,36634.2,36636.1,0
2019-09-05 14:35:00,36637.2,36637.2,36606.9,36634.4,0
2019-09-05 14:40:00,36632.6,36649.0,36611.9,36639.9,0
2019-09-05 14:45:00,36639.7,36646.8,36592.8,36605.4,0
2019-09-05 14:50:00,36607.9,36636.3,36588.6,36634.8,0
2019-09-05 14:55:00,36637.3,36639.0,36622.0,36623.1,0
2019-09-05 15:00:00,36622.6,36669.8,36584.4,36666.9,0
2019-09-05 15:05:00,36663.5,36682.5,36646.2,36652.6,0
2019-09-05 15:10:00,36653.9,36660.3,36612.4,36657.2,0
2019-09-05 15:15:00,36658.7,36678.7,36634.4,36670.2,0
2019-09-05 15:20:00,36670.5,36672.7,36640.3,36645.1,0
2019-09-05 15:25:00,36648.4,36653.5,36616.1,36632.8,0
2019-09-06 09:15:00,36785.6,36828.8,36757.6,36826.3,0
2019-09-06 09:20:00,36829.0,36867.5,36813.4,36829.0,0
2019-09-06 09:25:00,36832.1,36846.2,36781.4,36792.7,0
2019-09-06 09:30:00,36796.5,36834.7,36776.1,36834.7,0
2019-09-06 09:35:00,36829.3,36862.1,36827.6,36833.2,0
2019-09-06 09:40:00,36834.0,36856.4,36823.9,36824.9,0
2019-09-06 09:45:00,36824.2,36828.7,36790.7,36801.8,0
2019-09-06 09:50:00,36801.3,36814.0,36775.9,36814.0,0
2019-09-06 09:55:00,36814.5,36838.8,36808.3,36828.8,0
2019-09-06 10:00:00,36830.8,36842.6,36791.4,36793.2,0
2019-09-06 10:05:00,36793.8,36795.1,36750.5,36766.4,0
2019-09-06 10:10:00,36765.9,36789.1,36762.1,36786.7,0
2019-09-06 10:15:00,36788.4,36789.3,36750.0,36753.0,0
2019-09-06 10:20:00,36753.4,36758.9,36727.7,36744.4,0
2019-09-06 10:25:00,36744.1,36765.1,36739.3,36756.1,0
2019-09-06 10:30:00,36754.1,36781.2,36751.4,36772.4,0
2019-09-06 10:35:00,36771.8,36771.8,36746.7,36747.8,0
2019-09-06 10:40:00,36747.5,36757.0,36742.4,36749.4,0
2019-09-06 10:45:00,36751.4,36801.1,36751.4,36801.1,0
2019-09-06 10:50:00,36800.3,36820.1,36794.1,36809.8,0
2019-09-06 10:55:00,36810.2,36845.7,36797.5,36841.7,0
2019-09-06 11:00:00,36840.5,36849.2,36814.4,36819.4,0
2019-09-06 11:05:00,36818.5,36830.6,36816.9,36827.6,0
2019-09-06 11:10:00,36828.1,36841.4,36820.2,36830.5,0
2019-09-06 11:15:00,36829.7,36844.8,36829.2,36835.0,0
2019-09-06 11:20:00,36833.7,36837.0,36817.8,36825.3,0
2019-09-06 11:25:00,36828.4,36837.5,36808.1,36837.5,0
2019-09-06 11:30:00,36837.1,36839.7,36823.2,36835.0,0
2019-09-06 11:35:00,36834.4,36839.1,36813.2,36826.0,0
2019-09-06 11:40:00,36826.5,36890.1,36826.0,36885.0,0
2019-09-06 11:45:00,36881.3,36888.0,36870.4,36888.0,0
2019-09-06 11:50:00,36887.9,36894.6,36861.4,36871.1,0
2019-09-06 11:55:00,36869.9,36887.6,36863.7,36886.3,0
2019-09-06 12:00:00,36885.9,36895.5,36864.6,36865.0,0
2019-09-06 12:05:00,36866.0,36880.0,36860.6,36877.2,0
2019-09-06 12:10:00,36877.8,36900.5,36871.9,36900.5,0
2019-09-06 12:15:00,36903.9,36907.3,36878.9,36886.1,0
2019-09-06 12:20:00,36887.3,36887.6,36860.1,36864.9,0
2019-09-06 12:25:00,36864.6,36874.3,36847.3,36867.5,0
2019-09-06 12:30:00,36867.1,36882.5,36861.8,36868.4,0
2019-09-06 12:35:00,36868.4,36884.7,36856.3,36884.7,0
2019-09-06 12:40:00,36882.3,36937.7,36882.3,36921.8,0
2019-09-06 12:45:00,36922.9,36928.6,36898.0,36903.3,0
2019-09-06 12:50:00,36903.6,36909.9,36890.2,36906.5,0
2019-09-06 12:55:00,36907.5,36925.9,36907.0,36917.5,0
2019-09-06 13:00:00,36918.0,36939.8,36914.5,36932.9,0
2019-09-06 13:05:00,36932.2,36946.6,36929.3,36945.1,0
2019-09-06 13:10:00,36944.6,36972.9,36943.7,36958.5,0
2019-09-06 13:15:00,36958.6,36978.2,36947.2,36957.3,0
2019-09-06 13:20:00,36956.7,36964.3,36939.4,36948.8,0
2019-09-06 13:25:00,36949.1,36980.1,36936.8,36980.1,0
2019-09-06 13:30:00,36980.6,36982.8,36945.2,36949.9,0
2019-09-06 13:35:00,36951.1,36985.9,36950.8,36974.5,0
2019-09-06 13:40:00,36975.0,36978.8,36961.6,36969.1,0
2019-09-06 13:45:00,36969.8,36993.1,36969.0,36990.5,0
2019-09-06 13:50:00,36988.1,36991.2,36957.9,36965.6,0
2019-09-06 13:55:00,36966.2,36982.0,36942.4,36943.3,0
2019-09-06 14:00:00,36940.8,36946.6,36915.1,36917.0,0
2019-09-06 14:05:00,36918.4,36944.4,36917.0,36920.8,0
2019-09-06 14:10:00,36921.7,36923.1,36905.9,36918.5,0
2019-09-06 14:15:00,36921.3,36927.3,36907.2,36914.1,0
2019-09-06 14:20:00,36914.2,36920.0,36887.9,36910.6,0
2019-09-06 14:25:00,36911.4,36935.1,36907.8,36933.9,0
2019-09-06 14:30:00,36936.1,36954.6,36929.9,36938.7,0
2019-09-06 14:35:00,36938.7,36943.3,36918.3,36921.0,0
2019-09-06 14:40:00,36918.9,36956.1,36916.5,36947.6,0
2019-09-06 14:45:00,36947.4,36974.3,36947.3,36960.1,0
2019-09-06 14:50:00,36959.0,36959.7,36902.7,36931.1,0
2019-09-06 14:55:00,36930.2,36935.1,36915.6,36921.2,0
2019-09-06 15:00:00,36918.0,36966.2,36916.9,36958.3,0
2019-09-06 15:05:00,36959.9,36991.6,36956.9,36991.4,0
2019-09-06 15:10:00,36992.0,37013.0,36978.6,36988.0,0
2019-09-06 15:15:00,36991.8,37010.2,36980.3,36980.4,0
2019-09-06 15:20:00,36978.3,36993.0,36972.4,36975.4,0
2019-09-06 15:25:00,36977.6,36985.5,36959.7,36967.7,0
2019-09-09 09:15:00,36969.48,36969.48,36791.59,36808.74,0
2019-09-09 09:20:00,36810.46,36844.34,36786.32,36832.09,0
2019-09-09 09:25:00,36831.35,36843.63,36804.9,36840.94,0
2019-09-09 09:30:00,36838.06,36868.61,36832.47,36855.0,0
2019-09-09 09:35:00,36856.04,36891.8,36854.99,36891.8,0
2019-09-09 09:40:00,36891.93,36898.5,36862.56,36871.18,0
2019-09-09 09:45:00,36871.47,36878.19,36838.14,36876.61,0
2019-09-09 09:50:00,36875.9,36937.16,36875.9,36934.37,0
2019-09-09 09:55:00,36935.31,36936.51,36920.26,36921.23,0
2019-09-09 10:00:00,36922.31,36987.0,36911.35,36983.06,0
2019-09-09 10:05:00,36984.73,37123.08,36982.84,37122.64,0
2019-09-09 10:10:00,37123.69,37146.5,37092.14,37119.32,0
2019-09-09 10:15:00,37122.81,37160.36,37108.14,37143.72,0
2019-09-09 10:20:00,37145.15,37150.26,37114.41,37135.11,0
2019-09-09 10:25:00,37134.97,37136.34,37112.92,37120.13,0
2019-09-09 10:30:00,37120.29,37180.75,37117.89,37180.23,0
2019-09-09 10:35:00,37179.97,37187.64,37165.06,37187.44,0
2019-09-09 10:40:00,37187.57,37205.27,37143.74,37144.69,0
2019-09-09 10:45:00,37144.75,37145.6,37126.59,37137.19,0
2019-09-09 10:50:00,37137.64,37175.18,37135.03,37173.97,0
2019-09-09 10:55:00,37174.03,37198.32,37171.38,37190.28,0
2019-09-09 11:00:00,37190.67,37211.08,37190.67,37198.51,0
2019-09-09 11:05:00,37198.71,37204.22,37181.83,37204.06,0
2019-09-09 11:10:00,37204.51,37206.21,37168.93,37178.97,0
2019-09-09 11:15:00,37180.15,37183.68,37151.28,37154.23,0
2019-09-09 11:20:00,37154.1,37182.63,37146.09,37176.76,0
2019-09-09 11:25:00,37177.77,37181.47,37165.7,37175.92,0
2019-09-09 11:30:00,37175.23,37184.4,37163.69,37164.14,0
2019-09-09 11:35:00,37164.48,37165.4,37148.13,37154.66,0
2019-09-09 11:40:00,37154.43,37208.96,37154.43,37208.87,0
2019-09-09 11:45:00,37208.68,37214.62,37196.68,37205.5,0
2019-09-09 11:50:00,37205.8,37211.28,37188.26,37208.43,0
2019-09-09 11:55:00,37206.3,37211.4,37192.44,37193.95,0
2019-09-09 12:00:00,37193.35,37211.69,37191.18,37207.53,0
2019-09-09 12:05:00,37206.96,37212.88,37199.13,37209.15,0
2019-09-09 12:10:00,37208.46,37215.28,37197.26,37201.79,0
2019-09-09 12:15:00,37201.72,37210.04,37197.27,37199.73,0
2019-09-09 12:20:00,37200.14,37208.81,37168.14,37168.9,0
2019-09-09 12:25:00,37169.47,37190.25,37166.24,37188.92,0
2019-09-09 12:30:00,37188.74,37215.64,37187.56,37210.03,0
2019-09-09 12:35:00,37210.94,37221.97,37206.69,37212.58,0
2019-09-09 12:40:00,37212.1,37233.46,37211.21,37225.03,0
2019-09-09 12:45:00,37224.77,37229.85,37215.07,37215.07,0
2019-09-09 12:50:00,37215.19,37238.32,37214.84,37236.48,0
2019-09-09 12:55:00,37235.44,37240.41,37206.19,37206.19,0
2019-09-09 13:00:00,37205.93,37218.36,37193.5,37193.53,0
2019-09-09 13:05:00,37193.16,37224.64,37193.16,37219.97,0
2019-09-09 13:10:00,37219.91,37225.4,37214.91,37223.49,0
2019-09-09 13:15:00,37223.4,37224.42,37209.83,37212.17,0
2019-09-09 13:20:00,37211.8,37239.42,37208.68,37239.42,0
2019-09-09 13:25:00,37240.31,37244.08,37213.33,37213.57,0
2019-09-09 13:30:00,37213.78,37214.67,37162.79,37177.08,0
2019-09-09 13:35:00,37176.14,37179.62,37116.76,37123.82,0
2019-09-09 13:40:00,37123.86,37143.88,37120.59,37132.41,0
2019-09-09 13:45:00,37133.63,37134.03,37040.43,37060.07,0
2019-09-09 13:50:00,37060.97,37114.51,37055.49,37113.05,0
2019-09-09 13:55:00,37113.14,37135.49,37104.44,37118.25,0
2019-09-09 14:00:00,37117.4,37125.36,37106.51,37108.03,0
2019-09-09 14:05:00,37108.11,37132.22,37097.5,37123.57,0
2019-09-09 14:10:00,37123.87,37131.04,37119.99,37131.04,0
2019-09-09 14:15:00,37130.61,37177.05,37130.61,37160.04,0
2019-09-09 14:20:00,37160.13,37185.54,37151.59,37152.93,0
2019-09-09 14:25:00,37154.91,37155.72,37114.17,37125.79,0
2019-09-09 14:30:00,37125.06,37134.07,37111.61,37118.65,0
2019-09-09 14:35:00,37120.32,37140.09,37090.19,37138.63,0
2019-09-09 14:40:00,37138.6,37146.59,37117.27,37122.66,0
2019-09-09 14:45:00,37122.16,37123.3,37105.09,37108.1,0
2019-09-09 14:50:00,37107.64,37124.02,37103.99,37109.5,0
2019-09-09 14:55:00,37110.13,37130.21,37099.43,37130.21,0
2019-09-09 15:00:00,37130.88,37157.72,37130.88,37141.65,0
2019-09-09 15:05:00,37143.33,37164.96,37140.77,37161.29,0
2019-09-09 15:10:00,37161.89,37171.06,37144.64,37154.4,0
2019-09-09 15:15:00,37156.42,37161.31,37140.59,37152.22,0
2019-09-09 15:20:00,37150.66,37167.53,37144.41,37161.92,0
2019-09-09 15:25:00,37162.51,37170.57,37149.7,37164.51,0
2019-09-11 09:15:00,37251.0,37273.1,37193.6,37232.3,0
2019-09-11 09:20:00,37223.2,37236.0,37208.3,37235.1,0
2019-09-11 09:25:00,37241.5,37291.9,37193.6,37277.2,0
2019-09-11 09:30:00,37282.6,37298.8,37267.0,37267.0,0
2019-09-11 09:35:00,37266.2,37293.1,37265.7,37282.7,0
2019-09-11 09:40:00,37281.4,37289.8,37255.3,37287.1,0
2019-09-11 09:45:00,37285.3,37287.0,37251.4,37267.9,0
2019-09-11 09:50:00,37265.2,37265.2,37231.5,37247.6,0
2019-09-11 09:55:00,37247.4,37259.2,37227.3,37227.3,0
2019-09-11 10:00:00,37228.2,37251.5,37208.8,37230.6,0
2019-09-11 10:05:00,37230.4,37280.1,37228.5,37277.6,0
2019-09-11 10:10:00,37277.1,37283.0,37261.8,37262.3,0
2019-09-11 10:15:00,37262.6,37286.8,37256.9,37270.9,0
2019-09-11 10:20:00,37272.7,37285.9,37269.4,37279.4,0
2019-09-11 10:25:00,37278.1,37281.0,37260.4,37272.3,0
2019-09-11 10:30:00,37272.8,37279.1,37259.9,37272.9,0
2019-09-11 10:35:00,37271.3,37290.4,37264.6,37290.4,0
2019-09-11 10:40:00,37290.6,37298.9,37274.7,37284.0,0
2019-09-11 10:45:00,37284.0,37296.5,37283.2,37286.5,0
2019-09-11 10:50:00,37286.9,37297.9,37273.6,37296.6,0
2019-09-11 10:55:00,37296.4,37317.9,37295.9,37296.4,0
2019-09-11 11:00:00,37296.4,37298.6,37276.5,37280.7,0
2019-09-11 11:05:00,37280.7,37301.4,37270.8,37298.0,0
2019-09-11 11:10:00,37300.3,37303.7,37294.2,37297.6,0
2019-09-11 11:15:00,37296.8,37298.6,37265.5,37279.9,0
2019-09-11 11:20:00,37281.8,37302.6,37281.4,37302.6,0
2019-09-11 11:25:00,37305.4,37328.5,37305.4,37321.2,0
2019-09-11 11:30:00,37322.7,37326.6,37312.7,37323.8,0
2019-09-11 11:35:00,37321.5,37338.7,37313.9,37338.0,0
2019-09-11 11:40:00,37339.3,37343.5,37333.9,37335.0,0
2019-09-11 11:45:00,37334.5,37340.0,37321.5,37323.4,0
2019-09-11 11:50:00,37323.8,37326.1,37313.6,37325.3,0
2019-09-11 11:55:00,37325.2,37331.5,37323.1,37325.3,0
2019-09-11 12:00:00,37325.1,37325.9,37316.1,37319.1,0
2019-09-11 12:05:00,37318.8,37319.5,37274.9,37283.8,0
2019-09-11 12:10:00,37284.3,37284.9,37251.4,37262.9,0
2019-09-11 12:15:00,37262.8,37263.5,37249.8,37253.9,0
2019-09-11 12:20:00,37254.5,37270.4,37250.0,37252.5,0
2019-09-11 12:25:00,37251.3,37257.2,37244.5,37244.8,0
2019-09-11 12:30:00,37242.6,37280.0,37241.2,37257.9,0
2019-09-11 12:35:00,37257.5,37258.0,37222.8,37226.8,0
2019-09-11 12:40:00,37225.4,37255.5,37225.4,37248.6,0
2019-09-11 12:45:00,37249.1,37270.9,37249.1,37264.4,0
2019-09-11 12:50:00,37264.9,37273.1,37263.5,37267.6,0
2019-09-11 12:55:00,37266.3,37272.1,37263.7,37267.0,0
2019-09-11 13:00:00,37267.4,37295.3,37264.6,37289.9,0
2019-09-11 13:05:00,37290.3,37298.6,37287.0,37298.2,0
2019-09-11 13:10:00,37298.6,37318.0,37288.8,37296.0,0
2019-09-11 13:15:00,37296.3,37299.5,37260.8,37266.2,0
2019-09-11 13:20:00,37265.5,37272.2,37260.1,37268.9,0
2019-09-11 13:25:00,37269.6,37287.1,37269.6,37282.9,0
2019-09-11 13:30:00,37283.6,37288.5,37255.1,37255.1,0
2019-09-11 13:35:00,37255.3,37267.1,37248.6,37265.3,0
2019-09-11 13:40:00,37265.5,37280.6,37263.2,37267.6,0
2019-09-11 13:45:00,37268.0,37269.4,37236.5,37242.4,0
2019-09-11 13:50:00,37240.8,37304.5,37240.8,37303.7,0
2019-09-11 13:55:00,37301.0,37305.1,37290.4,37298.4,0
2019-09-11 14:00:00,37299.1,37310.4,37289.9,37293.5,0
2019-09-11 14:05:00,37294.0,37322.3,37294.0,37317.0,0
2019-09-11 14:10:00,37317.2,37342.1,37313.2,37325.4,0
2019-09-11 14:15:00,37325.8,37326.3,37301.8,37309.2,0
2019-09-11 14:20:00,37308.7,37317.5,37303.1,37316.9,0
2019-09-11 14:25:00,37316.5,37317.0,37290.1,37309.8,0
2019-09-11 14:30:00,37309.8,37311.0,37298.4,37310.6,0
2019-09-11 14:35:00,37309.4,37318.0,37299.1,37315.5,0
2019-09-11 14:40:00,37316.3,37334.9,37316.0,37326.0,0
2019-09-11 14:45:00,37325.2,37325.2,37276.6,37302.9,0
2019-09-11 14:50:00,37303.2,37315.6,37294.0,37297.4,0
2019-09-11 14:55:00,37296.5,37296.7,37265.5,37273.3,0
2019-09-11 15:00:00,37273.6,37330.3,37273.6,37325.1,0
2019-09-11 15:05:00,37322.3,37323.9,37310.9,37315.4,0
2019-09-11 15:10:00,37315.6,37315.6,37288.5,37296.8,0
2019-09-11 15:15:00,37296.0,37297.4,37266.5,37271.3,0
2019-09-11 15:20:00,37272.8,37272.9,37244.6,37247.6,0
2019-09-11 15:25:00,37245.9,37260.6,37217.0,37234.8,0
2019-09-12 09:15:00,37330.5,37421.1,37320.6,37407.9,0
2019-09-12 09:20:00,37409.7,37421.1,37320.6,37407.1,0
2019-09-12 09:25:00,37408.2,37412.6,37373.4,37373.4,0
2019-09-12 09:30:00,37373.1,37400.8,37369.3,37393.1,0
2019-09-12 09:35:00,37391.9,37407.5,37389.2,37390.2,0
2019-09-12 09:40:00,37389.4,37416.5,37387.1,37409.7,0
2019-09-12 09:45:00,37406.5,37424.9,37404.4,37422.5,0
2019-09-12 09:50:00,37420.1,37424.3,37400.6,37410.8,0
2019-09-12 09:55:00,37410.3,37435.1,37407.1,37430.8,0
2019-09-12 10:00:00,37428.2,37432.2,37396.3,37405.5,0
2019-09-12 10:05:00,37405.6,37406.1,37393.9,37402.3,0
2019-09-12 10:10:00,37402.7,37402.7,37368.5,37380.4,0
2019-09-12 10:15:00,37380.4,37392.6,37355.4,37360.8,0
2019-09-12 10:20:00,37361.1,37362.3,37326.9,37342.8,0
2019-09-12 10:25:00,37342.8,37356.4,37339.3,37354.3,0
2019-09-12 10:30:00,37353.4,37372.7,37352.8,37371.0,0
2019-09-12 10:35:00,37371.9,37402.0,37371.8,37386.2,0
2019-09-12 10:40:00,37386.2,37392.9,37376.2,37387.3,0
2019-09-12 10:45:00,37387.5,37387.5,37360.6,37369.6,0
2019-09-12 10:50:00,37369.3,37369.4,37348.0,37369.3,0
2019-09-12 10:55:00,37370.1,37379.8,37360.7,37377.7,0
2019-09-12 11:00:00,37378.3,37383.8,37333.2,37333.3,0
2019-09-12 11:05:00,37335.5,37339.6,37316.5,37325.6,0
2019-09-12 11:10:00,37324.3,37325.3,37277.9,37278.2,0
2019-09-12 11:15:00,37278.6,37305.4,37255.0,37305.1,0
2019-09-12 11:20:00,37306.3,37310.6,37294.2,37294.2,0
2019-09-12 11:25:00,37295.0,37295.4,37268.0,37283.0,0
2019-09-12 11:30:00,37282.6,37282.8,37227.9,37247.1,0
2019-09-12 11:35:00,37250.8,37271.6,37246.1,37246.1,0
2019-09-12 11:40:00,37245.1,37292.5,37241.8,37288.2,0
2019-09-12 11:45:00,37286.9,37290.6,37258.3,37258.3,0
2019-09-12 11:50:00,37258.0,37289.2,37251.8,37286.7,0
2019-09-12 11:55:00,37285.8,37320.6,37281.3,37319.0,0
2019-09-12 12:00:00,37319.7,37319.7,37293.3,37304.8,0
2019-09-12 12:05:00,37304.8,37324.4,37304.3,37311.1,0
2019-09-12 12:10:00,37311.2,37334.5,37311.2,37330.0,0
2019-09-12 12:15:00,37330.3,37332.4,37308.3,37320.4,0
2019-09-12 12:20:00,37321.4,37321.4,37294.3,37294.9,0
2019-09-12 12:25:00,37288.2,37330.6,37283.4,37329.6,0
2019-09-12 12:30:00,37329.8,37356.1,37329.5,37338.6,0
2019-09-12 12:35:00,37337.9,37435.1,37227.9,37330.2,0
2019-09-12 12:40:00,37330.8,37342.0,37317.9,37333.5,0
2019-09-12 12:45:00,37334.1,37340.6,37312.8,37339.4,0
2019-09-12 12:50:00,37339.6,37348.9,37335.1,37342.2,0
2019-09-12 12:55:00,37341.4,37357.2,37341.4,37347.6,0
2019-09-12 13:00:00,37348.3,37360.1,37340.1,37340.3,0
2019-09-12 13:05:00,37337.4,37337.4,37296.1,37316.6,0
2019-09-12 13:10:00,37316.9,37337.9,37312.2,37314.0,0
2019-09-12 13:15:00,37309.7,37332.6,37307.4,37329.0,0
2019-09-12 13:20:00,37330.2,37332.8,37306.4,37307.4,0
2019-09-12 13:25:00,37309.5,37321.9,37282.9,37318.1,0
2019-09-12 13:30:00,37318.3,37318.4,37288.6,37293.8,0
2019-09-12 13:35:00,37292.4,37304.9,37283.2,37304.0,0
2019-09-12 13:40:00,37303.8,37318.4,37266.8,37275.8,0
2019-09-12 13:45:00,37278.5,37280.4,37250.4,37257.5,0
2019-09-12 13:50:00,37258.8,37278.5,37198.6,37204.0,0
2019-09-12 13:55:00,37202.4,37244.8,37188.9,37238.4,0
2019-09-12 14:00:00,37236.6,37245.6,37213.0,37235.2,0
2019-09-12 14:05:00,37233.8,37261.6,37221.7,37260.3,0
2019-09-12 14:10:00,37259.7,37262.9,37248.6,37254.4,0
2019-09-12 14:15:00,37254.3,37256.6,37218.2,37229.9,0
2019-09-12 14:20:00,37229.2,37250.3,37207.2,37216.6,0
2019-09-12 14:25:00,37216.5,37217.0,37127.5,37162.3,0
2019-09-12 14:30:00,37162.6,37181.2,37145.8,37180.4,0
2019-09-12 14:35:00,37186.7,37238.1,37186.7,37228.2,0
2019-09-12 14:40:00,37230.2,37236.1,37196.5,37205.0,0
2019-09-12 14:45:00,37203.1,37215.5,37178.3,37195.8,0
2019-09-12 14:50:00,37195.4,37206.3,37186.9,37203.0,0
2019-09-12 14:55:00,37203.4,37203.4,37159.5,37174.4,0
2019-09-12 15:00:00,37173.5,37207.9,37143.7,37147.3,0
2019-09-12 15:05:00,37147.9,37156.2,37121.5,37121.5,0
2019-09-12 15:10:00,37122.4,37124.2,37048.7,37083.8,0
2019-09-12 15:15:00,37087.7,37093.9,37065.2,37090.1,0
2019-09-12 15:20:00,37094.3,37110.6,37086.4,37106.2,0
2019-09-12 15:25:00,37102.1,37121.1,37099.7,37103.8,0
2019-09-13 09:15:00,37175.9,37175.9,37029.5,37161.7,0
2019-09-13 09:20:00,37163.9,37244.3,37151.4,37232.8,0
2019-09-13 09:25:00,37231.5,37231.5,37191.3,37218.0,0
2019-09-13 09:30:00,37218.8,37221.2,37170.2,37177.0,0
2019-09-13 09:35:00,37177.9,37218.8,37171.7,37171.8,0
2019-09-13 09:40:00,37164.2,37167.1,37088.8,37124.3,0
2019-09-13 09:45:00,37125.4,37126.3,37073.4,37081.7,0
2019-09-13 09:50:00,37086.1,37120.1,37085.3,37096.8,0
2019-09-13 09:55:00,37095.7,37129.1,37090.0,37104.7,0
2019-09-13 10:00:00,37105.7,37116.9,37022.5,37035.3,0
2019-09-13 10:05:00,37035.0,37036.6,37000.1,37003.8,0
2019-09-13 10:10:00,37004.3,37042.4,37004.1,37025.2,0
2019-09-13 10:15:00,37027.7,37074.6,37024.8,37072.2,0
2019-09-13 10:20:00,37074.6,37093.4,37059.6,37076.6,0
2019-09-13 10:25:00,37077.0,37078.5,37046.0,37052.4,0
2019-09-13 10:30:00,37052.4,37052.8,37012.9,37031.5,0
2019-09-13 10:35:00,37031.2,37082.2,37031.2,37074.1,0
2019-09-13 10:40:00,37074.2,37117.6,37074.2,37094.5,0
2019-09-13 10:45:00,37094.9,37150.4,37094.9,37149.9,0
2019-09-13 10:50:00,37151.7,37155.8,37112.1,37118.2,0
2019-09-13 10:55:00,37117.4,37133.3,37103.4,37124.9,0
2019-09-13 11:00:00,37125.1,37125.1,37086.9,37090.4,0
2019-09-13 11:05:00,37090.7,37105.2,37087.6,37100.6,0
2019-09-13 11:10:00,37100.7,37100.7,37052.1,37074.4,0
2019-09-13 11:15:00,37074.9,37089.3,37056.7,37085.6,0
2019-09-13 11:20:00,37086.5,37090.9,37071.7,37072.1,0
2019-09-13 11:25:00,37072.3,37079.6,37057.0,37075.0,0
2019-09-13 11:30:00,37080.6,37080.6,37056.4,37061.6,0
2019-09-13 11:35:00,37061.6,37077.5,37053.6,37077.3,0
2019-09-13 11:40:00,37077.8,37077.9,37057.1,37068.3,0
2019-09-13 11:45:00,37067.9,37118.4,37066.0,37116.9,0
2019-09-13 11:50:00,37116.2,37120.6,37104.0,37110.6,0
2019-09-13 11:55:00,37110.8,37145.3,37101.2,37135.4,0
2019-09-13 12:00:00,37135.8,37157.9,37135.8,37139.2,0
2019-09-13 12:05:00,37138.8,37139.2,37106.9,37124.0,0
2019-09-13 12:10:00,37124.4,37127.2,37110.4,37110.6,0
2019-09-13 12:15:00,37109.5,37110.4,37078.7,37102.1,0
2019-09-13 12:20:00,37102.4,37109.9,37097.1,37109.6,0
2019-09-13 12:25:00,37110.8,37110.9,37073.2,37087.7,0
2019-09-13 12:30:00,37088.3,37109.5,37088.1,37097.1,0
2019-09-13 12:35:00,37097.6,37098.0,37069.9,37079.8,0
2019-09-13 12:40:00,37079.3,37085.0,37028.1,37042.3,0
2019-09-13 12:45:00,37042.3,37075.1,37042.2,37075.0,0
2019-09-13 12:50:00,37077.4,37082.6,37070.8,37076.5,0
2019-09-13 12:55:00,37076.6,37085.4,37068.2,37081.4,0
2019-09-13 13:00:00,37082.0,37111.3,37069.5,37111.3,0
2019-09-13 13:05:00,37111.1,37116.1,37082.6,37084.9,0
2019-09-13 13:10:00,37084.5,37095.3,37080.5,37084.7,0
2019-09-13 13:15:00,37084.3,37107.4,37082.0,37085.6,0
2019-09-13 13:20:00,37085.6,37094.6,37079.1,37083.2,0
2019-09-13 13:25:00,37082.8,37094.3,37075.6,37091.3,0
2019-09-13 13:30:00,37091.8,37136.7,37078.0,37136.7,0
2019-09-13 13:35:00,37140.3,37147.9,37119.1,37138.3,0
2019-09-13 13:40:00,37137.6,37207.4,37136.8,37192.6,0
2019-09-13 13:45:00,37188.9,37210.1,37178.7,37189.6,0
2019-09-13 13:50:00,37189.7,37212.3,37180.8,37187.7,0
2019-09-13 13:55:00,37190.9,37193.8,37164.3,37188.9,0
2019-09-13 14:00:00,37187.9,37192.8,37166.4,37172.0,0
2019-09-13 14:05:00,37172.5,37264.2,37171.9,37256.2,0
2019-09-13 14:10:00,37253.1,37254.8,37224.6,37225.7,0
2019-09-13 14:15:00,37226.9,37267.3,37226.9,37264.0,0
2019-09-13 14:20:00,37261.3,37291.3,37260.6,37275.5,0
2019-09-13 14:25:00,37272.6,37272.9,37236.4,37252.5,0
2019-09-13 14:30:00,37253.9,37253.9,37222.7,37222.7,0
2019-09-13 14:35:00,37222.6,37257.1,37222.6,37254.1,0
2019-09-13 14:40:00,37254.6,37275.9,37254.6,37269.0,0
2019-09-13 14:45:00,37270.1,37300.9,37269.4,37282.0,0
2019-09-13 14:50:00,37281.6,37287.8,37271.1,37282.4,0
2019-09-13 14:55:00,37282.8,37312.5,37262.2,37308.4,0
2019-09-13 15:00:00,37314.3,37366.5,37314.3,37366.5,0
2019-09-13 15:05:00,37367.5,37409.0,37367.5,37399.8,0
2019-09-13 15:10:00,37399.7,37407.2,37371.6,37386.9,0
2019-09-13 15:15:00,37387.0,37407.0,37382.5,37391.3,0
2019-09-13 15:20:00,37389.8,37412.6,37379.6,37408.6,0
2019-09-13 15:25:00,37405.2,37413.5,37398.0,37402.7,0
2019-09-16 09:15:00,37204.6,37242.1,37121.6,37177.4,0
2019-09-16 09:20:00,37180.1,37189.3,37113.4,37175.0,0
2019-09-16 09:25:00,37176.8,37207.7,37167.8,37184.8,0
2019-09-16 09:30:00,37181.8,37195.7,37135.0,37135.0,0
2019-09-16 09:35:00,37132.8,37145.8,37111.3,37116.4,0
2019-09-16 09:40:00,37118.2,37166.5,37118.2,37166.5,0
2019-09-16 09:45:00,37166.2,37195.7,37150.5,37194.8,0
2019-09-16 09:50:00,37191.8,37209.0,37178.6,37186.4,0
2019-09-16 09:55:00,37184.2,37208.8,37173.4,37188.4,0
2019-09-16 10:00:00,37187.1,37187.1,37161.6,37172.4,0
2019-09-16 10:05:00,37172.2,37242.1,37111.3,37201.9,0
2019-09-16 10:10:00,37204.3,37243.8,37194.9,37241.6,0
2019-09-16 10:15:00,37242.1,37252.2,37218.0,37250.9,0
2019-09-16 10:20:00,37252.1,37252.1,37220.9,37237.3,0
2019-09-16 10:25:00,37236.6,37236.6,37194.3,37209.8,0
2019-09-16 10:30:00,37215.1,37215.1,37160.5,37164.5,0
2019-09-16 10:35:00,37164.2,37182.7,37136.9,37158.0,0
2019-09-16 10:40:00,37158.4,37181.0,37155.2,37172.5,0
2019-09-16 10:45:00,37172.9,37197.4,37162.8,37194.7,0
2019-09-16 10:50:00,37192.3,37201.6,37183.3,37196.0,0
2019-09-16 10:55:00,37195.0,37229.0,37188.8,37229.0,0
2019-09-16 11:00:00,37229.8,37290.6,37229.8,37290.6,0
2019-09-16 11:05:00,37295.1,37302.1,37272.6,37287.7,0
2019-09-16 11:10:00,37286.3,37288.2,37262.1,37264.8,0
2019-09-16 11:15:00,37266.0,37273.7,37241.3,37273.7,0
2019-09-16 11:20:00,37275.7,37302.1,37111.3,37268.1,0
2019-09-16 11:25:00,37267.2,37271.3,37235.0,37237.0,0
2019-09-16 11:30:00,37236.4,37255.8,37233.9,37253.1,0
2019-09-16 11:35:00,37251.7,37275.0,37248.6,37267.9,0
2019-09-16 11:40:00,37268.0,37277.6,37250.6,37250.6,0
2019-09-16 11:45:00,37247.2,37247.2,37217.6,37224.9,0
2019-09-16 11:50:00,37224.4,37226.3,37201.9,37221.0,0
2019-09-16 11:55:00,37221.6,37234.3,37188.2,37202.7,0
2019-09-16 12:00:00,37204.4,37220.9,37202.1,37206.7,0
2019-09-16 12:05:00,37203.9,37223.2,37201.6,37213.7,0
2019-09-16 12:10:00,37212.6,37223.0,37208.5,37211.9,0
2019-09-16 12:15:00,37210.7,37225.1,37205.9,37207.2,0
2019-09-16 12:20:00,37208.2,37208.2,37149.9,37155.9,0
2019-09-16 12:25:00,37154.9,37167.1,37136.7,37145.6,0
2019-09-16 12:30:00,37144.4,37144.4,37106.4,37140.1,0
2019-09-16 12:35:00,37139.2,37170.6,37138.6,37155.4,0
2019-09-16 12:40:00,37155.8,37185.8,37148.2,37174.7,0
2019-09-16 12:45:00,37174.5,37174.6,37152.1,37152.1,0
2019-09-16 12:50:00,37149.1,37149.1,37120.5,37121.8,0
2019-09-16 12:55:00,37120.0,37122.8,37043.1,37071.0,0
2019-09-16 13:00:00,37069.4,37089.9,37051.5,37089.9,0
2019-09-16 13:05:00,37090.6,37302.1,37043.1,37075.6,0
2019-09-16 13:10:00,37075.7,37083.0,37065.5,37080.6,0
2019-09-16 13:15:00,37079.9,37080.3,37028.9,37046.7,0
2019-09-16 13:20:00,37037.0,37061.6,37034.3,37034.5,0
2019-09-16 13:25:00,37033.5,37066.6,37030.5,37061.4,0
2019-09-16 13:30:00,37060.6,37119.1,37060.3,37116.8,0
2019-09-16 13:35:00,37114.9,37123.9,37110.7,37111.1,0
2019-09-16 13:40:00,37111.6,37140.7,37108.6,37131.6,0
2019-09-16 13:45:00,37131.1,37133.9,37103.0,37105.6,0
2019-09-16 13:50:00,37103.1,37135.9,37094.9,37135.2,0
2019-09-16 13:55:00,37135.1,37163.1,37127.1,37163.1,0
2019-09-16 14:00:00,37163.1,37170.9,37141.7,37150.1,0
2019-09-16 14:05:00,37149.7,37156.7,37132.2,37134.2,0
2019-09-16 14:10:00,37134.2,37135.5,37080.6,37097.8,0
2019-09-16 14:15:00,37097.3,37126.0,37090.8,37119.0,0
2019-09-16 14:20:00,37114.9,37117.2,37104.7,37104.9,0
2019-09-16 14:25:00,37105.1,37148.2,37098.5,37148.2,0
2019-09-16 14:30:00,37148.6,37182.1,37147.3,37150.8,0
2019-09-16 14:35:00,37150.6,37150.6,37106.4,37118.2,0
2019-09-16 14:40:00,37118.4,37125.2,37099.4,37109.6,0
2019-09-16 14:45:00,37109.8,37127.2,37056.5,37069.9,0
2019-09-16 14:50:00,37070.5,37088.5,37062.4,37062.4,0
2019-09-16 14:55:00,37060.8,37119.1,37060.8,37106.7,0
2019-09-16 15:00:00,37104.8,37172.4,37104.8,37151.1,0
2019-09-16 15:05:00,37149.1,37156.3,37136.1,37151.0,0
2019-09-16 15:10:00,37149.7,37150.3,37129.1,37138.5,0
2019-09-16 15:15:00,37139.9,37141.3,37107.1,37115.7,0
2019-09-16 15:20:00,37117.8,37134.7,37107.4,37134.6,0
2019-09-16 15:25:00,37134.7,37134.9,37104.3,37110.1,0
2019-09-17 09:15:00,37169.5,37169.6,37001.3,37042.9,0
2019-09-17 09:20:00,37042.1,37042.1,37008.7,37019.2,0
2019-09-17 09:25:00,37016.6,37058.4,37010.5,37049.1,0
2019-09-17 09:30:00,37053.3,37094.0,37050.7,37066.9,0
2019-09-17 09:35:00,37067.1,37069.9,37042.9,37042.9,0
2019-09-17 09:40:00,37041.9,37051.9,37010.7,37011.8,0
2019-09-17 09:45:00,37011.5,37011.5,36970.4,36996.9,0
2019-09-17 09:50:00,36997.3,37007.5,36971.7,36973.1,0
2019-09-17 09:55:00,36971.4,36977.6,36947.4,36950.8,0
2019-09-17 10:00:00,36947.2,36980.2,36931.0,36979.7,0
2019-09-17 10:05:00,36980.1,36989.5,36971.1,36978.5,0
2019-09-17 10:10:00,36978.1,36980.7,36906.2,36910.9,0
2019-09-17 10:15:00,36916.1,36916.1,36883.0,36908.7,0
2019-09-17 10:20:00,36910.6,36934.8,36900.4,36928.7,0
2019-09-17 10:25:00,36929.2,36946.3,36918.7,36936.9,0
2019-09-17 10:30:00,36937.3,36937.3,36913.0,36915.1,0
2019-09-17 10:35:00,36916.4,36917.0,36883.6,36884.4,0
2019-09-17 10:40:00,36881.2,36885.5,36853.0,36864.3,0
2019-09-17 10:45:00,36864.1,36864.1,36830.3,36855.9,0
2019-09-17 10:50:00,36855.6,36869.9,36843.8,36843.8,0
2019-09-17 10:55:00,36846.9,36856.9,36838.9,36851.4,0
2019-09-17 11:00:00,36851.0,36890.3,36846.4,36889.1,0
2019-09-17 11:05:00,36889.4,36899.7,36885.6,36889.7,0
2019-09-17 11:10:00,36887.8,36899.0,36884.1,36889.6,0
2019-09-17 11:15:00,36888.9,36895.4,36860.2,36866.2,0
2019-09-17 11:20:00,36866.2,36874.9,36858.0,36867.2,0
2019-09-17 11:25:00,36867.3,36887.4,36857.4,36887.4,0
2019-09-17 11:30:00,36888.0,36893.0,36879.5,36883.4,0
2019-09-17 11:35:00,36884.6,36892.1,36871.9,36871.9,0
2019-09-17 11:40:00,36871.6,36876.5,36865.9,36871.0,0
2019-09-17 11:45:00,36872.1,36881.4,36863.9,36868.9,0
2019-09-17 11:50:00,36869.1,36870.5,36829.4,36829.8,0
2019-09-17 11:55:00,36828.1,36829.1,36816.3,36826.1,0
2019-09-17 12:00:00,36824.7,36839.4,36823.1,36823.1,0
2019-09-17 12:05:00,36823.0,36831.1,36811.6,36815.8,0
2019-09-17 12:10:00,36814.7,36814.7,36791.6,36799.3,0
2019-09-17 12:15:00,36797.8,36800.3,36772.8,36799.4,0
2019-09-17 12:20:00,36797.8,36810.2,36796.1,36808.3,0
2019-09-17 12:25:00,36807.2,36828.1,36807.2,36821.3,0
2019-09-17 12:30:00,36821.2,36822.9,36796.2,36796.4,0
2019-09-17 12:35:00,36797.1,36822.1,36797.1,36815.7,0
2019-09-17 12:40:00,36815.8,36825.9,36803.8,36803.8,0
2019-09-17 12:45:00,36803.3,36806.4,36779.5,36801.5,0
2019-09-17 12:50:00,36801.2,36831.8,36799.6,36821.3,0
2019-09-17 12:55:00,36820.7,36822.6,36805.5,36807.9,0
2019-09-17 13:00:00,36808.4,36808.4,36768.6,36768.8,0
2019-09-17 13:05:00,36770.6,36776.5,36735.5,36746.0,0
2019-09-17 13:10:00,36747.7,36747.7,36716.0,36718.6,0
2019-09-17 13:15:00,36717.7,36726.2,36695.7,36719.1,0
2019-09-17 13:20:00,36718.8,36726.5,36663.0,36669.1,0
2019-09-17 13:25:00,36667.9,36671.4,36600.6,36618.4,0
2019-09-17 13:30:00,36618.2,36666.3,36616.4,36636.3,0
2019-09-17 13:35:00,36637.9,36645.6,36615.8,36625.2,0
2019-09-17 13:40:00,36628.8,36678.8,36626.6,36662.4,0
2019-09-17 13:45:00,36662.4,36664.0,36632.8,36633.7,0
2019-09-17 13:50:00,36633.9,36640.4,36568.7,36584.1,0
2019-09-17 13:55:00,36583.8,36585.8,36553.2,36577.8,0
2019-09-17 14:00:00,36577.5,36608.5,36564.2,36604.5,0
2019-09-17 14:05:00,36605.6,36606.6,36506.5,36507.3,0
2019-09-17 14:10:00,36508.3,36529.7,36451.2,36457.3,0
2019-09-17 14:15:00,36460.7,36472.4,36425.1,36455.3,0
2019-09-17 14:20:00,36453.5,36507.4,36452.7,36501.3,0
2019-09-17 14:25:00,36499.5,36526.0,36495.4,36496.5,0
2019-09-17 14:30:00,36495.0,36540.5,36495.0,36540.5,0
2019-09-17 14:35:00,36543.6,36558.7,36536.4,36545.5,0
2019-09-17 14:40:00,36546.1,36550.6,36489.1,36493.9,0
2019-09-17 14:45:00,36494.6,36507.5,36474.3,36499.6,0
2019-09-17 14:50:00,36499.0,36552.3,36496.5,36533.6,0
2019-09-17 14:55:00,36532.0,36538.4,36509.5,36534.7,0
2019-09-17 15:00:00,36533.1,36546.2,36520.3,36533.0,0
2019-09-17 15:05:00,36532.2,36536.4,36480.7,36480.7,0
2019-09-17 15:10:00,36479.0,36482.1,36419.1,36450.6,0
2019-09-17 15:15:00,36457.4,36492.7,36440.5,36483.4,0
2019-09-17 15:20:00,36486.0,36507.2,36475.7,36503.1,0
2019-09-17 15:25:00,36508.4,36531.6,36500.1,36522.5,0
2019-09-18 09:15:00,36621.4,36706.6,36620.4,36661.3,0
2019-09-18 09:20:00,36663.9,36713.0,36663.9,36695.0,0
2019-09-18 09:25:00,36694.4,36694.4,36633.6,36637.1,0
2019-09-18 09:30:00,36637.6,36637.7,36605.2,36624.5,0
2019-09-18 09:35:00,36624.3,36683.9,36620.4,36654.3,0
2019-09-18 09:40:00,36652.7,36652.7,36581.0,36582.3,0
2019-09-18 09:45:00,36582.4,36583.6,36537.4,36554.7,0
2019-09-18 09:50:00,36556.5,36614.2,36553.6,36571.9,0
2019-09-18 09:55:00,36572.6,36588.8,36529.2,36531.2,0
2019-09-18 10:00:00,36532.0,36542.7,36495.5,36528.5,0
2019-09-18 10:05:00,36527.4,36530.4,36478.6,36481.4,0
2019-09-18 10:10:00,36481.7,36519.1,36465.9,36502.4,0
2019-09-18 10:15:00,36502.2,36527.5,36495.9,36525.8,0
2019-09-18 10:20:00,36526.8,36713.0,36465.9,36584.1,0
2019-09-18 10:25:00,36583.7,36602.8,36557.8,36567.3,0
2019-09-18 10:30:00,36569.4,36577.8,36531.2,36537.6,0
2019-09-18 10:35:00,36537.2,36564.5,36531.1,36560.1,0
2019-09-18 10:40:00,36558.9,36570.5,36546.7,36549.9,0
2019-09-18 10:45:00,36549.9,36572.7,36547.9,36570.8,0
2019-09-18 10:50:00,36570.9,36575.0,36539.4,36540.4,0
2019-09-18 10:55:00,36517.8,36713.0,36465.9,36512.6,0
2019-09-18 11:00:00,36511.1,36532.5,36484.3,36493.1,0
2019-09-18 11:05:00,36490.6,36531.2,36490.2,36512.3,0
2019-09-18 11:10:00,36512.5,36526.6,36512.0,36518.2,0
2019-09-18 11:15:00,36519.3,36532.5,36506.3,36531.0,0
2019-09-18 11:20:00,36533.6,36568.8,36533.4,36562.4,0
2019-09-18 11:25:00,36563.2,36576.0,36546.8,36554.6,0
2019-09-18 11:30:00,36554.4,36559.7,36541.1,36543.1,0
2019-09-18 11:35:00,36543.4,36571.6,36543.2,36570.0,0
2019-09-18 11:40:00,36572.1,36713.0,36465.9,36569.7,0
2019-09-18 11:45:00,36571.4,36572.7,36527.2,36534.6,0
2019-09-18 11:50:00,36533.3,36533.6,36507.4,36510.9,0
2019-09-18 11:55:00,36510.7,36555.5,36510.6,36554.4,0
2019-09-18 12:00:00,36554.1,36554.5,36529.3,36537.6,0
2019-09-18 12:05:00,36537.4,36537.4,36509.2,36521.9,0
2019-09-18 12:10:00,36522.0,36535.1,36518.1,36518.1,0
2019-09-18 12:15:00,36518.2,36626.2,36499.8,36613.6,0
2019-09-18 12:20:00,36612.9,36644.1,36605.9,36627.6,0
2019-09-18 12:25:00,36627.4,36628.0,36601.8,36622.3,0
2019-09-18 12:30:00,36622.5,36636.6,36615.0,36635.1,0
2019-09-18 12:35:00,36631.5,36631.8,36582.6,36591.4,0
2019-09-18 12:40:00,36592.2,36601.1,36591.7,36596.1,0
2019-09-18 12:45:00,36594.1,36621.7,36593.6,36616.5,0
2019-09-18 12:50:00,36615.3,36631.4,36611.0,36621.7,0
2019-09-18 12:55:00,36622.4,36637.2,36611.1,36633.1,0
2019-09-18 13:00:00,36632.2,36642.0,36617.2,36617.4,0
2019-09-18 13:05:00,36618.1,36638.2,36610.6,36635.2,0
2019-09-18 13:10:00,36634.9,36654.2,36626.2,36654.2,0
2019-09-18 13:15:00,36655.4,36680.9,36655.4,36680.9,0
2019-09-18 13:20:00,36681.4,36681.9,36650.8,36654.9,0
2019-09-18 13:25:00,36654.9,36663.0,36600.6,36608.9,0
2019-09-18 13:30:00,36608.9,36628.3,36608.8,36612.7,0
2019-09-18 13:35:00,36612.7,36613.9,36515.4,36541.2,0
2019-09-18 13:40:00,36541.1,36557.8,36537.9,36555.1,0
2019-09-18 13:45:00,36567.9,36568.0,36531.0,36532.2,0
2019-09-18 13:50:00,36532.3,36601.8,36530.6,36590.6,0
2019-09-18 13:55:00,36590.2,36591.7,36562.2,36569.3,0
2019-09-18 14:00:00,36569.1,36589.1,36563.4,36576.1,0
2019-09-18 14:05:00,36577.0,36577.2,36549.5,36555.0,0
2019-09-18 14:10:00,36555.0,36606.7,36554.7,36606.7,0
2019-09-18 14:15:00,36606.4,36632.4,36590.5,36630.7,0
2019-09-18 14:20:00,36637.9,36642.2,36602.4,36616.0,0
2019-09-18 14:25:00,36616.7,36635.3,36599.6,36635.3,0
2019-09-18 14:30:00,36636.1,36659.7,36627.6,36633.1,0
2019-09-18 14:35:00,36629.7,36647.4,36611.6,36640.9,0
2019-09-18 14:40:00,36640.5,36668.5,36629.1,36631.1,0
2019-09-18 14:45:00,36632.3,36635.2,36594.1,36601.3,0
2019-09-18 14:50:00,36600.6,36622.6,36595.6,36622.0,0
2019-09-18 14:55:00,36622.2,36629.0,36595.2,36597.1,0
2019-09-18 15:00:00,36598.1,36645.7,36598.1,36628.9,0
2019-09-18 15:05:00,36625.5,36625.5,36538.9,36554.5,0
2019-09-18 15:10:00,36558.6,36565.4,36507.8,36553.2,0
2019-09-18 15:15:00,36547.1,36549.7,36506.6,36544.1,0
2019-09-18 15:20:00,36546.4,36567.0,36531.5,36559.8,0
2019-09-18 15:25:00,36559.9,36599.9,36559.5,36598.2,0
2019-09-19 09:15:00,36613.9,36613.9,36436.9,36450.2,0
2019-09-19 09:20:00,36446.6,36446.6,36362.9,36367.2,0
2019-09-19 09:25:00,36368.8,36409.5,36361.4,36362.4,0
2019-09-19 09:30:00,36362.6,36380.1,36334.4,36341.3,0
2019-09-19 09:35:00,36340.9,36387.9,36318.0,36361.1,0
2019-09-19 09:40:00,36364.7,36391.1,36353.4,36382.3,0
2019-09-19 09:45:00,36381.2,36388.7,36355.9,36355.9,0
2019-09-19 09:50:00,36356.4,36365.5,36319.9,36319.9,0
2019-09-19 09:55:00,36319.5,36324.3,36302.2,36317.0,0
2019-09-19 10:00:00,36319.9,36342.5,36318.0,36340.3,0
2019-09-19 10:05:00,36339.2,36348.4,36287.8,36290.6,0
2019-09-19 10:10:00,36290.6,36301.8,36277.0,36294.3,0
2019-09-19 10:15:00,36294.9,36315.2,36275.5,36280.2,0
2019-09-19 10:20:00,36283.0,36287.6,36269.4,36274.6,0
2019-09-19 10:25:00,36274.6,36292.1,36266.0,36288.9,0
2019-09-19 10:30:00,36289.5,36299.7,36283.8,36290.4,0
2019-09-19 10:35:00,36291.2,36291.2,36237.5,36237.5,0
2019-09-19 10:40:00,36236.6,36254.4,36215.5,36218.4,0
2019-09-19 10:45:00,36214.3,36256.3,36205.4,36254.9,0
2019-09-19 10:50:00,36255.9,36278.6,36245.3,36247.6,0
2019-09-19 10:55:00,36246.3,36259.9,36229.9,36247.3,0
2019-09-19 11:00:00,36247.3,36252.6,36234.2,36238.0,0
2019-09-19 11:05:00,36238.4,36256.9,36232.3,36237.4,0
2019-09-19 11:10:00,36237.1,36264.4,36224.7,36264.4,0
2019-09-19 11:15:00,36265.2,36285.8,36264.9,36275.5,0
2019-09-19 11:20:00,36276.7,36302.5,36276.7,36296.6,0
2019-09-19 11:25:00,36297.4,36297.4,36258.8,36268.8,0
2019-09-19 11:30:00,36269.5,36278.7,36258.8,36276.5,0
2019-09-19 11:35:00,36276.3,36309.4,36273.3,36303.5,0
2019-09-19 11:40:00,36303.2,36305.7,36285.2,36286.1,0
2019-09-19 11:45:00,36285.6,36285.6,36257.4,36262.5,0
2019-09-19 11:50:00,36263.5,36270.4,36251.0,36267.9,0
2019-09-19 11:55:00,36267.9,36284.9,36267.1,36283.9,0
2019-09-19 12:00:00,36283.1,36291.0,36266.2,36269.6,0
2019-09-19 12:05:00,36268.9,36274.4,36230.2,36234.1,0
2019-09-19 12:10:00,36233.4,36235.8,36201.2,36206.2,0
2019-09-19 12:15:00,36206.2,36228.4,36200.3,36224.9,0
2019-09-19 12:20:00,36223.2,36239.9,36222.2,36226.8,0
2019-09-19 12:25:00,36226.2,36235.8,36217.3,36217.3,0
2019-09-19 12:30:00,36217.0,36218.1,36147.6,36173.0,0
2019-09-19 12:35:00,36171.6,36172.8,36140.1,36150.0,0
2019-09-19 12:40:00,36149.6,36150.1,36132.0,36147.8,0
2019-09-19 12:45:00,36145.0,36166.1,36140.4,36155.8,0
2019-09-19 12:50:00,36152.7,36185.8,36149.6,36176.1,0
2019-09-19 12:55:00,36176.5,36184.4,36162.8,36175.9,0
2019-09-19 13:00:00,36177.4,36189.6,36162.2,36164.5,0
2019-09-19 13:05:00,36164.0,36164.0,36121.4,36130.9,0
2019-09-19 13:10:00,36131.9,36142.6,36115.6,36119.8,0
2019-09-19 13:15:00,36117.8,36136.3,36113.3,36135.6,0
2019-09-19 13:20:00,36138.1,36167.6,36135.9,36147.9,0
2019-09-19 13:25:00,36148.7,36190.5,36143.5,36178.3,0
2019-09-19 13:30:00,36176.8,36179.7,36143.2,36156.9,0
2019-09-19 13:35:00,36157.2,36170.5,36135.1,36145.3,0
2019-09-19 13:40:00,36145.0,36165.9,36132.9,36141.3,0
2019-09-19 13:45:00,36144.2,36158.2,36123.8,36149.9,0
2019-09-19 13:50:00,36146.5,36173.3,36127.1,36134.7,0
2019-09-19 13:55:00,36134.2,36157.9,36064.8,36074.8,0
2019-09-19 14:00:00,36072.7,36092.1,36067.0,36084.5,0
2019-09-19 14:05:00,36083.8,36124.4,36083.4,36123.4,0
2019-09-19 14:10:00,36122.6,36123.8,36095.5,36118.1,0
2019-09-19 14:15:00,36116.9,36147.4,36114.2,36120.9,0
2019-09-19 14:20:00,36123.8,36135.3,36097.6,36106.6,0
2019-09-19 14:25:00,36106.0,36136.4,36102.5,36127.1,0
2019-09-19 14:30:00,36125.3,36131.8,36067.8,36078.3,0
2019-09-19 14:35:00,36080.3,36102.3,36071.6,36078.3,0
2019-09-19 14:40:00,36078.1,36084.2,36022.6,36044.2,0
2019-09-19 14:45:00,36044.6,36045.5,35987.8,36025.2,0
2019-09-19 14:50:00,36020.0,36027.5,36011.6,36020.7,0
2019-09-19 14:55:00,36022.5,36079.7,36022.1,36056.2,0
2019-09-19 15:00:00,36054.8,36097.7,36054.8,36093.6,0
2019-09-19 15:05:00,36093.7,36107.7,36083.4,36095.1,0
2019-09-19 15:10:00,36095.2,36129.8,36077.8,36115.2,0
2019-09-19 15:15:00,36110.1,36125.6,36090.1,36119.2,0
2019-09-19 15:20:00,36119.5,36135.6,36083.6,36090.6,0
2019-09-19 15:25:00,36087.9,36099.8,36064.2,36073.4,0
2019-09-20 09:15:00,36214.9,36246.0,36110.5,36150.8,0
2019-09-20 09:20:00,36143.5,36163.0,36092.9,36163.0,0
2019-09-20 09:25:00,36155.8,36208.9,36141.9,36207.0,0
2019-09-20 09:30:00,36205.5,36250.4,36181.3,36197.9,0
2019-09-20 09:35:00,36194.9,36206.0,36167.4,36180.5,0
2019-09-20 09:40:00,36176.9,36216.0,36166.6,36174.7,0
2019-09-20 09:45:00,36173.6,36173.6,36123.5,36138.4,0
2019-09-20 09:50:00,36138.8,36175.4,36138.8,36171.3,0
2019-09-20 09:55:00,36171.1,36178.0,36131.4,36147.6,0
2019-09-20 10:00:00,36149.4,36158.1,36098.9,36114.3,0
2019-09-20 10:05:00,36117.2,36126.4,36085.7,36122.3,0
2019-09-20 10:10:00,36122.4,36164.2,36108.1,36159.5,0
2019-09-20 10:15:00,36155.2,36201.1,36151.0,36179.4,0
2019-09-20 10:20:00,36179.1,36189.6,36150.9,36170.1,0
2019-09-20 10:25:00,36169.1,36183.9,36138.2,36155.6,0
2019-09-20 10:30:00,36155.6,36160.5,36140.1,36151.0,0
2019-09-20 10:35:00,36151.6,36192.0,36151.6,36185.0,0
2019-09-20 10:40:00,36185.3,36244.5,36185.3,36237.0,0
2019-09-20 10:45:00,36238.4,36746.7,36238.4,36698.6,0
2019-09-20 10:50:00,36701.3,36912.1,36668.4,36888.9,0
2019-09-20 10:55:00,36895.2,37042.6,36829.7,36831.6,0
2019-09-20 11:00:00,36814.8,36979.6,36814.1,36908.2,0
2019-09-20 11:05:00,36912.2,37097.6,36912.2,37093.3,0
2019-09-20 11:10:00,37096.3,37404.8,37096.3,37311.6,0
2019-09-20 11:15:00,37340.8,37421.7,37270.7,37321.4,0
2019-09-20 11:20:00,37326.7,37390.7,37302.4,37383.7,0
2019-09-20 11:25:00,37379.2,37685.1,37364.8,37670.5,0
2019-09-20 11:30:00,37686.5,37773.6,37574.7,37639.2,0
2019-09-20 11:35:00,37650.1,37666.2,37490.1,37550.5,0
2019-09-20 11:40:00,37555.3,37654.4,37550.0,37653.9,0
2019-09-20 11:45:00,37654.0,37813.2,37651.1,37791.8,0
2019-09-20 11:50:00,37807.5,37990.5,37790.8,37935.1,0
2019-09-20 11:55:00,37937.0,37944.2,37847.9,37879.1,0
2019-09-20 12:00:00,37880.9,37941.1,37865.3,37910.1,0
2019-09-20 12:05:00,37909.4,38002.8,37904.1,37971.1,0
2019-09-20 12:10:00,37982.8,38044.5,37958.3,38013.8,0
2019-09-20 12:15:00,38018.6,38048.9,37987.4,38034.6,0
2019-09-20 12:20:00,38029.5,38034.9,37921.5,37932.6,0
2019-09-20 12:25:00,37931.6,37943.9,37752.0,37899.6,0
2019-09-20 12:30:00,37892.1,37892.1,37799.8,37799.8,0
2019-09-20 12:35:00,37799.5,37850.6,37781.2,37841.8,0
2019-09-20 12:40:00,37845.2,37912.4,37837.1,37890.5,0
2019-09-20 12:45:00,37892.4,37896.9,37835.2,37842.8,0
2019-09-20 12:50:00,37839.9,37901.3,37808.2,37888.4,0
2019-09-20 12:55:00,37895.1,37922.9,37883.1,37903.8,0
2019-09-20 13:00:00,37900.6,38048.9,36085.7,37936.4,0
2019-09-20 13:05:00,37936.3,37961.6,37913.7,37960.6,0
2019-09-20 13:10:00,37963.7,37966.0,37915.6,37922.6,0
2019-09-20 13:15:00,37923.8,37995.4,37922.9,37995.4,0
2019-09-20 13:20:00,37997.2,38017.6,37895.9,37923.3,0
2019-09-20 13:25:00,37916.9,37974.4,37904.3,37972.3,0
2019-09-20 13:30:00,37971.8,38054.0,37971.8,38037.8,0
2019-09-20 13:35:00,38036.5,38039.8,38015.2,38034.1,0
2019-09-20 13:40:00,38032.5,38101.9,38010.7,38093.1,0
2019-09-20 13:45:00,38089.5,38130.9,38069.4,38109.5,0
2019-09-20 13:50:00,38113.8,38155.8,38083.4,38084.7,0
2019-09-20 13:55:00,38080.7,38142.3,38074.1,38102.5,0
2019-09-20 14:00:00,38102.9,38151.1,38088.2,38146.6,0
2019-09-20 14:05:00,38145.4,38220.9,38145.4,38179.8,0
2019-09-20 14:10:00,38178.8,38248.9,38173.0,38240.2,0
2019-09-20 14:15:00,38241.4,38303.2,38228.5,38298.9,0
2019-09-20 14:20:00,38300.2,38378.0,38293.4,38343.6,0
2019-09-20 14:25:00,38341.3,38341.3,38125.2,38139.0,0
2019-09-20 14:30:00,38150.6,38203.7,38101.1,38149.1,0
2019-09-20 14:35:00,38142.0,38176.6,38110.3,38110.3,0
2019-09-20 14:40:00,38104.9,38179.9,38028.8,38111.4,0
2019-09-20 14:45:00,38111.8,38113.1,37957.9,37964.4,0
2019-09-20 14:50:00,37969.9,38378.0,36085.7,38004.2,0
2019-09-20 14:55:00,38005.3,38099.8,38003.4,38025.9,0
2019-09-20 15:00:00,38030.5,38048.9,37990.9,38016.6,0
2019-09-20 15:05:00,38020.9,38037.1,37987.6,38019.8,0
2019-09-20 15:10:00,38016.3,38061.5,38001.0,38017.5,0
2019-09-20 15:15:00,38014.9,38030.5,37953.6,37959.0,0
2019-09-20 15:20:00,37959.8,37996.5,37951.4,37994.1,0
2019-09-20 15:25:00,37989.1,38028.2,37947.3,38006.4,0
2019-09-23 09:15:00,38844.0,39346.0,38844.0,39084.4,0
2019-09-23 09:20:00,39086.2,39105.2,38887.8,38962.0,0
2019-09-23 09:25:00,38964.1,39029.5,38925.5,38978.9,0
2019-09-23 09:30:00,38985.9,38993.5,38676.8,38729.2,0
2019-09-23 09:35:00,38732.7,38869.4,38690.9,38752.6,0
2019-09-23 09:40:00,38761.6,38876.8,38756.4,38876.0,0
2019-09-23 09:45:00,38882.0,38905.7,38796.4,38796.4,0
2019-09-23 09:50:00,38792.3,38807.0,38674.0,38690.9,0
2019-09-23 09:55:00,38701.3,38760.8,38675.5,38754.8,0
2019-09-23 10:00:00,38752.3,38819.9,38731.3,38785.7,0
2019-09-23 10:05:00,38789.4,38828.9,38780.6,38805.0,0
2019-09-23 10:10:00,38802.9,38829.0,38775.6,38805.2,0
2019-09-23 10:15:00,38803.9,38834.2,38752.1,38761.2,0
2019-09-23 10:20:00,38769.6,38782.6,38735.4,38765.5,0
2019-09-23 10:25:00,38759.2,38784.2,38743.7,38777.1,0
2019-09-23 10:30:00,38779.5,38827.0,38746.9,38820.5,0
2019-09-23 10:35:00,38816.4,38816.4,38781.1,38811.0,0
2019-09-23 10:40:00,38805.4,38879.1,38794.8,38876.7,0
2019-09-23 10:45:00,38875.4,39346.0,38674.0,38967.6,0
2019-09-23 10:50:00,38963.2,39060.9,38963.2,39046.0,0
2019-09-23 10:55:00,39042.9,39055.7,38967.1,39050.0,0
2019-09-23 11:00:00,39052.6,39074.8,39031.1,39041.7,0
2019-09-23 11:05:00,39049.9,39076.0,38983.7,39046.2,0
2019-09-23 11:10:00,39044.9,39107.2,39041.6,39105.7,0
2019-09-23 11:15:00,39107.3,39152.5,39078.7,39143.2,0
2019-09-23 11:20:00,39143.1,39184.7,39129.1,39182.8,0
2019-09-23 11:25:00,39184.4,39264.9,39184.4,39225.2,0
2019-09-23 11:30:00,39226.1,39286.6,39202.4,39234.3,0
2019-09-23 11:35:00,39232.9,39261.1,39223.7,39236.0,0
2019-09-23 11:40:00,39236.3,39253.6,39209.2,39237.2,0
2019-09-23 11:45:00,39232.6,39238.3,39126.6,39196.9,0
2019-09-23 11:50:00,39191.7,39280.2,39191.7,39280.2,0
2019-09-23 11:55:00,39278.1,39282.6,39241.7,39270.1,0
2019-09-23 12:00:00,39270.1,39317.1,39270.1,39295.1,0
2019-09-23 12:05:00,39293.1,39315.3,39274.7,39311.0,0
2019-09-23 12:10:00,39305.8,39324.9,39225.4,39229.3,0
2019-09-23 12:15:00,39225.1,39297.2,39225.1,39289.7,0
2019-09-23 12:20:00,39288.0,39307.3,39239.8,39297.1,0
2019-09-23 12:25:00,39296.4,39300.1,39267.3,39283.9,0
2019-09-23 12:30:00,39282.0,39290.2,39262.0,39286.1,0
2019-09-23 12:35:00,39281.0,39333.8,39254.6,39333.3,0
2019-09-23 12:40:00,39336.5,39441.1,39328.9,39415.7,0
2019-09-23 12:45:00,39416.5,39437.9,39397.2,39410.9,0
2019-09-23 12:50:00,39408.4,39427.8,39355.9,39355.9,0
2019-09-23 12:55:00,39358.9,39370.1,39247.6,39287.1,0
2019-09-23 13:00:00,39283.9,39323.5,39250.0,39315.6,0
2019-09-23 13:05:00,39318.7,39372.4,39318.7,39334.1,0
2019-09-23 13:10:00,39337.1,39338.7,39263.6,39264.5,0
2019-09-23 13:15:00,39263.9,39266.3,39205.4,39261.4,0
2019-09-23 13:20:00,39262.7,39266.1,39171.8,39171.8,0
2019-09-23 13:25:00,39164.0,39175.2,39091.5,39132.8,0
2019-09-23 13:30:00,39129.0,39198.1,39110.9,39122.1,0
2019-09-23 13:35:00,39122.8,39156.7,39102.8,39148.2,0
2019-09-23 13:40:00,39147.8,39260.9,39133.4,39232.4,0
2019-09-23 13:45:00,39229.5,39253.6,39153.2,39193.7,0
2019-09-23 13:50:00,39191.7,39211.8,39153.0,39158.3,0
2019-09-23 13:55:00,39157.1,39221.5,39157.1,39199.8,0
2019-09-23 14:00:00,39198.9,39222.6,39183.1,39192.8,0
2019-09-23 14:05:00,39194.0,39200.4,39155.5,39184.9,0
2019-09-23 14:10:00,39188.1,39199.3,39112.8,39126.7,0
2019-09-23 14:15:00,39123.5,39168.0,39101.5,39168.0,0
2019-09-23 14:20:00,39168.9,39246.9,39168.7,39216.9,0
2019-09-23 14:25:00,39213.9,39217.6,39177.2,39179.7,0
2019-09-23 14:30:00,39178.2,39198.7,39048.9,39128.6,0
2019-09-23 14:35:00,39128.3,39153.7,39095.9,39130.4,0
2019-09-23 14:40:00,39126.7,39130.2,39081.2,39110.4,0
2019-09-23 14:45:00,39126.1,39225.9,39126.1,39183.3,0
2019-09-23 14:50:00,39180.9,39184.2,39132.4,39152.8,0
2019-09-23 14:55:00,39153.5,39209.2,39153.5,39161.3,0
2019-09-23 15:00:00,39162.2,39210.3,39139.7,39160.4,0
2019-09-23 15:05:00,39160.3,39161.9,39085.5,39099.0,0
2019-09-23 15:10:00,39093.3,39131.9,39089.8,39111.9,0
2019-09-23 15:15:00,39111.2,39114.3,39090.5,39104.6,0
2019-09-23 15:20:00,39100.5,39115.9,39081.3,39093.4,0
2019-09-23 15:25:00,39097.3,39135.9,38993.6,39067.9,0
2019-09-24 09:15:00,39135.3,39177.9,39051.2,39149.4,0
2019-09-24 09:20:00,39147.9,39306.4,39144.8,39266.2,0
2019-09-24 09:25:00,39259.1,39268.4,39208.6,39246.1,0
2019-09-24 09:30:00,39243.1,39248.7,39160.1,39168.9,0
2019-09-24 09:35:00,39176.7,39258.7,39176.7,39236.3,0
2019-09-24 09:40:00,39229.8,39230.0,39126.1,39146.6,0
2019-09-24 09:45:00,39149.4,39151.7,39091.9,39096.8,0
2019-09-24 09:50:00,39092.9,39179.3,39011.8,39111.2,0
2019-09-24 09:55:00,39120.2,39150.4,39079.1,39127.0,0
2019-09-24 10:00:00,39125.5,39125.9,39072.4,39118.9,0
2019-09-24 10:05:00,39125.1,39185.5,39091.9,39185.5,0
2019-09-24 10:10:00,39186.3,39244.9,39186.3,39194.5,0
2019-09-24 10:15:00,39189.1,39219.3,39173.8,39211.0,0
2019-09-24 10:20:00,39206.9,39219.3,39166.4,39192.3,0
2019-09-24 10:25:00,39193.9,39194.6,39119.3,39123.6,0
2019-09-24 10:30:00,39125.2,39144.5,39086.4,39091.9,0
2019-09-24 10:35:00,39090.6,39101.0,39051.3,39052.9,0
2019-09-24 10:40:00,39050.8,39076.3,39027.9,39046.1,0
2019-09-24 10:45:00,39045.1,39060.3,38989.4,39044.9,0
2019-09-24 10:50:00,39046.5,39102.3,39022.4,39063.3,0
2019-09-24 10:55:00,39064.7,39086.5,39040.6,39050.3,0
2019-09-24 11:00:00,39051.2,39086.7,39030.5,39079.8,0
2019-09-24 11:05:00,39078.9,39079.8,39038.5,39040.2,0
2019-09-24 11:10:00,39040.3,39051.4,39001.1,39002.9,0
2019-09-24 11:15:00,38998.6,39017.0,38971.2,39000.3,0
2019-09-24 11:20:00,39000.8,39061.0,38996.1,39031.4,0
2019-09-24 11:25:00,39034.4,39049.6,39014.8,39035.1,0
2019-09-24 11:30:00,39035.9,39038.8,38970.1,38984.6,0
2019-09-24 11:35:00,38986.6,39014.1,38971.0,38995.5,0
2019-09-24 11:40:00,38996.5,38996.5,38936.9,38951.1,0
2019-09-24 11:45:00,38954.8,38972.7,38927.3,38928.4,0
2019-09-24 11:50:00,38924.7,38952.5,38915.7,38924.8,0
2019-09-24 11:55:00,38917.9,39010.5,38913.1,39004.6,0
2019-09-24 12:00:00,39006.1,39059.2,38991.5,39016.3,0
2019-09-24 12:05:00,39017.2,39041.2,38993.4,38994.2,0
2019-09-24 12:10:00,39000.5,39007.0,38977.1,39005.9,0
2019-09-24 12:15:00,39006.9,39078.9,38995.9,39073.9,0
2019-09-24 12:20:00,39071.1,39134.1,39069.2,39091.1,0
2019-09-24 12:25:00,39087.9,39087.9,39024.6,39038.8,0
2019-09-24 12:30:00,39041.3,39041.3,39016.9,39031.1,0
2019-09-24 12:35:00,39035.2,39069.0,39013.3,39014.9,0
2019-09-24 12:40:00,39014.1,39018.0,38976.4,39004.8,0
2019-09-24 12:45:00,39006.4,39043.3,39002.3,39023.9,0
2019-09-24 12:50:00,39022.9,39042.1,39011.0,39026.5,0
2019-09-24 12:55:00,39026.3,39026.3,39001.7,39012.1,0
2019-09-24 13:00:00,39007.5,39025.7,38989.2,39014.0,0
2019-09-24 13:05:00,39013.4,39121.1,39013.0,39101.5,0
2019-09-24 13:10:00,39101.8,39102.6,39039.0,39047.4,0
2019-09-24 13:15:00,39047.1,39047.1,38992.3,39007.5,0
2019-09-24 13:20:00,39003.5,39005.7,38930.3,38951.3,0
2019-09-24 13:25:00,38951.2,39005.3,38950.5,38999.0,0
2019-09-24 13:30:00,38996.6,38998.8,38978.81,38984.62,0
2019-09-24 13:35:00,38984.24,39000.24,38961.54,38977.19,0
2019-09-24 13:40:00,38977.82,39062.8,38977.63,39023.7,0
2019-09-24 13:45:00,39024.9,39038.5,39012.4,39014.8,0
2019-09-24 13:50:00,39018.4,39060.5,39018.4,39032.1,0
2019-09-24 13:55:00,39031.9,39039.9,39009.5,39023.8,0
2019-09-24 14:00:00,39016.0,39060.4,39006.9,39036.0,0
2019-09-24 14:05:00,39036.1,39046.6,39019.7,39040.9,0
2019-09-24 14:10:00,39044.8,39049.2,38989.1,38998.9,0
2019-09-24 14:15:00,38998.8,39027.5,38968.5,39001.5,0
2019-09-24 14:20:00,39002.6,39073.6,38989.7,39058.1,0
2019-09-24 14:25:00,39059.4,39175.9,39059.4,39163.8,0
2019-09-24 14:30:00,39163.9,39216.8,39163.2,39194.9,0
2019-09-24 14:35:00,39195.6,39261.6,39194.2,39208.3,0
2019-09-24 14:40:00,39205.0,39239.2,39192.7,39214.6,0
2019-09-24 14:45:00,39215.0,39215.0,39075.0,39092.4,0
2019-09-24 14:50:00,39095.2,39153.6,39091.5,39144.7,0
2019-09-24 14:55:00,39144.4,39145.3,39101.0,39114.2,0
2019-09-24 15:00:00,39120.9,39175.5,39119.2,39129.1,0
2019-09-24 15:05:00,39129.1,39144.4,39100.5,39100.7,0
2019-09-24 15:10:00,39101.2,39101.2,39046.5,39071.3,0
2019-09-24 15:15:00,39067.2,39080.5,39034.1,39069.3,0
2019-09-24 15:20:00,39076.5,39098.1,39075.5,39091.3,0
2019-09-24 15:25:00,39095.2,39119.0,39089.3,39101.9,0
2019-09-25 09:15:00,39087.2,39087.2,38855.7,38876.8,0
2019-09-25 09:20:00,38878.2,38878.2,38792.3,38792.3,0
2019-09-25 09:25:00,38794.4,38840.0,38778.3,38828.1,0
2019-09-25 09:30:00,38823.7,38823.7,38782.9,38817.3,0
2019-09-25 09:35:00,38819.0,38845.1,38765.0,38768.9,0
2019-09-25 09:40:00,38769.6,38785.2,38757.6,38780.1,0
2019-09-25 09:45:00,38781.2,38803.5,38772.8,38788.2,0
2019-09-25 09:50:00,38787.4,38847.5,38787.2,38831.3,0
2019-09-25 09:55:00,38833.2,38849.3,38818.8,38843.8,0
2019-09-25 10:00:00,38843.0,38847.1,38775.0,38776.9,0
2019-09-25 10:05:00,38776.7,38786.5,38749.9,38750.3,0
2019-09-25 10:10:00,38748.9,38805.2,38745.6,38800.8,0
2019-09-25 10:15:00,38799.9,38800.3,38740.9,38742.0,0
2019-09-25 10:20:00,38737.6,38762.9,38705.4,38706.3,0
2019-09-25 10:25:00,38706.5,38714.3,38683.8,38690.2,0
2019-09-25 10:30:00,38691.7,38712.4,38657.3,38667.4,0
2019-09-25 10:35:00,38661.1,38695.2,38652.1,38682.9,0
2019-09-25 10:40:00,38683.2,38712.7,38677.2,38702.3,0
2019-09-25 10:45:00,38699.9,38748.3,38690.2,38745.3,0
2019-09-25 10:50:00,38749.1,38750.1,38720.7,38749.2,0
2019-09-25 10:55:00,38749.6,38771.5,38734.7,38737.1,0
2019-09-25 11:00:00,38736.6,38746.7,38717.5,38723.2,0
2019-09-25 11:05:00,38722.8,38727.0,38700.7,38711.7,0
2019-09-25 11:10:00,38711.7,38729.3,38702.7,38714.9,0
2019-09-25 11:15:00,38714.4,38723.6,38699.4,38712.7,0
2019-09-25 11:20:00,38712.6,38713.4,38676.3,38678.6,0
2019-09-25 11:25:00,38679.1,38702.2,38676.5,38695.9,0
2019-09-25 11:30:00,38695.3,38695.3,38682.7,38692.5,0
2019-09-25 11:35:00,38692.5,38722.9,38674.4,38714.2,0
2019-09-25 11:40:00,38714.6,38716.6,38675.1,38685.2,0
2019-09-25 11:45:00,38684.4,38709.1,38680.6,38694.7,0
2019-09-25 11:50:00,38695.2,38725.4,38669.6,38724.7,0
2019-09-25 11:55:00,38726.0,38751.7,38724.5,38748.4,0
2019-09-25 12:00:00,38750.7,38766.3,38726.5,38735.6,0
2019-09-25 12:05:00,38735.1,38739.1,38707.6,38711.7,0
2019-09-25 12:10:00,38710.9,38721.1,38701.9,38721.0,0
2019-09-25 12:15:00,38717.5,38792.7,38710.0,38779.5,0
2019-09-25 12:20:00,38780.6,38787.4,38731.7,38741.6,0
2019-09-25 12:25:00,38744.5,38757.9,38734.4,38756.3,0
2019-09-25 12:30:00,38755.0,38798.4,38750.8,38790.1,0
2019-09-25 12:35:00,38790.0,38832.7,38774.4,38821.9,0
2019-09-25 12:40:00,38819.8,38821.8,38779.8,38781.2,0
2019-09-25 12:45:00,38784.2,38804.3,38779.0,38779.1,0
2019-09-25 12:50:00,38761.5,38765.7,38739.6,38757.2,0
2019-09-25 12:55:00,38757.4,38784.4,38740.6,38770.6,0
2019-09-25 13:00:00,38771.5,38776.1,38751.0,38759.0,0
2019-09-25 13:05:00,38758.8,38762.8,38725.3,38755.9,0
2019-09-25 13:10:00,38755.8,38758.0,38739.4,38751.6,0
2019-09-25 13:15:00,38754.3,38765.7,38705.1,38710.1,0
2019-09-25 13:20:00,38707.4,38707.7,38660.0,38674.8,0
2019-09-25 13:25:00,38675.7,38681.9,38610.4,38610.4,0
2019-09-25 13:30:00,38606.4,38630.5,38580.3,38630.5,0
2019-09-25 13:35:00,38631.0,38652.9,38619.6,38620.6,0
2019-09-25 13:40:00,38619.3,38622.0,38566.7,38616.2,0
2019-09-25 13:45:00,38618.3,38638.8,38596.8,38633.3,0
2019-09-25 13:50:00,38633.9,38634.4,38567.2,38576.3,0
2019-09-25 13:55:00,38575.7,38602.8,38560.4,38597.2,0
2019-09-25 14:00:00,38596.2,39087.2,38560.4,38638.1,0
2019-09-25 14:05:00,38635.6,38643.4,38605.6,38610.8,0
2019-09-25 14:10:00,38607.7,38619.4,38596.4,38604.2,0
2019-09-25 14:15:00,38602.6,38640.2,38602.2,38612.9,0
2019-09-25 14:20:00,38615.3,38617.8,38561.8,38581.4,0
2019-09-25 14:25:00,38582.5,38603.2,38558.2,38560.2,0
2019-09-25 14:30:00,38563.0,38591.9,38545.5,38546.4,0
2019-09-25 14:35:00,38547.4,38566.7,38530.1,38547.6,0
2019-09-25 14:40:00,38548.7,38591.1,38531.0,38582.7,0
2019-09-25 14:45:00,38582.2,38591.5,38549.2,38553.1,0
2019-09-25 14:50:00,38551.5,38556.9,38527.7,38540.9,0
2019-09-25 14:55:00,38540.1,38550.6,38511.0,38543.6,0
2019-09-25 15:00:00,38544.3,38654.4,38544.3,38642.0,0
2019-09-25 15:05:00,38644.2,39087.2,38511.0,38622.8,0
2019-09-25 15:10:00,38629.1,39087.2,38511.0,38648.2,0
2019-09-25 15:15:00,38654.0,38658.6,38599.6,38605.7,0
2019-09-25 15:20:00,38605.4,38610.6,38576.2,38585.1,0
2019-09-25 15:25:00,38591.5,38593.1,38554.9,38558.6,0
2019-09-26 09:15:00,38700.5,38765.4,38676.1,38753.2,0
2019-09-26 09:20:00,38753.93,38848.9,38750.36,38817.2,0
2019-09-26 09:25:00,38818.8,38854.5,38815.0,38840.5,0
2019-09-26 09:30:00,38837.0,38933.7,38815.2,38914.1,0
2019-09-26 09:35:00,38915.6,38968.6,38915.6,38955.8,0
2019-09-26 09:40:00,38953.7,38966.0,38909.5,38966.0,0
2019-09-26 09:45:00,38967.1,39008.8,38959.2,38959.2,0
2019-09-26 09:50:00,38951.0,38966.7,38938.4,38939.7,0
2019-09-26 09:55:00,38941.8,38942.6,38918.4,38932.4,0
2019-09-26 10:00:00,38932.0,38967.3,38924.7,38957.2,0
2019-09-26 10:05:00,38958.1,38959.7,38915.5,38928.8,0
2019-09-26 10:10:00,38929.4,38944.9,38914.9,38930.9,0
2019-09-26 10:15:00,38932.3,39004.5,38932.3,38994.6,0
2019-09-26 10:20:00,38992.4,39158.1,38992.4,39071.9,0
2019-09-26 10:25:00,39070.9,39131.7,39016.7,39037.3,0
2019-09-26 10:30:00,39027.5,39077.5,39008.9,39061.5,0
2019-09-26 10:35:00,39062.3,39074.3,39006.9,39031.1,0
2019-09-26 10:40:00,39055.5,39064.9,39030.8,39037.0,0
2019-09-26 10:45:00,39036.5,39054.8,38991.5,39019.0,0
2019-09-26 10:50:00,39015.0,39015.0,38946.2,39002.6,0
2019-09-26 10:55:00,39004.7,39026.8,38967.7,38993.9,0
2019-09-26 11:00:00,38997.1,39027.8,38997.1,39014.4,0
2019-09-26 11:05:00,39015.6,39019.0,38985.4,38987.6,0
2019-09-26 11:10:00,38983.5,39012.0,38971.1,38979.7,0
2019-09-26 11:15:00,38980.2,39033.2,38980.2,39031.2,0
2019-09-26 11:20:00,39030.6,39036.4,39010.5,39019.8,0
2019-09-26 11:25:00,39020.4,39055.2,39020.4,39049.4,0
2019-09-26 11:30:00,39049.3,39066.2,39033.1,39051.1,0
2019-09-26 11:35:00,39050.5,39054.3,39036.6,39046.4,0
2019-09-26 11:40:00,39047.8,39085.5,39036.5,39063.6,0
2019-09-26 11:45:00,39066.2,39076.1,39026.9,39029.2,0
2019-09-26 11:50:00,39023.7,39025.0,38982.8,38987.1,0
2019-09-26 11:55:00,38986.1,39001.1,38979.6,38993.1,0
2019-09-26 12:00:00,38991.8,38997.1,38936.1,38959.5,0
2019-09-26 12:05:00,38959.2,38959.2,38779.8,38807.9,0
2019-09-26 12:10:00,38811.7,38848.2,38790.5,38790.5,0
2019-09-26 12:15:00,38791.3,38806.5,38732.9,38767.0,0
2019-09-26 12:20:00,38771.8,38853.0,38766.3,38826.2,0
2019-09-26 12:25:00,38826.0,38835.1,38799.7,38799.7,0
2019-09-26 12:30:00,38807.1,38900.2,38796.6,38891.1,0
2019-09-26 12:35:00,38890.4,38906.3,38844.1,38906.3,0
2019-09-26 12:40:00,38904.9,38944.8,38876.4,38940.4,0
2019-09-26 12:45:00,38944.3,38953.5,38907.3,38916.2,0
2019-09-26 12:50:00,38914.7,38916.9,38861.4,38867.9,0
2019-09-26 12:55:00,38870.4,38891.6,38869.4,38880.4,0
2019-09-26 13:00:00,38879.7,38908.4,38879.3,38895.1,0
2019-09-26 13:05:00,38895.1,38908.2,38865.3,38868.7,0
2019-09-26 13:10:00,38872.5,38897.8,38866.4,38887.4,0
2019-09-26 13:15:00,38886.5,38893.1,38804.0,38804.8,0
2019-09-26 13:20:00,38809.9,38857.5,38808.9,38835.3,0
2019-09-26 13:25:00,38835.1,38883.2,38824.0,38873.5,0
2019-09-26 13:30:00,38873.7,38896.4,38849.3,38862.7,0
2019-09-26 13:35:00,38864.2,38909.7,38863.6,38906.0,0
2019-09-26 13:40:00,38907.0,38956.6,38900.8,38924.5,0
2019-09-26 13:45:00,38922.1,38945.7,38897.2,38936.6,0
2019-09-26 13:50:00,38940.2,38940.2,38904.3,38925.6,0
2019-09-26 13:55:00,38925.8,38965.7,38920.1,38941.7,0
2019-09-26 14:00:00,38941.4,38951.7,38913.1,38913.3,0
2019-09-26 14:05:00,38914.2,38925.7,38875.7,38886.0,0
2019-09-26 14:10:00,38886.3,38908.8,38881.9,38908.1,0
2019-09-26 14:15:00,38908.8,38981.6,38908.8,38965.1,0
2019-09-26 14:20:00,38966.4,39009.9,38951.9,38991.5,0
2019-09-26 14:25:00,38988.5,38990.7,38945.2,38990.2,0
2019-09-26 14:30:00,38991.6,39056.1,38991.4,39004.7,0
2019-09-26 14:35:00,39004.2,39025.2,39001.9,39024.6,0
2019-09-26 14:40:00,39027.7,39053.4,39014.5,39045.6,0
2019-09-26 14:45:00,39045.8,39060.5,39020.2,39023.4,0
2019-09-26 14:50:00,39021.7,39021.7,38963.4,38963.4,0
2019-09-26 14:55:00,38959.4,38971.8,38936.0,38949.7,0
2019-09-26 15:00:00,38949.2,38977.2,38917.8,38962.1,0
2019-09-26 15:05:00,38966.0,39007.3,38964.7,38991.0,0
2019-09-26 15:10:00,38991.7,39003.9,38976.8,38977.4,0
2019-09-26 15:15:00,38981.3,38988.3,38953.5,38985.4,0
2019-09-26 15:20:00,38975.1,39158.1,38676.1,39002.4,0
2019-09-26 15:25:00,39006.3,39035.0,38996.9,39017.3,0
2019-09-27 09:15:00,39003.1,39003.1,38814.8,38883.2,0
2019-09-27 09:20:00,38885.5,38904.5,38846.4,38900.8,0
2019-09-27 09:25:00,38897.9,39096.0,38897.9,39027.5,0
2019-09-27 09:30:00,39028.2,39103.2,39028.2,39081.4,0
2019-09-27 09:35:00,39089.4,39107.4,39047.1,39065.9,0
2019-09-27 09:40:00,39068.7,39088.0,38968.9,38980.0,0
2019-09-27 09:45:00,38986.1,39015.8,38912.2,39007.4,0
2019-09-27 09:50:00,39009.3,39037.6,38966.6,38989.8,0
2019-09-27 09:55:00,38985.6,38987.7,38941.8,38981.7,0
2019-09-27 10:00:00,38982.8,38982.8,38924.6,38929.4,0
2019-09-27 10:05:00,38925.4,38943.1,38889.8,38914.1,0
2019-09-27 10:10:00,38914.1,38917.0,38894.1,38903.0,0
2019-09-27 10:15:00,38903.3,38904.9,38869.1,38892.8,0
2019-09-27 10:20:00,38887.0,38902.4,38854.4,38861.4,0
2019-09-27 10:25:00,38863.0,38926.2,38850.1,38896.6,0
2019-09-27 10:30:00,38896.8,38922.5,38884.4,38922.3,0
2019-09-27 10:35:00,38919.0,38940.2,38895.0,38895.1,0
2019-09-27 10:40:00,38889.2,38902.3,38875.8,38895.3,0
2019-09-27 10:45:00,38893.7,38904.2,38875.8,38903.6,0
2019-09-27 10:50:00,38907.3,38917.4,38886.3,38890.8,0
2019-09-27 10:55:00,38890.0,38890.5,38848.2,38862.9,0
2019-09-27 11:00:00,38861.5,38887.1,38854.7,38876.5,0
2019-09-27 11:05:00,38878.1,38886.8,38861.3,38861.3,0
2019-09-27 11:10:00,38860.6,38874.2,38817.9,38823.3,0
2019-09-27 11:15:00,38823.7,38847.5,38797.0,38842.8,0
2019-09-27 11:20:00,38843.2,38881.6,38827.4,38881.6,0
2019-09-27 11:25:00,38882.6,38884.1,38839.6,38849.1,0
2019-09-27 11:30:00,38849.1,38875.1,38842.6,38874.1,0
2019-09-27 11:35:00,38871.0,38901.1,38864.6,38884.9,0
2019-09-27 11:40:00,38882.7,38892.5,38856.0,38856.8,0
2019-09-27 11:45:00,38859.9,38886.8,38855.4,38870.1,0
2019-09-27 11:50:00,38869.9,38912.2,38865.2,38901.1,0
2019-09-27 11:55:00,38901.4,38945.3,38901.4,38929.2,0
2019-09-27 12:00:00,38927.7,38934.3,38900.6,38903.9,0
2019-09-27 12:05:00,38903.1,38909.3,38881.8,38888.2,0
2019-09-27 12:10:00,38888.4,38911.2,38883.5,38894.1,0
2019-09-27 12:15:00,38892.9,38898.0,38859.9,38890.6,0
2019-09-27 12:20:00,38890.5,38932.3,38887.3,38910.4,0
2019-09-27 12:25:00,38909.2,38909.2,38878.3,38889.4,0
2019-09-27 12:30:00,38888.9,38889.7,38861.1,38874.1,0
2019-09-27 12:35:00,38873.9,38891.6,38864.0,38887.1,0
2019-09-27 12:40:00,38885.9,38901.6,38877.9,38888.6,0
2019-09-27 12:45:00,38888.3,38901.5,38881.5,38888.0,0
2019-09-27 12:50:00,38888.1,38933.4,38887.7,38929.8,0
2019-09-27 12:55:00,38929.6,38952.3,38911.6,38913.3,0
2019-09-27 13:00:00,38914.3,38917.0,38899.2,38916.9,0
2019-09-27 13:05:00,38917.1,38968.8,38915.3,38955.2,0
2019-09-27 13:10:00,38955.7,38959.2,38923.2,38925.2,0
2019-09-27 13:15:00,38925.2,38931.3,38907.3,38929.0,0
2019-09-27 13:20:00,38940.6,38941.0,38922.8,38931.0,0
2019-09-27 13:25:00,38947.3,38977.7,38943.6,38955.1,0
2019-09-27 13:30:00,38955.3,38971.9,38951.1,38962.6,0
2019-09-27 13:35:00,38962.9,39020.3,38955.3,39005.1,0
2019-09-27 13:40:00,39005.8,39010.1,38981.5,39001.6,0
2019-09-27 13:45:00,39000.5,39033.4,38994.5,39003.3,0
2019-09-27 13:50:00,39003.0,39018.5,38990.8,38991.9,0
2019-09-27 13:55:00,38993.6,39029.5,38989.6,39018.7,0
2019-09-27 14:00:00,39018.9,39018.9,38909.9,38936.4,0
2019-09-27 14:05:00,38936.4,38962.1,38928.2,38939.7,0
2019-09-27 14:10:00,38939.6,38954.0,38925.4,38944.5,0
2019-09-27 14:15:00,38945.8,38947.0,38905.3,38907.4,0
2019-09-27 14:20:00,38906.9,38927.7,38905.1,38905.2,0
2019-09-27 14:25:00,38907.4,38907.8,38847.6,38879.4,0
2019-09-27 14:30:00,38879.2,38913.9,38870.8,38905.4,0
2019-09-27 14:35:00,38905.4,38908.3,38863.8,38880.6,0
2019-09-27 14:40:00,38882.1,38882.4,38782.6,38796.4,0
2019-09-27 14:45:00,38798.2,38837.4,38794.1,38815.7,0
2019-09-27 14:50:00,38814.6,38830.9,38792.7,38819.2,0
2019-09-27 14:55:00,38819.2,38847.3,38806.9,38841.2,0
2019-09-27 15:00:00,38840.5,38863.9,38831.0,38841.6,0
2019-09-27 15:05:00,38840.7,38846.8,38827.0,38835.1,0
2019-09-27 15:10:00,38836.5,38838.0,38797.1,38804.9,0
2019-09-27 15:15:00,38812.0,38820.9,38798.3,38809.9,0
2019-09-27 15:20:00,38812.9,38834.4,38812.9,38829.5,0
2019-09-27 15:25:00,38823.9,38837.8,38801.8,38814.5,0
2019-09-30 09:15:00,38873.1,38873.1,38698.4,38730.3,0
2019-09-30 09:20:00,38730.6,38873.1,38698.4,38711.0,0
2019-09-30 09:25:00,38711.6,38713.8,38648.7,38659.6,0
2019-09-30 09:30:00,38663.2,38683.3,38633.2,38683.0,0
2019-09-30 09:35:00,38681.1,38681.1,38550.5,38550.6,0
2019-09-30 09:40:00,38551.7,38565.0,38491.7,38517.7,0
2019-09-30 09:45:00,38517.9,38575.1,38513.3,38550.6,0
2019-09-30 09:50:00,38551.9,38577.4,38520.8,38575.4,0
2019-09-30 09:55:00,38575.3,38588.1,38550.8,38575.7,0
2019-09-30 10:00:00,38574.5,38575.8,38536.2,38552.4,0
2019-09-30 10:05:00,38546.1,38568.9,38540.8,38559.8,0
2019-09-30 10:10:00,38556.0,38556.4,38504.2,38507.3,0
2019-09-30 10:15:00,38510.8,38522.6,38487.9,38521.5,0
2019-09-30 10:20:00,38526.1,38544.3,38508.4,38529.4,0
2019-09-30 10:25:00,38529.7,38531.4,38503.1,38516.4,0
2019-09-30 10:30:00,38516.4,38516.4,38472.5,38474.3,0
2019-09-30 10:35:00,38473.8,38510.0,38467.3,38506.2,0
2019-09-30 10:40:00,38505.1,38545.1,38500.0,38541.1,0
2019-09-30 10:45:00,38541.4,38555.3,38533.1,38536.4,0
2019-09-30 10:50:00,38537.0,38873.1,38467.3,38503.5,0
2019-09-30 10:55:00,38503.9,38525.1,38492.3,38492.3,0
2019-09-30 11:00:00,38493.6,38512.4,38466.0,38509.5,0
2019-09-30 11:05:00,38506.0,38537.7,38505.5,38512.9,0
2019-09-30 11:10:00,38511.7,38526.1,38504.0,38519.5,0
2019-09-30 11:15:00,38520.0,38540.6,38497.9,38511.6,0
2019-09-30 11:20:00,38513.4,38514.9,38495.4,38498.2,0
2019-09-30 11:25:00,38498.6,38529.0,38498.6,38522.8,0
2019-09-30 11:30:00,38523.5,38538.9,38511.0,38519.4,0
2019-09-30 11:35:00,38515.6,38522.2,38506.5,38517.8,0
2019-09-30 11:40:00,38518.4,38581.9,38509.9,38581.9,0
2019-09-30 11:45:00,38581.6,38615.8,38550.9,38556.8,0
2019-09-30 11:50:00,38554.6,38571.0,38536.7,38568.2,0
2019-09-30 11:55:00,38567.2,38573.7,38534.2,38541.5,0
2019-09-30 12:00:00,38540.0,38873.1,38466.0,38528.1,0
2019-09-30 12:05:00,38526.5,38550.8,38526.3,38528.5,0
2019-09-30 12:10:00,38531.9,38546.6,38517.7,38541.3,0
2019-09-30 12:15:00,38541.4,38550.7,38463.5,38467.6,0
2019-09-30 12:20:00,38465.4,38465.4,38411.4,38451.6,0
2019-09-30 12:25:00,38450.9,38460.2,38431.4,38446.4,0
2019-09-30 12:30:00,38448.0,38474.6,38441.4,38470.1,0
2019-09-30 12:35:00,38474.6,38476.7,38433.1,38449.7,0
2019-09-30 12:40:00,38447.7,38471.9,38422.8,38440.0,0
2019-09-30 12:45:00,38439.2,38462.9,38401.1,38462.9,0
2019-09-30 12:50:00,38460.7,38482.7,38447.8,38454.8,0
2019-09-30 12:55:00,38455.5,38490.2,38452.6,38480.6,0
2019-09-30 13:00:00,38478.6,38534.4,38467.9,38528.2,0
2019-09-30 13:05:00,38527.9,38534.0,38506.5,38520.3,0
2019-09-30 13:10:00,38518.1,38533.6,38499.4,38532.3,0
2019-09-30 13:15:00,38531.5,38578.9,38523.8,38548.3,0
2019-09-30 13:20:00,38548.2,38548.2,38507.7,38518.4,0
2019-09-30 13:25:00,38518.2,38522.9,38481.3,38491.0,0
2019-09-30 13:30:00,38490.5,38509.7,38472.7,38501.1,0
2019-09-30 13:35:00,38499.3,38519.6,38495.3,38504.7,0
2019-09-30 13:40:00,38506.6,38543.3,38500.2,38505.5,0
2019-09-30 13:45:00,38507.2,38508.0,38480.6,38493.3,0
2019-09-30 13:50:00,38495.9,38515.8,38482.7,38500.8,0
2019-09-30 13:55:00,38501.7,38535.8,38498.5,38524.6,0
2019-09-30 14:00:00,38522.0,38552.8,38519.7,38521.4,0
2019-09-30 14:05:00,38524.1,38529.9,38496.5,38524.0,0
2019-09-30 14:10:00,38528.0,38564.8,38519.7,38540.5,0
2019-09-30 14:15:00,38538.5,38666.2,38524.2,38660.6,0
2019-09-30 14:20:00,38663.5,38774.0,38656.9,38773.8,0
2019-09-30 14:25:00,38771.3,38801.0,38726.8,38774.7,0
2019-09-30 14:30:00,38774.6,38796.9,38696.5,38720.4,0
2019-09-30 14:35:00,38720.5,38723.8,38686.7,38689.6,0
2019-09-30 14:40:00,38687.3,38688.5,38619.8,38643.9,0
2019-09-30 14:45:00,38650.4,38685.8,38643.6,38670.6,0
2019-09-30 14:50:00,38670.7,38687.9,38654.2,38655.8,0
2019-09-30 14:55:00,38656.0,38664.9,38618.9,38622.2,0
2019-09-30 15:00:00,38621.4,38683.0,38621.3,38669.4,0
2019-09-30 15:05:00,38669.3,38671.4,38635.2,38636.9,0
2019-09-30 15:10:00,38636.2,38648.3,38614.9,38640.8,0
2019-09-30 15:15:00,38645.8,38697.2,38639.1,38693.9,0
2019-09-30 15:20:00,38691.5,38703.8,38676.6,38684.6,0
2019-09-30 15:25:00,38682.5,38694.7,38657.5,38661.8,0
2019-10-01 09:15:00,38813.5,38923.8,38766.5,38867.1,0
2019-10-01 09:20:00,38863.5,38880.1,38808.2,38836.2,0
2019-10-01 09:25:00,38834.6,38845.8,38809.7,38831.9,0
2019-10-01 09:30:00,38832.3,38895.9,38824.2,38866.2,0
2019-10-01 09:35:00,38864.3,38886.0,38833.6,38839.5,0
2019-10-01 09:40:00,38840.9,38847.1,38699.8,38741.2,0
2019-10-01 09:45:00,38734.9,38734.9,38662.9,38713.4,0
2019-10-01 09:50:00,38714.4,38716.6,38664.6,38683.1,0
2019-10-01 09:55:00,38686.7,38690.5,38642.1,38643.7,0
2019-10-01 10:00:00,38640.7,38653.9,38503.2,38552.1,0
2019-10-01 10:05:00,38554.0,38555.9,38434.2,38468.4,0
2019-10-01 10:10:00,38464.8,38581.8,38464.3,38559.1,0
2019-10-01 10:15:00,38556.9,38621.4,38554.4,38590.1,0
2019-10-01 10:20:00,38589.0,38615.6,38567.9,38612.6,0
2019-10-01 10:25:00,38608.5,38622.9,38543.9,38561.8,0
2019-10-01 10:30:00,38563.3,38586.8,38557.8,38572.8,0
2019-10-01 10:35:00,38572.7,38649.3,38565.9,38645.7,0
2019-10-01 10:40:00,38640.6,38709.9,38633.9,38695.7,0
2019-10-01 10:45:00,38700.8,38805.6,38700.2,38804.5,0
2019-10-01 10:50:00,38805.5,38809.9,38763.8,38807.3,0
2019-10-01 10:55:00,38806.4,38839.4,38801.8,38809.2,0
2019-10-01 11:00:00,38807.3,38866.4,38802.1,38851.5,0
2019-10-01 11:05:00,38848.3,38857.2,38822.2,38839.7,0
2019-10-01 11:10:00,38837.7,38849.7,38775.2,38793.9,0
2019-10-01 11:15:00,38797.4,38815.0,38761.9,38809.7,0
2019-10-01 11:20:00,38808.7,38812.2,38766.3,38766.3,0
2019-10-01 11:25:00,38766.8,38784.7,38747.1,38777.7,0
2019-10-01 11:30:00,38784.9,38792.9,38732.6,38750.6,0
2019-10-01 11:35:00,38756.1,38792.8,38742.7,38774.7,0
2019-10-01 11:40:00,38775.2,38830.3,38775.0,38830.2,0
2019-10-01 11:45:00,38835.8,38843.9,38788.1,38790.1,0
2019-10-01 11:50:00,38789.5,38806.0,38776.6,38801.1,0
2019-10-01 11:55:00,38801.6,38804.2,38760.4,38764.5,0
2019-10-01 12:00:00,38764.0,38767.5,38718.3,38726.4,0
2019-10-01 12:05:00,38725.4,38750.8,38723.6,38735.6,0
2019-10-01 12:10:00,38737.1,38737.2,38686.5,38693.2,0
2019-10-01 12:15:00,38693.6,38709.5,38681.4,38694.7,0
2019-10-01 12:20:00,38692.6,38705.5,38634.9,38646.3,0
2019-10-01 12:25:00,38643.6,38677.4,38623.1,38674.0,0
2019-10-01 12:30:00,38672.5,38675.1,38641.8,38648.2,0
2019-10-01 12:35:00,38648.1,38667.8,38629.9,38629.9,0
2019-10-01 12:40:00,38629.1,38666.4,38619.3,38656.0,0
2019-10-01 12:45:00,38656.9,38740.2,38645.6,38727.7,0
2019-10-01 12:50:00,38726.8,38727.7,38681.6,38684.9,0
2019-10-01 12:55:00,38686.8,38693.9,38651.8,38668.8,0
2019-10-01 13:00:00,38669.5,38702.1,38666.9,38696.0,0
2019-10-01 13:05:00,38696.6,38714.8,38667.7,38668.5,0
2019-10-01 13:10:00,38668.8,38686.2,38660.4,38665.1,0
2019-10-01 13:15:00,38664.7,38668.8,38613.4,38613.4,0
2019-10-01 13:20:00,38614.0,38638.9,38532.5,38537.4,0
2019-10-01 13:25:00,38536.9,38561.6,38521.7,38543.1,0
2019-10-01 13:30:00,38544.8,38551.1,38476.1,38486.2,0
2019-10-01 13:35:00,38487.7,38487.7,38390.0,38394.3,0
2019-10-01 13:40:00,38392.6,38439.2,38351.1,38408.5,0
2019-10-01 13:45:00,38407.0,38407.0,38249.6,38258.7,0
2019-10-01 13:50:00,38251.6,38311.2,38236.5,38250.4,0
2019-10-01 13:55:00,38233.5,38265.7,38213.8,38231.4,0
2019-10-01 14:00:00,38231.8,38231.8,37941.2,38062.8,0
2019-10-01 14:05:00,38067.3,38156.8,38059.4,38087.2,0
2019-10-01 14:10:00,38088.7,38104.8,37990.8,37990.8,0
2019-10-01 14:15:00,37981.8,38051.1,37929.9,38032.6,0
2019-10-01 14:20:00,38033.3,38114.4,37987.8,38113.8,0
2019-10-01 14:25:00,38112.9,38149.7,38077.4,38148.9,0
2019-10-01 14:30:00,38158.1,38198.4,38127.9,38171.0,0
2019-10-01 14:35:00,38171.0,38171.0,38062.2,38071.0,0
2019-10-01 14:40:00,38072.1,38108.8,38014.2,38068.3,0
2019-10-01 14:45:00,38065.5,38119.9,38065.5,38107.7,0
2019-10-01 14:50:00,38109.2,38297.6,38109.2,38278.9,0
2019-10-01 14:55:00,38270.7,38338.3,38234.7,38319.6,0
2019-10-01 15:00:00,38320.2,38398.4,38320.2,38361.8,0
2019-10-01 15:05:00,38357.5,38358.3,38245.6,38252.1,0
2019-10-01 15:10:00,38251.3,38254.4,38186.3,38247.5,0
2019-10-01 15:15:00,38239.1,38340.9,38239.1,38337.2,0
2019-10-01 15:20:00,38342.6,38353.0,38322.5,38328.9,0
2019-10-01 15:25:00,38330.5,38350.3,38325.8,38342.8,0
2019-10-03 09:15:00,38137.9,38167.1,37959.6,37982.4,0
2019-10-03 09:20:00,37986.4,38090.8,37957.6,38066.4,0
2019-10-03 09:25:00,38074.5,38176.6,38054.0,38119.5,0
2019-10-03 09:30:00,38114.6,38192.5,38114.6,38136.6,0
2019-10-03 09:35:00,38129.5,38156.8,38094.0,38135.7,0
2019-10-03 09:40:00,38136.2,38163.6,38132.8,38147.5,0
2019-10-03 09:45:00,38149.7,38284.0,38145.5,38222.5,0
2019-10-03 09:50:00,38223.8,38279.7,38161.4,38204.5,0
2019-10-03 09:55:00,38207.5,38207.5,38150.1,38195.7,0
2019-10-03 10:00:00,38200.1,38226.7,38129.8,38129.8,0
2019-10-03 10:05:00,38127.7,38127.7,38084.8,38103.5,0
2019-10-03 10:10:00,38105.3,38142.9,38090.1,38131.6,0
2019-10-03 10:15:00,38133.2,38136.3,38070.9,38092.4,0
2019-10-03 10:20:00,38091.8,38091.8,38050.7,38059.7,0
2019-10-03 10:25:00,38057.8,38124.4,38056.5,38112.3,0
2019-10-03 10:30:00,38113.5,38149.7,38094.7,38096.9,0
2019-10-03 10:35:00,38098.1,38112.9,38071.0,38095.9,0
2019-10-03 10:40:00,38095.9,38131.5,38095.9,38103.2,0
2019-10-03 10:45:00,38105.9,38133.5,38101.8,38112.9,0
2019-10-03 10:50:00,38112.0,38112.1,38067.3,38100.4,0
2019-10-03 10:55:00,38098.3,38284.0,37957.6,38124.1,0
2019-10-03 11:00:00,38122.6,38124.9,38087.6,38089.6,0
2019-10-03 11:05:00,38091.0,38109.8,38081.7,38083.0,0
2019-10-03 11:10:00,38081.8,38222.4,38080.8,38195.4,0
2019-10-03 11:15:00,38196.1,38196.5,38144.3,38173.5,0
2019-10-03 11:20:00,38172.6,38215.9,38166.9,38204.4,0
2019-10-03 11:25:00,38204.0,38239.7,38188.0,38208.8,0
2019-10-03 11:30:00,38206.2,38207.3,38170.0,38171.1,0
2019-10-03 11:35:00,38170.7,38180.4,38095.1,38124.4,0
2019-10-03 11:40:00,38132.4,38175.8,38131.8,38161.9,0
2019-10-03 11:45:00,38164.9,38176.9,38152.2,38158.6,0
2019-10-03 11:50:00,38158.4,38182.0,38152.5,38173.8,0
2019-10-03 11:55:00,38173.6,38220.6,38164.2,38205.9,0
2019-10-03 12:00:00,38206.5,38250.4,38197.1,38219.1,0
2019-10-03 12:05:00,38217.1,38234.1,38191.8,38199.3,0
2019-10-03 12:10:00,38198.4,38284.0,37957.6,38222.2,0
2019-10-03 12:15:00,38224.8,38262.8,38214.4,38223.1,0
2019-10-03 12:20:00,38223.4,38260.5,38190.2,38258.8,0
2019-10-03 12:25:00,38261.8,38310.9,38250.4,38272.9,0
2019-10-03 12:30:00,38273.3,38280.2,38215.2,38227.9,0
2019-10-03 12:35:00,38227.7,38237.1,38194.7,38198.1,0
2019-10-03 12:40:00,38198.8,38207.4,38160.4,38199.2,0
2019-10-03 12:45:00,38199.2,38226.6,38185.5,38190.4,0
2019-10-03 12:50:00,38190.2,38190.2,38151.6,38168.0,0
2019-10-03 12:55:00,38165.3,38194.2,38145.5,38153.5,0
2019-10-03 13:00:00,38153.1,38163.3,38107.7,38158.1,0
2019-10-03 13:05:00,38157.7,38182.9,38141.7,38169.7,0
2019-10-03 13:10:00,38173.3,38179.5,38119.9,38124.7,0
2019-10-03 13:15:00,38122.4,38137.8,38092.9,38118.6,0
2019-10-03 13:20:00,38120.3,38147.4,38032.6,38057.2,0
2019-10-03 13:25:00,38057.5,38059.6,38007.6,38059.6,0
2019-10-03 13:30:00,38059.2,38073.5,38020.1,38032.9,0
2019-10-03 13:35:00,38033.4,38033.4,37980.9,38018.8,0
2019-10-03 13:40:00,38018.5,38113.6,38005.3,38101.1,0
2019-10-03 13:45:00,38101.1,38310.9,37957.6,38105.8,0
2019-10-03 13:50:00,38105.2,38124.6,38103.1,38114.8,0
2019-10-03 13:55:00,38114.9,38172.3,38109.6,38152.2,0
2019-10-03 14:00:00,38151.2,38151.4,38108.3,38124.7,0
2019-10-03 14:05:00,38124.2,38136.5,38093.2,38093.2,0
2019-10-03 14:10:00,38092.4,38139.6,38086.0,38138.1,0
2019-10-03 14:15:00,38135.3,38161.2,38112.9,38121.3,0
2019-10-03 14:20:00,38115.8,38121.6,38072.0,38090.0,0
2019-10-03 14:25:00,38090.4,38102.9,38072.9,38093.4,0
2019-10-03 14:30:00,38088.5,38132.0,38088.4,38117.3,0
2019-10-03 14:35:00,38116.9,38116.9,38059.7,38075.9,0
2019-10-03 14:40:00,38075.7,38084.6,38026.1,38052.9,0
2019-10-03 14:45:00,38048.8,38097.6,38035.7,38064.4,0
2019-10-03 14:50:00,38064.0,38106.4,38064.0,38105.9,0
2019-10-03 14:55:00,38101.4,38101.4,38045.1,38046.5,0
2019-10-03 15:00:00,38049.6,38130.0,38042.5,38115.6,0
2019-10-03 15:05:00,38118.5,38143.7,38099.6,38107.0,0
2019-10-03 15:10:00,38101.9,38116.9,38086.3,38097.7,0
2019-10-03 15:15:00,38091.0,38126.9,38085.8,38122.2,0
2019-10-03 15:20:00,38123.3,38125.2,38098.8,38107.4,0
2019-10-03 15:25:00,38107.2,38114.6,38086.7,38106.0,0
2019-10-04 09:15:00,38401.5,38403.5,38303.2,38359.6,0
2019-10-04 09:20:00,38372.5,38403.5,38303.2,38361.7,0
2019-10-04 09:25:00,38360.5,38363.7,38296.9,38308.4,0
2019-10-04 09:30:00,38306.05,38337.4,38273.95,38304.9,0
2019-10-04 09:35:00,38304.0,38324.9,38272.8,38275.7,0
2019-10-04 09:40:00,38272.6,38311.6,38258.1,38296.1,0
2019-10-04 09:45:00,38299.7,38308.9,38284.6,38307.8,0
2019-10-04 09:50:00,38307.6,38341.5,38289.7,38318.9,0
2019-10-04 09:55:00,38319.1,38332.9,38306.0,38306.8,0
2019-10-04 10:00:00,38308.2,38354.2,38304.2,38333.6,0
2019-10-04 10:05:00,38337.3,38363.7,38330.0,38333.3,0
2019-10-04 10:10:00,38331.6,38340.3,38300.7,38313.2,0
2019-10-04 10:15:00,38313.9,38338.2,38276.6,38276.6,0
2019-10-04 10:20:00,38276.3,38314.2,38276.0,38293.4,0
2019-10-04 10:25:00,38293.1,38298.7,38274.9,38284.2,0
2019-10-04 10:30:00,38288.4,38295.5,38260.0,38289.1,0
2019-10-04 10:35:00,38292.4,38330.2,38292.3,38328.8,0
2019-10-04 10:40:00,38328.4,38350.2,38326.9,38347.6,0
2019-10-04 10:45:00,38350.0,38352.5,38331.9,38336.7,0
2019-10-04 10:50:00,38336.9,38349.1,38313.5,38322.3,0
2019-10-04 10:55:00,38323.9,38335.1,38310.8,38329.2,0
2019-10-04 11:00:00,38326.5,38356.9,38326.5,38347.1,0
2019-10-04 11:05:00,38341.1,38345.8,38326.0,38330.7,0
2019-10-04 11:10:00,38332.1,38347.0,38319.8,38336.0,0
2019-10-04 11:15:00,38339.4,38346.7,38327.1,38330.4,0
2019-10-04 11:20:00,38329.8,38345.7,38326.4,38331.4,0
2019-10-04 11:25:00,38330.6,38342.2,38275.2,38309.0,0
2019-10-04 11:30:00,38309.7,38319.4,38249.9,38252.7,0
2019-10-04 11:35:00,38254.3,38290.4,38249.0,38288.9,0
2019-10-04 11:40:00,38289.1,38363.8,38276.7,38296.4,0
2019-10-04 11:45:00,38257.1,38257.1,38126.5,38205.4,0
2019-10-04 11:50:00,38199.7,38248.8,38196.8,38209.4,0
2019-10-04 11:55:00,38208.0,38212.3,38049.2,38138.4,0
2019-10-04 12:00:00,38138.1,38138.1,37971.9,38030.4,0
2019-10-04 12:05:00,38032.5,38092.7,38017.9,38067.5,0
2019-10-04 12:10:00,38064.9,38082.8,38005.9,38014.8,0
2019-10-04 12:15:00,38009.6,38087.3,38005.9,38083.1,0
2019-10-04 12:20:00,38083.4,38202.8,38079.9,38179.2,0
2019-10-04 12:25:00,38187.4,38197.6,38145.7,38168.4,0
2019-10-04 12:30:00,38168.8,38178.8,38074.0,38119.3,0
2019-10-04 12:35:00,38119.4,38156.8,38103.8,38106.1,0
2019-10-04 12:40:00,38107.1,38124.6,38065.9,38084.6,0
2019-10-04 12:45:00,38085.6,38102.6,38043.0,38051.4,0
2019-10-04 12:50:00,38051.8,38054.0,38008.1,38016.2,0
2019-10-04 12:55:00,38014.9,38014.9,37863.9,37887.9,0
2019-10-04 13:00:00,37887.3,37942.6,37880.4,37909.9,0
2019-10-04 13:05:00,37909.2,37928.5,37871.1,37928.3,0
2019-10-04 13:10:00,37924.4,37969.7,37909.3,37956.9,0
2019-10-04 13:15:00,37961.9,37963.9,37926.9,37949.0,0
2019-10-04 13:20:00,37948.8,38016.7,37948.8,37977.4,0
2019-10-04 13:25:00,37976.6,37983.9,37927.6,37936.6,0
2019-10-04 13:30:00,37936.1,37936.3,37817.4,37835.7,0
2019-10-04 13:35:00,37835.4,37864.1,37822.9,37845.9,0
2019-10-04 13:40:00,37837.0,37837.0,37772.6,37790.6,0
2019-10-04 13:45:00,37792.9,37792.9,37719.8,37764.8,0
2019-10-04 13:50:00,37765.9,37785.1,37699.9,37782.4,0
2019-10-04 13:55:00,37787.1,37803.3,37765.2,37799.3,0
2019-10-04 14:00:00,37801.1,37854.5,37801.1,37822.5,0
2019-10-04 14:05:00,37821.6,37862.9,37821.4,37842.4,0
2019-10-04 14:10:00,37838.7,37841.9,37796.2,37836.9,0
2019-10-04 14:15:00,37834.7,37879.0,37834.7,37865.2,0
2019-10-04 14:20:00,37866.4,37898.0,37799.2,37808.4,0
2019-10-04 14:25:00,37807.3,37812.2,37772.1,37780.9,0
2019-10-04 14:30:00,37783.3,37810.1,37746.8,37760.4,0
2019-10-04 14:35:00,37760.4,37765.0,37739.2,37762.7,0
2019-10-04 14:40:00,37763.2,37797.0,37752.2,37772.3,0
2019-10-04 14:45:00,37771.3,37856.3,37767.1,37808.0,0
2019-10-04 14:50:00,37804.8,37831.2,37778.6,37789.2,0
2019-10-04 14:55:00,37787.5,37815.2,37778.6,37779.3,0
2019-10-04 15:00:00,37771.2,37814.6,37709.1,37722.4,0
2019-10-04 15:05:00,37719.0,37734.6,37679.6,37692.2,0
2019-10-04 15:10:00,37686.0,37693.8,37651.9,37671.6,0
2019-10-04 15:15:00,37675.3,37675.6,37640.6,37660.6,0
2019-10-04 15:20:00,37659.2,37681.4,37646.9,37661.8,0
2019-10-04 15:25:00,37660.2,37673.4,37633.4,37644.6,0
2019-10-07 09:15:00,37853.8,37853.8,37623.6,37648.3,0
2019-10-07 09:20:00,37652.2,37853.8,37534.5,37550.3,0
2019-10-07 09:25:00,37556.0,37643.6,37554.8,37611.6,0
2019-10-07 09:30:00,37611.4,37638.1,37566.4,37638.1,0
2019-10-07 09:35:00,37634.5,37714.3,37634.5,37709.6,0
2019-10-07 09:40:00,37704.2,37788.6,37704.2,37783.5,0
2019-10-07 09:45:00,37779.9,37845.0,37779.5,37824.5,0
2019-10-07 09:50:00,37825.7,37844.2,37792.0,37825.4,0
2019-10-07 09:55:00,37826.4,37849.1,37774.5,37783.1,0
2019-10-07 10:00:00,37760.5,37830.7,37760.1,37827.3,0
2019-10-07 10:05:00,37832.7,37896.0,37832.7,37880.2,0
2019-10-07 10:10:00,37876.4,37919.5,37874.0,37912.0,0
2019-10-07 10:15:00,37911.5,37913.6,37856.5,37886.0,0
2019-10-07 10:20:00,37884.9,37890.2,37863.7,37884.4,0
2019-10-07 10:25:00,37885.4,37912.5,37855.7,37872.9,0
2019-10-07 10:30:00,37872.5,37873.2,37817.1,37836.4,0
2019-10-07 10:35:00,37834.6,37857.8,37832.3,37837.3,0
2019-10-07 10:40:00,37839.1,37851.3,37825.7,37841.7,0
2019-10-07 10:45:00,37841.9,37841.9,37738.6,37769.1,0
2019-10-07 10:50:00,37769.5,37795.1,37750.5,37784.2,0
2019-10-07 10:55:00,37783.2,37783.2,37695.9,37697.3,0
2019-10-07 11:00:00,37701.0,37771.8,37677.4,37765.5,0
2019-10-07 11:05:00,37765.4,37768.1,37739.2,37744.0,0
2019-10-07 11:10:00,37744.5,37808.1,37736.9,37807.9,0
2019-10-07 11:15:00,37810.3,37829.6,37773.0,37785.5,0
2019-10-07 11:20:00,37776.4,37804.4,37775.0,37798.0,0
2019-10-07 11:25:00,37797.0,37807.5,37769.8,37777.5,0
2019-10-07 11:30:00,37779.2,37797.5,37772.3,37789.9,0
2019-10-07 11:35:00,37791.1,37800.1,37784.1,37794.8,0
2019-10-07 11:40:00,37792.4,37797.6,37755.0,37778.4,0
2019-10-07 11:45:00,37781.2,37795.3,37761.1,37771.0,0
2019-10-07 11:50:00,37772.0,37775.8,37758.8,37760.6,0
2019-10-07 11:55:00,37761.2,37837.0,37759.3,37833.9,0
2019-10-07 12:00:00,37837.4,37841.8,37810.3,37834.9,0
2019-10-07 12:05:00,37832.9,37854.7,37824.7,37844.4,0
2019-10-07 12:10:00,37845.2,37869.9,37842.8,37864.6,0
2019-10-07 12:15:00,37864.8,37865.8,37806.2,37807.3,0
2019-10-07 12:20:00,37808.3,37839.6,37808.3,37838.3,0
2019-10-07 12:25:00,37836.8,37838.6,37825.2,37827.6,0
2019-10-07 12:30:00,37826.0,37841.6,37810.8,37841.6,0
2019-10-07 12:35:00,37841.8,37856.3,37806.9,37817.0,0
2019-10-07 12:40:00,37821.0,37851.9,37818.1,37851.9,0
2019-10-07 12:45:00,37853.9,37876.0,37843.2,37861.7,0
2019-10-07 12:50:00,37862.5,37886.4,37858.9,37880.5,0
2019-10-07 12:55:00,37880.5,37882.2,37821.4,37828.0,0
2019-10-07 13:00:00,37823.6,37835.7,37798.6,37832.3,0
2019-10-07 13:05:00,37835.4,37852.1,37822.3,37828.2,0
2019-10-07 13:10:00,37827.3,37833.3,37816.9,37822.2,0
2019-10-07 13:15:00,37827.8,37846.9,37818.9,37827.3,0
2019-10-07 13:20:00,37827.0,37845.4,37797.5,37812.3,0
2019-10-07 13:25:00,37809.5,37809.9,37733.9,37782.8,0
2019-10-07 13:30:00,37789.1,37791.0,37754.8,37775.9,0
2019-10-07 13:35:00,37780.0,37819.1,37774.9,37792.1,0
2019-10-07 13:40:00,37796.7,37819.0,37783.8,37818.4,0
2019-10-07 13:45:00,37821.9,37821.9,37753.2,37778.1,0
2019-10-07 13:50:00,37776.8,37785.0,37748.2,37755.3,0
2019-10-07 13:55:00,37756.4,37775.1,37738.3,37765.4,0
2019-10-07 14:00:00,37766.6,37783.8,37704.2,37720.4,0
2019-10-07 14:05:00,37723.7,37763.6,37712.1,37727.1,0
2019-10-07 14:10:00,37733.9,37752.6,37698.9,37702.0,0
2019-10-07 14:15:00,37701.6,37741.6,37668.9,37734.1,0
2019-10-07 14:20:00,37736.1,37758.1,37734.0,37735.1,0
2019-10-07 14:25:00,37737.1,37755.8,37712.7,37717.6,0
2019-10-07 14:30:00,37713.3,37772.0,37690.6,37767.7,0
2019-10-07 14:35:00,37776.7,37808.8,37764.3,37771.9,0
2019-10-07 14:40:00,37770.8,37774.0,37728.4,37745.5,0
2019-10-07 14:45:00,37744.7,37744.7,37698.2,37701.8,0
2019-10-07 14:50:00,37701.9,37738.6,37671.8,37675.1,0
2019-10-07 14:55:00,37675.0,37675.0,37599.7,37635.8,0
2019-10-07 15:00:00,37630.7,37630.7,37523.7,37538.0,0
2019-10-07 15:05:00,37530.3,37607.9,37515.7,37559.1,0
2019-10-07 15:10:00,37555.2,37568.2,37497.1,37507.6,0
2019-10-07 15:15:00,37503.1,37533.0,37491.8,37516.1,0
2019-10-07 15:20:00,37514.6,37525.0,37489.9,37492.3,0
2019-10-07 15:25:00,37492.1,37506.0,37480.5,37494.2,0
2019-10-09 09:15:00,37628.1,37663.1,37503.7,37541.8,0
2019-10-09 09:20:00,37539.7,37634.3,37520.8,37593.4,0
2019-10-09 09:25:00,37588.8,37663.1,37503.7,37614.3,0
2019-10-09 09:30:00,37614.5,37620.8,37541.6,37550.7,0
2019-10-09 09:35:00,37549.7,37581.3,37523.6,37579.1,0
2019-10-09 09:40:00,37579.3,37612.3,37579.3,37587.0,0
2019-10-09 09:45:00,37588.1,37588.1,37542.7,37564.0,0
2019-10-09 09:50:00,37559.2,37587.6,37545.9,37557.8,0
2019-10-09 09:55:00,37558.7,37560.8,37498.4,37512.9,0
2019-10-09 10:00:00,37512.4,37512.4,37455.6,37500.1,0
2019-10-09 10:05:00,37499.3,37513.8,37474.4,37474.5,0
2019-10-09 10:10:00,37474.1,37499.1,37467.8,37470.5,0
2019-10-09 10:15:00,37470.4,37471.5,37415.8,37435.7,0
2019-10-09 10:20:00,37431.5,37481.7,37429.4,37466.7,0
2019-10-09 10:25:00,37464.1,37481.0,37455.3,37457.3,0
2019-10-09 10:30:00,37455.7,37534.6,37451.4,37533.9,0
2019-10-09 10:35:00,37534.1,37577.0,37530.4,37562.2,0
2019-10-09 10:40:00,37561.7,37561.7,37527.5,37557.4,0
2019-10-09 10:45:00,37563.2,37571.9,37535.1,37535.8,0
2019-10-09 10:50:00,37535.8,37542.1,37517.5,37533.9,0
2019-10-09 10:55:00,37534.3,37552.8,37522.4,37538.6,0
2019-10-09 11:00:00,37529.1,37561.4,37521.1,37554.5,0
2019-10-09 11:05:00,37551.2,37551.4,37519.0,37525.6,0
2019-10-09 11:10:00,37523.8,37533.7,37504.5,37516.8,0
2019-10-09 11:15:00,37516.9,37560.7,37516.7,37553.2,0
2019-10-09 11:20:00,37545.5,37552.4,37532.4,37543.9,0
2019-10-09 11:25:00,37542.9,37576.6,37542.9,37565.3,0
2019-10-09 11:30:00,37564.3,37650.9,37562.2,37648.7,0
2019-10-09 11:35:00,37650.1,37670.8,37621.9,37622.9,0
2019-10-09 11:40:00,37620.5,37632.3,37614.9,37629.4,0
2019-10-09 11:45:00,37631.6,37675.5,37625.8,37670.3,0
2019-10-09 11:50:00,37672.7,37753.8,37671.6,37718.5,0
2019-10-09 11:55:00,37716.8,37757.5,37707.9,37757.1,0
2019-10-09 12:00:00,37755.3,37846.4,37755.3,37813.0,0
2019-10-09 12:05:00,37815.1,37815.7,37786.8,37801.8,0
2019-10-09 12:10:00,37805.9,37827.2,37787.9,37789.2,0
2019-10-09 12:15:00,37787.7,37823.7,37765.4,37823.7,0
2019-10-09 12:20:00,37826.9,37860.5,37826.5,37837.4,0
2019-10-09 12:25:00,37836.3,37857.8,37808.5,37808.9,0
2019-10-09 12:30:00,37806.9,37820.6,37785.1,37786.2,0
2019-10-09 12:35:00,37785.1,37825.5,37782.8,37823.2,0
2019-10-09 12:40:00,37822.4,37839.8,37809.1,37819.2,0
2019-10-09 12:45:00,37818.8,37838.8,37807.8,37826.8,0
2019-10-09 12:50:00,37827.7,37898.0,37815.8,37894.6,0
2019-10-09 12:55:00,37892.8,37920.0,37882.6,37905.2,0
2019-10-09 13:00:00,37904.2,37908.0,37877.7,37887.7,0
2019-10-09 13:05:00,37886.7,37886.7,37854.7,37864.2,0
2019-10-09 13:10:00,37861.4,37900.4,37851.1,37900.3,0
2019-10-09 13:15:00,37900.0,37906.4,37884.8,37901.9,0
2019-10-09 13:20:00,37902.6,37944.1,37900.8,37924.9,0
2019-10-09 13:25:00,37921.1,37924.8,37892.8,37916.0,0
2019-10-09 13:30:00,37920.2,37957.4,37916.9,37949.0,0
2019-10-09 13:35:00,37946.9,37947.7,37899.3,37910.9,0
2019-10-09 13:40:00,37908.9,37933.1,37898.8,37932.2,0
2019-10-09 13:45:00,37928.4,37941.7,37893.9,37902.0,0
2019-10-09 13:50:00,37906.8,37930.2,37904.7,37924.9,0
2019-10-09 13:55:00,37928.1,37991.8,37924.3,37967.4,0
2019-10-09 14:00:00,37967.7,38006.1,37956.7,37956.7,0
2019-10-09 14:05:00,37953.9,37962.8,37915.3,37958.9,0
2019-10-09 14:10:00,37957.7,37985.7,37956.4,37970.0,0
2019-10-09 14:15:00,37968.6,38000.5,37964.0,37980.4,0
2019-10-09 14:20:00,37979.8,37986.8,37955.4,37959.0,0
2019-10-09 14:25:00,37959.4,37999.7,37948.5,37989.0,0
2019-10-09 14:30:00,37989.3,38027.3,37989.3,38017.0,0
2019-10-09 14:35:00,38015.5,38053.0,38013.3,38029.8,0
2019-10-09 14:40:00,38052.4,38066.1,38014.2,38063.7,0
2019-10-09 14:45:00,38067.8,38175.9,38066.7,38134.7,0
2019-10-09 14:50:00,38132.9,38163.6,38107.8,38142.8,0
2019-10-09 14:55:00,38144.3,38188.6,38138.7,38164.3,0
2019-10-09 15:00:00,38164.5,38202.8,38155.1,38169.6,0
2019-10-09 15:05:00,38171.6,38195.8,38162.1,38165.9,0
2019-10-09 15:10:00,38165.3,38178.6,38148.9,38172.8,0
2019-10-09 15:15:00,38178.7,38193.6,38160.1,38171.0,0
2019-10-09 15:20:00,38170.9,38197.9,38164.3,38194.9,0
2019-10-09 15:25:00,38192.8,38208.2,38185.1,38202.0,0
2019-10-10 09:15:00,38130.2,38130.2,38018.7,38023.2,0
2019-10-10 09:20:00,38030.0,38082.1,38023.8,38052.8,0
2019-10-10 09:25:00,38056.1,38062.9,37990.9,38032.7,0
2019-10-10 09:30:00,38030.4,38040.9,37994.5,38004.8,0
2019-10-10 09:35:00,38005.4,38028.0,37985.6,37996.0,0
2019-10-10 09:40:00,38002.5,38053.4,37995.3,38037.1,0
2019-10-10 09:45:00,38034.6,38047.8,37994.7,38004.9,0
2019-10-10 09:50:00,38005.2,38028.2,37996.6,38021.7,0
2019-10-10 09:55:00,38005.4,38018.5,37978.9,38018.5,0
2019-10-10 10:00:00,38019.3,38062.0,38005.3,38043.1,0
2019-10-10 10:05:00,38036.5,38104.0,38027.1,38095.1,0
2019-10-10 10:10:00,38103.3,38107.7,38067.6,38088.3,0
2019-10-10 10:15:00,38089.6,38089.6,38027.0,38027.9,0
2019-10-10 10:20:00,38032.3,38066.6,38022.2,38024.5,0
2019-10-10 10:25:00,38025.5,38130.2,37978.9,38036.3,0
2019-10-10 10:30:00,38036.8,38061.7,38031.8,38031.8,0
2019-10-10 10:35:00,38029.8,38063.1,38026.3,38049.5,0
2019-10-10 10:40:00,38049.5,38078.8,38048.1,38072.2,0
2019-10-10 10:45:00,38072.2,38109.4,38072.2,38087.9,0
2019-10-10 10:50:00,38089.5,38110.4,38066.0,38066.0,0
2019-10-10 10:55:00,38067.0,38078.5,38046.5,38067.2,0
2019-10-10 11:00:00,38067.1,38089.3,38061.8,38087.9,0
2019-10-10 11:05:00,38086.4,38086.9,38034.6,38034.9,0
2019-10-10 11:10:00,38029.3,38035.8,38011.4,38018.0,0
2019-10-10 11:15:00,38015.5,38015.5,37883.9,37908.5,0
2019-10-10 11:20:00,37913.7,37940.5,37906.7,37922.8,0
2019-10-10 11:25:00,37921.0,37956.9,37918.4,37944.9,0
2019-10-10 11:30:00,37944.7,37944.7,37881.9,37881.9,0
2019-10-10 11:35:00,37886.6,37909.4,37882.2,37903.5,0
2019-10-10 11:40:00,37903.5,37938.8,37892.2,37933.2,0
2019-10-10 11:45:00,37935.3,37936.9,37910.1,37919.1,0
2019-10-10 11:50:00,37920.3,37925.5,37899.7,37902.1,0
2019-10-10 11:55:00,37903.0,37934.6,37901.0,37928.3,0
2019-10-10 12:00:00,37929.2,37934.8,37899.4,37904.0,0
2019-10-10 12:05:00,37906.2,37907.0,37861.6,37869.6,0
2019-10-10 12:10:00,37871.2,37908.8,37865.9,37901.0,0
2019-10-10 12:15:00,37900.7,37907.6,37879.6,37907.5,0
2019-10-10 12:20:00,37907.9,37973.4,37903.6,37956.8,0
2019-10-10 12:25:00,37958.4,37969.6,37951.7,37965.1,0
2019-10-10 12:30:00,37964.6,37999.9,37962.3,37964.9,0
2019-10-10 12:35:00,37966.3,37966.7,37919.4,37921.1,0
2019-10-10 12:40:00,37920.0,37939.0,37912.8,37938.7,0
2019-10-10 12:45:00,37939.2,37940.1,37876.7,37902.6,0
2019-10-10 12:50:00,37901.9,37954.6,37896.5,37945.5,0
2019-10-10 12:55:00,37943.9,37953.5,37908.3,37913.0,0
2019-10-10 13:00:00,37914.0,37922.3,37818.4,37826.9,0
2019-10-10 13:05:00,37826.0,37837.5,37806.3,37806.7,0
2019-10-10 13:10:00,37806.1,37862.8,37802.9,37861.6,0
2019-10-10 13:15:00,37860.5,37876.5,37849.1,37867.8,0
2019-10-10 13:20:00,37870.4,37937.7,37867.3,37881.9,0
2019-10-10 13:25:00,37880.4,37890.3,37846.9,37867.6,0
2019-10-10 13:30:00,37868.6,37899.4,37868.6,37884.0,0
2019-10-10 13:35:00,37884.1,37884.1,37858.3,37859.9,0
2019-10-10 13:40:00,37858.4,37885.2,37854.1,37862.2,0
2019-10-10 13:45:00,37863.3,37865.0,37826.9,37858.4,0
2019-10-10 13:50:00,37858.2,37887.3,37834.2,37883.0,0
2019-10-10 13:55:00,37881.2,37925.0,37881.2,37919.0,0
2019-10-10 14:00:00,37919.4,37928.7,37886.1,37895.5,0
2019-10-10 14:05:00,37894.5,38130.2,37802.9,37895.5,0
2019-10-10 14:10:00,37896.9,37918.2,37892.0,37907.1,0
2019-10-10 14:15:00,37899.6,37913.4,37885.3,37897.5,0
2019-10-10 14:20:00,37895.2,37956.3,37895.0,37929.8,0
2019-10-10 14:25:00,37931.1,37933.0,37866.0,37891.3,0
2019-10-10 14:30:00,37890.2,37890.2,37822.0,37823.0,0
2019-10-10 14:35:00,37823.2,37867.6,37815.8,37851.1,0
2019-10-10 14:40:00,37847.6,37860.4,37829.9,37834.0,0
2019-10-10 14:45:00,37833.0,37856.3,37821.4,37832.9,0
2019-10-10 14:50:00,37833.7,37883.7,37828.7,37869.4,0
2019-10-10 14:55:00,37870.8,37872.1,37822.0,37831.4,0
2019-10-10 15:00:00,37828.0,37855.9,37824.9,37855.9,0
2019-10-10 15:05:00,37856.5,37878.4,37853.4,37870.8,0
2019-10-10 15:10:00,37872.6,37889.1,37866.4,37876.4,0
2019-10-10 15:15:00,37879.3,37896.6,37868.9,37896.6,0
2019-10-10 15:20:00,37897.2,37929.5,37887.2,37923.3,0
2019-10-10 15:25:00,37922.1,37923.9,37896.8,37902.5,0
2019-10-11 09:15:00,37994.5,38110.6,37961.1,38109.9,0
2019-10-11 09:20:00,38108.9,38167.4,38101.3,38148.8,0
2019-10-11 09:25:00,38150.5,38197.1,38150.5,38182.1,0
2019-10-11 09:30:00,38181.1,38239.3,38176.9,38238.9,0
2019-10-11 09:35:00,38244.3,38330.7,38244.3,38310.5,0
2019-10-11 09:40:00,38305.4,38312.4,38257.6,38263.3,0
2019-10-11 09:45:00,38264.2,38302.6,38241.7,38283.9,0
2019-10-11 09:50:00,38286.8,38345.4,38285.4,38325.8,0
2019-10-11 09:55:00,38330.5,38330.5,38261.5,38272.9,0
2019-10-11 10:00:00,38271.8,38275.0,38243.8,38253.3,0
2019-10-11 10:05:00,38255.3,38314.6,38252.7,38301.7,0
2019-10-11 10:10:00,38303.6,38316.9,38283.9,38302.1,0
2019-10-11 10:15:00,38298.6,38306.7,38262.7,38268.9,0
2019-10-11 10:20:00,38266.8,38291.9,38263.4,38280.8,0
2019-10-11 10:25:00,38282.5,38282.5,38218.8,38221.9,0
2019-10-11 10:30:00,38218.5,38230.3,38112.3,38147.4,0
2019-10-11 10:35:00,38145.9,38159.8,38103.2,38106.8,0
2019-10-11 10:40:00,38105.9,38106.2,37908.5,37982.7,0
2019-10-11 10:45:00,37984.6,37984.6,37737.9,37757.9,0
2019-10-11 10:50:00,37757.8,37927.2,37751.0,37924.9,0
2019-10-11 10:55:00,37918.6,37974.1,37913.6,37914.2,0
2019-10-11 11:00:00,37914.3,37971.6,37877.8,37963.6,0
2019-10-11 11:05:00,37969.2,37975.4,37918.6,37936.9,0
2019-10-11 11:10:00,37939.3,37959.4,37910.3,37952.7,0
2019-10-11 11:15:00,37948.6,37948.6,37907.4,37921.8,0
2019-10-11 11:20:00,37922.0,38050.9,37922.0,38036.6,0
2019-10-11 11:25:00,38036.4,38054.6,38018.2,38046.8,0
2019-10-11 11:30:00,38041.8,38047.5,37965.7,37993.4,0
2019-10-11 11:35:00,37993.3,38018.3,37974.8,37975.5,0
2019-10-11 11:40:00,37975.0,37979.8,37891.3,37925.3,0
2019-10-11 11:45:00,37921.4,37931.9,37881.5,37931.6,0
2019-10-11 11:50:00,37931.9,37937.9,37888.6,37891.9,0
2019-10-11 11:55:00,37891.8,37928.8,37884.4,37921.2,0
2019-10-11 12:00:00,37921.1,37972.6,37921.1,37962.9,0
2019-10-11 12:05:00,37960.5,38000.2,37953.8,37970.8,0
2019-10-11 12:10:00,37971.6,37971.6,37925.0,37938.7,0
2019-10-11 12:15:00,37941.5,37973.6,37937.2,37960.8,0
2019-10-11 12:20:00,37959.2,37975.3,37932.7,37964.2,0
2019-10-11 12:25:00,37964.0,37964.0,37940.2,37952.5,0
2019-10-11 12:30:00,37960.1,38000.8,37953.6,37960.2,0
2019-10-11 12:35:00,37959.8,37966.8,37924.1,37965.4,0
2019-10-11 12:40:00,37969.6,38021.2,37967.0,37986.1,0
2019-10-11 12:45:00,37987.8,37988.5,37931.2,37937.0,0
2019-10-11 12:50:00,37936.6,37971.5,37934.6,37949.9,0
2019-10-11 12:55:00,37949.7,38020.0,37949.2,38014.2,0
2019-10-11 13:00:00,38011.4,38036.5,38006.4,38026.9,0
2019-10-11 13:05:00,38026.1,38060.5,38016.3,38032.3,0
2019-10-11 13:10:00,38029.9,38045.8,38000.5,38018.8,0
2019-10-11 13:15:00,38019.1,38034.9,37961.8,37979.4,0
2019-10-11 13:20:00,37977.2,38002.7,37976.2,38002.7,0
2019-10-11 13:25:00,38000.6,38028.5,37996.6,38006.0,0
2019-10-11 13:30:00,38005.4,38009.2,37950.4,37952.0,0
2019-10-11 13:35:00,37956.6,37986.9,37953.5,37958.8,0
2019-10-11 13:40:00,37959.2,37995.2,37953.6,37989.7,0
2019-10-11 13:45:00,37989.8,38028.5,37983.2,38014.3,0
2019-10-11 13:50:00,38013.1,38062.5,38012.0,38041.2,0
2019-10-11 13:55:00,38041.0,38062.7,38032.8,38056.1,0
2019-10-11 14:00:00,38079.9,38215.3,38079.9,38214.0,0
2019-10-11 14:05:00,38216.8,38247.5,38150.1,38150.3,0
2019-10-11 14:10:00,38145.8,38176.9,38114.6,38146.1,0
2019-10-11 14:15:00,38144.2,38173.3,38129.2,38129.2,0
2019-10-11 14:20:00,38129.9,38163.0,38113.6,38147.6,0
2019-10-11 14:25:00,38147.3,38164.9,38136.6,38153.3,0
2019-10-11 14:30:00,38152.5,38155.1,37996.9,38062.6,0
2019-10-11 14:35:00,38063.8,38345.4,37737.9,38095.4,0
2019-10-11 14:40:00,38094.6,38094.6,38060.0,38080.0,0
2019-10-11 14:45:00,38079.3,38079.7,38038.5,38053.2,0
2019-10-11 14:50:00,38054.8,38058.1,37988.6,38000.9,0
2019-10-11 14:55:00,37999.1,38045.6,37995.1,38041.9,0
2019-10-11 15:00:00,38047.1,38126.2,38047.1,38120.9,0
2019-10-11 15:05:00,38112.6,38167.7,38101.4,38131.1,0
2019-10-11 15:10:00,38129.3,38149.1,38121.5,38135.9,0
2019-10-11 15:15:00,38138.5,38140.7,38099.9,38121.5,0
2019-10-11 15:20:00,38123.8,38124.9,38092.2,38105.1,0
2019-10-11 15:25:00,38106.6,38130.7,38097.1,38106.2,0
2019-10-14 09:15:00,38208.2,38287.1,38161.4,38263.2,0
2019-10-14 09:20:00,38261.9,38277.9,38178.2,38184.8,0
2019-10-14 09:25:00,38181.2,38209.6,38097.8,38119.6,0
2019-10-14 09:30:00,38121.7,38132.1,38066.1,38132.1,0
2019-10-14 09:35:00,38131.2,38226.0,38131.2,38219.4,0
2019-10-14 09:40:00,38218.1,38233.9,38196.9,38215.9,0
2019-10-14 09:45:00,38220.4,38241.7,38168.2,38234.2,0
2019-10-14 09:50:00,38232.9,38266.0,38225.9,38263.7,0
2019-10-14 09:55:00,38260.2,38281.2,38226.6,38230.4,0
2019-10-14 10:00:00,38230.6,38242.4,38199.1,38204.4,0
2019-10-14 10:05:00,38204.2,38226.4,38184.1,38200.2,0
2019-10-14 10:10:00,38199.8,38226.6,38184.1,38220.1,0
2019-10-14 10:15:00,38219.9,38255.1,38215.8,38242.6,0
2019-10-14 10:20:00,38242.9,38244.7,38204.7,38241.9,0
2019-10-14 10:25:00,38242.0,38301.1,38232.3,38297.0,0
2019-10-14 10:30:00,38299.7,38361.1,38299.7,38338.1,0
2019-10-14 10:35:00,38341.9,38364.0,38327.5,38341.3,0
2019-10-14 10:40:00,38345.9,38376.0,38345.9,38365.8,0
2019-10-14 10:45:00,38362.6,38373.4,38298.9,38306.3,0
2019-10-14 10:50:00,38306.0,38322.1,38295.4,38311.6,0
2019-10-14 10:55:00,38310.7,38319.6,38285.0,38317.8,0
2019-10-14 11:00:00,38317.9,38366.1,38316.2,38364.4,0
2019-10-14 11:05:00,38369.5,38371.5,38345.1,38364.7,0
2019-10-14 11:10:00,38366.4,38383.6,38343.9,38351.1,0
2019-10-14 11:15:00,38347.9,38352.5,38329.4,38349.6,0
2019-10-14 11:20:00,38349.9,38350.5,38316.2,38318.2,0
2019-10-14 11:25:00,38317.9,38334.6,38303.4,38307.5,0
2019-10-14 11:30:00,38309.9,38325.8,38305.3,38323.7,0
2019-10-14 11:35:00,38329.2,38340.3,38323.1,38334.5,0
2019-10-14 11:40:00,38332.8,38338.9,38319.3,38324.0,0
2019-10-14 11:45:00,38324.6,38355.4,38324.6,38332.1,0
2019-10-14 11:50:00,38332.2,38332.2,38289.7,38309.4,0
2019-10-14 11:55:00,38311.9,38317.2,38282.7,38295.9,0
2019-10-14 12:00:00,38296.0,38319.1,38296.0,38318.6,0
2019-10-14 12:05:00,38316.4,38317.3,38298.2,38301.1,0
2019-10-14 12:10:00,38303.6,38327.9,38301.3,38326.7,0
2019-10-14 12:15:00,38326.5,38352.2,38326.5,38351.4,0
2019-10-14 12:20:00,38350.1,38357.0,38324.5,38332.9,0
2019-10-14 12:25:00,38331.8,38343.7,38313.4,38318.4,0
2019-10-14 12:30:00,38318.1,38336.4,38317.5,38324.0,0
2019-10-14 12:35:00,38322.9,38325.2,38291.0,38300.3,0
2019-10-14 12:40:00,38298.5,38311.1,38297.7,38301.7,0
2019-10-14 12:45:00,38301.6,38353.9,38289.5,38353.8,0
2019-10-14 12:50:00,38352.8,38354.1,38324.4,38332.5,0
2019-10-14 12:55:00,38332.7,38338.9,38315.6,38317.3,0
2019-10-14 13:00:00,38319.7,38321.9,38284.2,38298.5,0
2019-10-14 13:05:00,38299.5,38303.6,38238.6,38251.6,0
2019-10-14 13:10:00,38250.9,38284.3,38239.9,38277.1,0
2019-10-14 13:15:00,38276.4,38317.2,38275.7,38293.3,0
2019-10-14 13:20:00,38293.3,38318.9,38293.3,38312.5,0
2019-10-14 13:25:00,38308.4,38346.8,38298.3,38344.3,0
2019-10-14 13:30:00,38341.6,38350.4,38301.2,38301.2,0
2019-10-14 13:35:00,38300.0,38320.1,38290.6,38318.4,0
2019-10-14 13:40:00,38320.2,38331.6,38313.2,38316.6,0
2019-10-14 13:45:00,38318.3,38384.6,38316.1,38381.7,0
2019-10-14 13:50:00,38376.6,38421.6,38376.6,38406.5,0
2019-10-14 13:55:00,38405.2,38453.2,38398.0,38450.5,0
2019-10-14 14:00:00,38449.1,38475.6,38417.9,38425.9,0
2019-10-14 14:05:00,38425.8,38458.7,38409.2,38446.3,0
2019-10-14 14:10:00,38444.8,38472.2,38440.4,38458.1,0
2019-10-14 14:15:00,38456.5,38513.7,38450.0,38493.5,0
2019-10-14 14:20:00,38492.7,38509.6,38473.3,38473.6,0
2019-10-14 14:25:00,38474.2,38487.8,38461.4,38485.9,0
2019-10-14 14:30:00,38485.4,38495.4,38456.2,38456.8,0
2019-10-14 14:35:00,38457.8,38482.5,38444.9,38444.9,0
2019-10-14 14:40:00,38444.1,38449.2,38413.2,38446.2,0
2019-10-14 14:45:00,38447.6,38480.3,38444.4,38453.6,0
2019-10-14 14:50:00,38448.4,38450.9,38329.7,38345.8,0
2019-10-14 14:55:00,38346.8,38353.2,38259.0,38312.5,0
2019-10-14 15:00:00,38311.3,38331.1,38294.9,38321.2,0
2019-10-14 15:05:00,38318.7,38336.5,38294.0,38294.0,0
2019-10-14 15:10:00,38295.3,38295.7,38177.0,38178.7,0
2019-10-14 15:15:00,38179.7,38186.9,38136.6,38186.2,0
2019-10-14 15:20:00,38187.1,38214.6,38185.6,38214.5,0
2019-10-14 15:25:00,38212.7,38217.0,38196.2,38202.2,0
2019-10-15 09:15:00,38316.5,38351.5,38238.3,38321.5,0
2019-10-15 09:20:00,38329.1,38355.3,38315.5,38334.2,0
2019-10-15 09:25:00,38334.5,38334.5,38270.1,38300.1,0
2019-10-15 09:30:00,38302.5,38326.3,38292.6,38313.1,0
2019-10-15 09:35:00,38315.6,38369.1,38313.4,38346.7,0
2019-10-15 09:40:00,38349.3,38351.4,38319.8,38328.4,0
2019-10-15 09:45:00,38329.0,38338.7,38303.8,38303.8,0
2019-10-15 09:50:00,38299.0,38336.4,38283.9,38329.8,0
2019-10-15 09:55:00,38331.6,38384.0,38327.9,38372.5,0
2019-10-15 10:00:00,38378.9,38402.9,38373.8,38380.4,0
2019-10-15 10:05:00,38380.2,38423.5,38376.8,38422.5,0
2019-10-15 10:10:00,38419.5,38430.0,38406.1,38415.5,0
2019-10-15 10:15:00,38413.7,38443.3,38396.3,38409.7,0
2019-10-15 10:20:00,38409.6,38413.6,38391.3,38408.1,0
2019-10-15 10:25:00,38408.1,38408.1,38366.0,38394.8,0
2019-10-15 10:30:00,38393.4,38409.9,38380.4,38397.2,0
2019-10-15 10:35:00,38398.4,38443.3,38238.3,38419.4,0
2019-10-15 10:40:00,38419.0,38438.4,38402.3,38411.6,0
2019-10-15 10:45:00,38411.3,38419.2,38400.6,38416.4,0
2019-10-15 10:50:00,38415.5,38427.9,38403.8,38419.3,0
2019-10-15 10:55:00,38419.1,38429.7,38411.9,38426.6,0
2019-10-15 11:00:00,38433.8,38469.5,38432.0,38451.7,0
2019-10-15 11:05:00,38452.8,38456.4,38432.1,38456.0,0
2019-10-15 11:10:00,38454.8,38459.9,38435.3,38439.1,0
2019-10-15 11:15:00,38438.8,38442.6,38416.6,38442.0,0
2019-10-15 11:20:00,38442.0,38456.7,38439.5,38456.3,0
2019-10-15 11:25:00,38457.0,38458.1,38443.0,38443.0,0
2019-10-15 11:30:00,38443.3,38474.3,38441.8,38466.1,0
2019-10-15 11:35:00,38470.6,38488.4,38457.0,38476.3,0
2019-10-15 11:40:00,38474.8,38494.2,38471.8,38491.7,0
2019-10-15 11:45:00,38491.4,38500.6,38480.4,38483.2,0
2019-10-15 11:50:00,38482.9,38492.5,38449.9,38461.8,0
2019-10-15 11:55:00,38463.8,38486.9,38460.3,38486.9,0
2019-10-15 12:00:00,38487.0,38494.5,38459.8,38465.3,0
2019-10-15 12:05:00,38465.2,38475.8,38459.9,38473.1,0
2019-10-15 12:10:00,38470.9,38504.9,38469.1,38502.1,0
2019-10-15 12:15:00,38503.9,38537.9,38500.4,38524.4,0
2019-10-15 12:20:00,38524.1,38527.4,38496.9,38504.9,0
2019-10-15 12:25:00,38507.6,38514.7,38485.9,38486.6,0
2019-10-15 12:30:00,38487.4,38499.6,38473.9,38478.1,0
2019-10-15 12:35:00,38478.0,38489.6,38445.1,38448.1,0
2019-10-15 12:40:00,38445.3,38446.6,38388.2,38428.7,0
2019-10-15 12:45:00,38428.4,38463.7,38421.9,38458.1,0
2019-10-15 12:50:00,38458.9,38474.4,38455.5,38455.6,0
2019-10-15 12:55:00,38453.8,38459.8,38441.8,38456.4,0
2019-10-15 13:00:00,38457.3,38471.6,38439.4,38439.4,0
2019-10-15 13:05:00,38439.5,38443.8,38417.4,38425.0,0
2019-10-15 13:10:00,38425.0,38442.4,38424.7,38433.2,0
2019-10-15 13:15:00,38432.9,38444.2,38403.8,38442.4,0
2019-10-15 13:20:00,38443.8,38445.1,38419.8,38419.8,0
2019-10-15 13:25:00,38420.3,38457.0,38419.3,38451.8,0
2019-10-15 13:30:00,38451.7,38472.7,38438.2,38464.0,0
2019-10-15 13:35:00,38464.9,38465.1,38443.4,38452.6,0
2019-10-15 13:40:00,38449.0,38535.1,38444.9,38520.7,0
2019-10-15 13:45:00,38521.3,38553.3,38238.3,38537.3,0
2019-10-15 13:50:00,38538.2,38549.5,38511.5,38517.8,0
2019-10-15 13:55:00,38521.4,38521.4,38503.0,38510.2,0
2019-10-15 14:00:00,38510.5,38537.6,38510.5,38526.3,0
2019-10-15 14:05:00,38520.8,38553.3,38238.3,38515.8,0
2019-10-15 14:10:00,38518.8,38549.4,38509.6,38538.8,0
2019-10-15 14:15:00,38539.7,38625.8,38539.7,38608.0,0
2019-10-15 14:20:00,38614.5,38627.1,38565.9,38580.6,0
2019-10-15 14:25:00,38585.8,38620.1,38574.5,38609.7,0
2019-10-15 14:30:00,38608.7,38635.2,38585.4,38588.0,0
2019-10-15 14:35:00,38586.3,38589.6,38550.9,38581.5,0
2019-10-15 14:40:00,38578.8,38578.8,38512.0,38555.6,0
2019-10-15 14:45:00,38556.2,38607.7,38555.7,38567.2,0
2019-10-15 14:50:00,38563.9,38569.2,38545.7,38556.1,0
2019-10-15 14:55:00,38569.0,38635.2,38238.3,38534.8,0
2019-10-15 15:00:00,38539.6,38539.6,38495.9,38503.2,0
2019-10-15 15:05:00,38504.0,38527.8,38503.2,38515.3,0
2019-10-15 15:10:00,38510.8,38516.7,38487.6,38500.0,0
2019-10-15 15:15:00,38496.3,38523.0,38491.0,38503.8,0
2019-10-15 15:20:00,38507.1,38519.9,38496.9,38503.6,0
2019-10-15 15:25:00,38504.8,38518.9,38500.1,38518.9,0
2019-10-16 09:15:00,38637.1,38660.2,38598.3,38614.2,0
2019-10-16 09:20:00,38606.6,38616.8,38589.6,38598.1,0
2019-10-16 09:25:00,38592.9,38660.2,38553.9,38610.7,0
2019-10-16 09:30:00,38615.7,38666.4,38615.7,38652.5,0
2019-10-16 09:35:00,38648.8,38659.5,38631.2,38639.4,0
2019-10-16 09:40:00,38639.1,38661.2,38623.6,38629.9,0
2019-10-16 09:45:00,38630.2,38636.2,38586.5,38609.3,0
2019-10-16 09:50:00,38601.0,38602.2,38524.0,38538.6,0
2019-10-16 09:55:00,38539.0,38591.5,38519.9,38567.1,0
2019-10-16 10:00:00,38564.1,38564.4,38516.2,38533.0,0
2019-10-16 10:05:00,38538.3,38552.5,38496.3,38500.9,0
2019-10-16 10:10:00,38500.1,38666.4,38466.8,38515.2,0
2019-10-16 10:15:00,38513.2,38553.2,38509.7,38545.0,0
2019-10-16 10:20:00,38545.3,38577.3,38537.3,38577.3,0
2019-10-16 10:25:00,38572.7,38589.4,38559.7,38565.1,0
2019-10-16 10:30:00,38562.7,38573.9,38553.4,38572.3,0
2019-10-16 10:35:00,38571.6,38590.2,38569.8,38579.6,0
2019-10-16 10:40:00,38578.5,38601.3,38576.5,38584.7,0
2019-10-16 10:45:00,38583.8,38609.2,38582.5,38607.6,0
2019-10-16 10:50:00,38606.4,38613.2,38591.4,38594.0,0
2019-10-16 10:55:00,38593.5,38596.7,38578.4,38585.5,0
2019-10-16 11:00:00,38585.5,38604.5,38573.6,38604.5,0
2019-10-16 11:05:00,38603.8,38610.9,38593.2,38601.6,0
2019-10-16 11:10:00,38599.7,38601.3,38570.3,38577.3,0
2019-10-16 11:15:00,38578.9,38593.3,38561.2,38592.1,0
2019-10-16 11:20:00,38592.6,38606.7,38589.6,38589.6,0
2019-10-16 11:25:00,38592.0,38592.8,38565.2,38570.5,0
2019-10-16 11:30:00,38571.4,38579.8,38543.0,38579.8,0
2019-10-16 11:35:00,38579.3,38589.7,38573.3,38576.0,0
2019-10-16 11:40:00,38576.5,38578.1,38555.0,38565.1,0
2019-10-16 11:45:00,38566.8,38597.4,38563.9,38588.2,0
2019-10-16 11:50:00,38588.3,38603.4,38583.2,38598.0,0
2019-10-16 11:55:00,38596.5,38599.2,38585.1,38597.6,0
2019-10-16 12:00:00,38593.9,38612.1,38593.5,38599.7,0
2019-10-16 12:05:00,38598.9,38618.0,38592.6,38617.0,0
2019-10-16 12:10:00,38616.1,38619.5,38583.2,38585.8,0
2019-10-16 12:15:00,38588.4,38591.9,38555.2,38571.6,0
2019-10-16 12:20:00,38573.5,38599.3,38561.1,38591.8,0
2019-10-16 12:25:00,38591.7,38600.7,38589.2,38595.5,0
2019-10-16 12:30:00,38593.6,38614.0,38591.1,38609.4,0
2019-10-16 12:35:00,38609.4,38610.4,38598.0,38598.0,0
2019-10-16 12:40:00,38597.2,38598.6,38585.8,38586.5,0
2019-10-16 12:45:00,38583.0,38592.8,38570.8,38591.4,0
2019-10-16 12:50:00,38592.0,38603.7,38588.1,38595.6,0
2019-10-16 12:55:00,38595.5,38596.1,38474.1,38502.0,0
2019-10-16 13:00:00,38503.8,38540.0,38501.5,38529.5,0
2019-10-16 13:05:00,38530.3,38540.4,38525.3,38529.1,0
2019-10-16 13:10:00,38528.7,38528.7,38471.8,38502.0,0
2019-10-16 13:15:00,38497.5,38499.2,38417.3,38455.1,0
2019-10-16 13:20:00,38455.2,38483.0,38440.4,38475.7,0
2019-10-16 13:25:00,38472.8,38473.0,38441.6,38462.2,0
2019-10-16 13:30:00,38461.9,38463.9,38416.7,38441.9,0
2019-10-16 13:35:00,38442.6,38465.5,38431.3,38431.3,0
2019-10-16 13:40:00,38429.9,38462.9,38419.0,38460.7,0
2019-10-16 13:45:00,38458.3,38484.3,38455.0,38470.8,0
2019-10-16 13:50:00,38470.1,38470.1,38448.5,38453.6,0
2019-10-16 13:55:00,38454.7,38462.6,38442.0,38460.4,0
2019-10-16 14:00:00,38460.2,38464.4,38437.1,38439.6,0
2019-10-16 14:05:00,38438.6,38539.0,38438.2,38531.4,0
2019-10-16 14:10:00,38531.7,38531.7,38498.2,38499.5,0
2019-10-16 14:15:00,38499.5,38521.2,38495.0,38495.1,0
2019-10-16 14:20:00,38495.4,38522.4,38473.5,38517.2,0
2019-10-16 14:25:00,38516.7,38528.9,38506.8,38521.4,0
2019-10-16 14:30:00,38519.9,38555.1,38513.7,38514.6,0
2019-10-16 14:35:00,38515.2,38518.9,38485.1,38490.9,0
2019-10-16 14:40:00,38492.7,38502.1,38481.5,38488.9,0
2019-10-16 14:45:00,38483.7,38487.6,38462.2,38480.2,0
2019-10-16 14:50:00,38477.8,38504.2,38471.9,38483.2,0
2019-10-16 14:55:00,38481.7,38497.8,38464.5,38496.1,0
2019-10-16 15:00:00,38497.9,38542.9,38495.4,38539.3,0
2019-10-16 15:05:00,38538.9,38568.5,38538.3,38568.4,0
2019-10-16 15:10:00,38567.8,38617.6,38565.4,38617.0,0
2019-10-16 15:15:00,38612.3,38628.4,38594.6,38604.0,0
2019-10-16 15:20:00,38601.2,38624.0,38598.6,38619.1,0
2019-10-16 15:25:00,38617.2,38634.6,38614.0,38622.7,0
2019-10-17 09:15:00,38647.4,38684.1,38557.4,38671.0,0
2019-10-17 09:20:00,38666.4,38702.9,38557.4,38662.3,0
2019-10-17 09:25:00,38668.1,38668.1,38630.1,38653.5,0
2019-10-17 09:30:00,38652.2,38653.3,38602.8,38631.2,0
2019-10-17 09:35:00,38632.7,38653.3,38629.8,38635.6,0
2019-10-17 09:40:00,38635.6,38665.3,38620.9,38658.9,0
2019-10-17 09:45:00,38657.4,38664.6,38634.3,38655.4,0
2019-10-17 09:50:00,38649.7,38674.1,38641.3,38666.4,0
2019-10-17 09:55:00,38666.7,38678.6,38646.5,38649.2,0
2019-10-17 10:00:00,38649.3,38682.7,38642.8,38674.4,0
2019-10-17 10:05:00,38673.1,38698.5,38669.1,38698.5,0
2019-10-17 10:10:00,38698.0,38700.4,38676.1,38682.3,0
2019-10-17 10:15:00,38680.9,38691.6,38665.9,38688.4,0
2019-10-17 10:20:00,38687.9,38695.7,38664.6,38672.0,0
2019-10-17 10:25:00,38669.2,38685.5,38658.2,38661.5,0
2019-10-17 10:30:00,38661.1,38683.1,38656.9,38671.1,0
2019-10-17 10:35:00,38671.6,38684.4,38664.1,38671.9,0
2019-10-17 10:40:00,38672.4,38701.9,38662.1,38696.1,0
2019-10-17 10:45:00,38693.9,38699.4,38686.9,38688.9,0
2019-10-17 10:50:00,38688.0,38690.4,38667.7,38673.8,0
2019-10-17 10:55:00,38681.6,38682.7,38644.2,38655.6,0
2019-10-17 11:00:00,38656.2,38672.9,38639.1,38642.0,0
2019-10-17 11:05:00,38639.7,38702.9,38557.4,38639.4,0
2019-10-17 11:10:00,38636.2,38648.3,38624.6,38635.2,0
2019-10-17 11:15:00,38635.6,38643.8,38601.2,38605.5,0
2019-10-17 11:20:00,38605.7,38614.2,38591.1,38609.8,0
2019-10-17 11:25:00,38611.4,38625.5,38600.4,38610.1,0
2019-10-17 11:30:00,38610.3,38622.9,38608.6,38609.6,0
2019-10-17 11:35:00,38609.7,38628.5,38600.2,38619.8,0
2019-10-17 11:40:00,38619.5,38632.6,38616.4,38620.4,0
2019-10-17 11:45:00,38621.6,38622.1,38598.2,38598.9,0
2019-10-17 11:50:00,38601.0,38637.2,38598.7,38633.7,0
2019-10-17 11:55:00,38631.2,38691.2,38631.2,38684.7,0
2019-10-17 12:00:00,38683.4,38710.3,38656.7,38667.9,0
2019-10-17 12:05:00,38666.6,38686.1,38661.3,38682.9,0
2019-10-17 12:10:00,38679.2,38680.6,38665.8,38674.6,0
2019-10-17 12:15:00,38672.3,38682.2,38657.0,38666.0,0
2019-10-17 12:20:00,38665.9,38686.0,38659.7,38681.7,0
2019-10-17 12:25:00,38681.7,38683.1,38665.7,38681.3,0
2019-10-17 12:30:00,38681.0,38682.3,38654.2,38669.8,0
2019-10-17 12:35:00,38670.2,38748.8,38665.5,38747.5,0
2019-10-17 12:40:00,38753.3,38762.5,38730.4,38759.8,0
2019-10-17 12:45:00,38760.6,38761.9,38734.2,38745.9,0
2019-10-17 12:50:00,38744.6,38745.6,38731.6,38738.4,0
2019-10-17 12:55:00,38741.0,38797.3,38740.8,38791.9,0
2019-10-17 13:00:00,38793.7,38812.0,38557.4,38810.9,0
2019-10-17 13:05:00,38811.8,38823.6,38800.5,38818.6,0
2019-10-17 13:10:00,38819.7,38848.7,38819.7,38841.0,0
2019-10-17 13:15:00,38842.6,38850.2,38809.9,38816.7,0
2019-10-17 13:20:00,38816.6,38831.0,38806.9,38830.8,0
2019-10-17 13:25:00,38830.4,38836.7,38822.1,38827.6,0
2019-10-17 13:30:00,38830.0,38872.8,38830.0,38867.3,0
2019-10-17 13:35:00,38863.7,38934.3,38863.7,38923.9,0
2019-10-17 13:40:00,38924.5,38925.6,38887.4,38903.7,0
2019-10-17 13:45:00,38904.5,38958.1,38904.2,38945.7,0
2019-10-17 13:50:00,38943.6,38945.8,38916.4,38929.0,0
2019-10-17 13:55:00,38928.7,38967.4,38918.9,38953.4,0
2019-10-17 14:00:00,38952.5,38966.8,38923.6,38924.7,0
2019-10-17 14:05:00,38923.1,38973.6,38921.2,38971.2,0
2019-10-17 14:10:00,38969.0,39010.7,38964.9,38986.8,0
2019-10-17 14:15:00,38985.2,38992.3,38941.2,38941.2,0
2019-10-17 14:20:00,38939.6,38962.1,38933.6,38942.2,0
2019-10-17 14:25:00,38942.5,38982.9,38940.6,38980.1,0
2019-10-17 14:30:00,38979.6,38982.7,38942.5,38944.6,0
2019-10-17 14:35:00,38946.7,38958.2,38937.5,38939.7,0
2019-10-17 14:40:00,38939.8,38963.4,38937.9,38959.4,0
2019-10-17 14:45:00,38958.4,39006.1,38944.7,38998.6,0
2019-10-17 14:50:00,38997.6,39003.2,38962.9,38968.7,0
2019-10-17 14:55:00,38967.1,38999.1,38965.8,38985.9,0
2019-10-17 15:00:00,38986.8,39034.4,38979.8,39031.2,0
2019-10-17 15:05:00,39034.4,39104.7,39032.4,39097.7,0
2019-10-17 15:10:00,39097.5,39104.7,38557.4,39082.4,0
2019-10-17 15:15:00,39084.8,39084.8,39050.8,39050.8,0
2019-10-17 15:20:00,39049.8,39070.5,39041.2,39043.8,0
2019-10-17 15:25:00,39042.9,39049.2,39027.7,39048.1,0
2019-10-18 09:15:00,39087.8,39087.8,38963.6,38982.0,0
2019-10-18 09:20:00,38988.6,39036.5,38969.4,39031.0,0
2019-10-18 09:25:00,39032.4,39093.5,39030.1,39087.2,0
2019-10-18 09:30:00,39091.1,39176.8,39091.1,39176.3,0
2019-10-18 09:35:00,39171.3,39197.0,39165.4,39187.3,0
2019-10-18 09:40:00,39187.8,39197.8,39121.8,39134.0,0
2019-10-18 09:45:00,39134.8,39171.3,39131.9,39163.6,0
2019-10-18 09:50:00,39163.3,39183.4,39152.4,39182.5,0
2019-10-18 09:55:00,39182.2,39205.7,39170.8,39205.2,0
2019-10-18 10:00:00,39206.7,39218.6,39185.1,39193.2,0
2019-10-18 10:05:00,39198.3,39216.8,39128.9,39129.2,0
2019-10-18 10:10:00,39128.2,39154.4,39116.9,39137.9,0
2019-10-18 10:15:00,39141.9,39171.1,39129.1,39166.2,0
2019-10-18 10:20:00,39166.0,39197.6,39166.0,39197.6,0
2019-10-18 10:25:00,39195.3,39211.3,39195.3,39202.0,0
2019-10-18 10:30:00,39202.8,39216.5,39192.8,39213.2,0
2019-10-18 10:35:00,39211.5,39227.5,39182.3,39224.2,0
2019-10-18 10:40:00,39224.1,39251.3,39218.3,39244.9,0
2019-10-18 10:45:00,39242.8,39261.2,39232.9,39243.2,0
2019-10-18 10:50:00,39243.9,39244.2,39205.2,39207.4,0
2019-10-18 10:55:00,39207.9,39221.8,39198.2,39215.1,0
2019-10-18 11:00:00,39216.3,39234.3,39205.3,39211.8,0
2019-10-18 11:05:00,39213.0,39216.7,39184.5,39184.5,0
2019-10-18 11:10:00,39185.4,39222.7,39183.8,39211.6,0
2019-10-18 11:15:00,39209.9,39218.1,39188.1,39217.1,0
2019-10-18 11:20:00,39217.9,39234.3,39211.2,39228.8,0
2019-10-18 11:25:00,39227.9,39242.5,39207.6,39221.2,0
2019-10-18 11:30:00,39222.2,39225.4,39209.4,39217.3,0
2019-10-18 11:35:00,39217.8,39233.2,39200.3,39224.2,0
2019-10-18 11:40:00,39224.0,39233.5,39198.9,39202.8,0
2019-10-18 11:45:00,39203.2,39204.6,39183.2,39204.3,0
2019-10-18 11:50:00,39204.3,39222.9,39203.4,39220.6,0
2019-10-18 11:55:00,39221.5,39244.6,39219.4,39222.9,0
2019-10-18 12:00:00,39224.3,39250.1,39219.0,39248.2,0
2019-10-18 12:05:00,39248.9,39291.9,39248.9,39286.6,0
2019-10-18 12:10:00,39286.2,39288.7,39261.1,39262.9,0
2019-10-18 12:15:00,39259.4,39265.9,39242.6,39251.3,0
2019-10-18 12:20:00,39250.5,39263.3,39249.9,39263.3,0
2019-10-18 12:25:00,39262.5,39273.9,39258.0,39273.3,0
2019-10-18 12:30:00,39273.7,39273.7,39254.5,39255.6,0
2019-10-18 12:35:00,39257.2,39270.1,39252.7,39264.9,0
2019-10-18 12:40:00,39264.9,39265.0,39202.3,39204.9,0
2019-10-18 12:45:00,39204.1,39217.8,39188.9,39216.6,0
2019-10-18 12:50:00,39217.3,39227.9,39209.6,39209.6,0
2019-10-18 12:55:00,39209.8,39291.9,38963.6,39247.1,0
2019-10-18 13:00:00,39250.8,39251.6,39224.8,39229.6,0
2019-10-18 13:05:00,39232.1,39266.0,39232.1,39244.2,0
2019-10-18 13:10:00,39248.6,39263.6,39242.1,39251.6,0
2019-10-18 13:15:00,39249.5,39256.9,39244.9,39253.4,0
2019-10-18 13:20:00,39254.7,39254.9,39222.1,39240.1,0
2019-10-18 13:25:00,39237.7,39250.7,39235.8,39248.6,0
2019-10-18 13:30:00,39248.6,39255.0,39227.4,39227.7,0
2019-10-18 13:35:00,39230.9,39237.5,39215.0,39220.7,0
2019-10-18 13:40:00,39219.6,39244.8,39219.6,39241.7,0
2019-10-18 13:45:00,39242.3,39247.6,39226.2,39239.9,0
2019-10-18 13:50:00,39239.2,39338.4,39239.2,39322.2,0
2019-10-18 13:55:00,39319.9,39319.9,39297.9,39315.8,0
2019-10-18 14:00:00,39316.6,39346.4,39303.7,39309.7,0
2019-10-18 14:05:00,39312.8,39312.8,39294.9,39300.7,0
2019-10-18 14:10:00,39298.4,39330.0,39298.4,39319.2,0
2019-10-18 14:15:00,39317.5,39361.1,39317.5,39353.1,0
2019-10-18 14:20:00,39352.4,39352.4,39235.8,39244.2,0
2019-10-18 14:25:00,39243.4,39270.2,39208.3,39270.2,0
2019-10-18 14:30:00,39267.6,39287.8,39260.2,39267.5,0
2019-10-18 14:35:00,39265.5,39277.4,39239.5,39244.6,0
2019-10-18 14:40:00,39244.1,39270.5,39239.3,39267.3,0
2019-10-18 14:45:00,39267.3,39276.8,39236.3,39236.3,0
2019-10-18 14:50:00,39231.4,39242.1,39214.4,39223.2,0
2019-10-18 14:55:00,39219.8,39234.6,39218.1,39232.6,0
2019-10-18 15:00:00,39230.8,39310.0,39230.8,39306.3,0
2019-10-18 15:05:00,39304.8,39316.7,39296.4,39302.1,0
2019-10-18 15:10:00,39301.1,39307.8,39278.2,39303.8,0
2019-10-18 15:15:00,39304.3,39315.1,39274.6,39282.5,0
2019-10-18 15:20:00,39282.9,39301.4,39280.1,39296.6,0
2019-10-18 15:25:00,39297.1,39309.9,39289.7,39303.1,0
2019-10-22 09:15:00,39233.4,39340.8,39188.2,39309.5,0
2019-10-22 09:20:00,39308.5,39352.5,39284.4,39351.8,0
2019-10-22 09:25:00,39353.6,39426.5,39188.2,39369.9,0
2019-10-22 09:30:00,39370.1,39405.9,39258.2,39279.2,0
2019-10-22 09:35:00,39267.6,39267.6,39165.6,39247.8,0
2019-10-22 09:40:00,39245.5,39288.9,39236.7,39273.5,0
2019-10-22 09:45:00,39276.2,39281.1,39237.7,39245.3,0
2019-10-22 09:50:00,39243.5,39258.1,39204.0,39204.2,0
2019-10-22 09:55:00,39204.1,39227.7,39201.9,39209.9,0
2019-10-22 10:00:00,39217.0,39224.7,39167.1,39177.8,0
2019-10-22 10:05:00,39176.9,39222.7,39176.9,39207.6,0
2019-10-22 10:10:00,39206.8,39227.1,39201.1,39211.0,0
2019-10-22 10:15:00,39209.8,39221.7,39162.0,39166.6,0
2019-10-22 10:20:00,39167.3,39167.3,39121.2,39139.2,0
2019-10-22 10:25:00,39142.1,39165.7,39135.4,39159.1,0
2019-10-22 10:30:00,39155.8,39201.1,39152.2,39196.7,0
2019-10-22 10:35:00,39202.0,39211.3,39189.4,39195.5,0
2019-10-22 10:40:00,39195.2,39202.9,39143.5,39153.4,0
2019-10-22 10:45:00,39152.4,39163.8,39132.6,39134.3,0
2019-10-22 10:50:00,39132.1,39186.6,39131.4,39171.0,0
2019-10-22 10:55:00,39168.8,39172.3,39146.4,39160.6,0
2019-10-22 11:00:00,39161.4,39227.6,39159.3,39202.2,0
2019-10-22 11:05:00,39200.9,39201.5,39160.0,39163.2,0
2019-10-22 11:10:00,39167.2,39191.1,39162.2,39162.2,0
2019-10-22 11:15:00,39163.6,39174.9,39143.7,39172.3,0
2019-10-22 11:20:00,39175.0,39177.2,39152.3,39163.4,0
2019-10-22 11:25:00,39165.5,39199.8,39165.5,39173.1,0
2019-10-22 11:30:00,39171.9,39171.9,39148.5,39152.0,0
2019-10-22 11:35:00,39151.9,39183.8,39151.9,39179.7,0
2019-10-22 11:40:00,39179.5,39205.1,39175.2,39205.1,0
2019-10-22 11:45:00,39205.8,39235.8,39196.2,39210.8,0
2019-10-22 11:50:00,39211.6,39233.8,39205.7,39231.5,0
2019-10-22 11:55:00,39231.3,39249.5,39218.4,39242.6,0
2019-10-22 12:00:00,39243.3,39269.4,39222.2,39262.6,0
2019-10-22 12:05:00,39262.3,39318.2,39255.5,39314.2,0
2019-10-22 12:10:00,39314.7,39323.2,39291.1,39306.5,0
2019-10-22 12:15:00,39310.3,39362.7,39309.0,39356.2,0
2019-10-22 12:20:00,39358.0,39358.0,39293.3,39299.5,0
2019-10-22 12:25:00,39301.2,39317.8,39288.5,39313.3,0
2019-10-22 12:30:00,39314.3,39316.0,39273.0,39275.9,0
2019-10-22 12:35:00,39275.6,39309.3,39275.6,39295.3,0
2019-10-22 12:40:00,39297.0,39317.3,39281.7,39283.6,0
2019-10-22 12:45:00,39284.4,39295.4,39204.7,39226.6,0
2019-10-22 12:50:00,39225.9,39255.6,39219.2,39228.2,0
2019-10-22 12:55:00,39226.3,39270.4,39226.3,39259.5,0
2019-10-22 13:00:00,39260.0,39265.0,39235.1,39252.7,0
2019-10-22 13:05:00,39252.4,39256.1,39206.1,39213.1,0
2019-10-22 13:10:00,39212.9,39213.1,39174.4,39205.5,0
2019-10-22 13:15:00,39205.6,39224.7,39197.9,39210.8,0
2019-10-22 13:20:00,39210.3,39213.3,39177.6,39193.6,0
2019-10-22 13:25:00,39196.9,39246.3,39196.9,39235.9,0
2019-10-22 13:30:00,39237.8,39242.4,39202.0,39202.0,0
2019-10-22 13:35:00,39203.0,39204.2,39127.0,39170.6,0
2019-10-22 13:40:00,39163.9,39167.6,39093.0,39110.1,0
2019-10-22 13:45:00,39106.3,39426.5,39011.7,39016.0,0
2019-10-22 13:50:00,39017.7,39092.8,38993.7,39088.8,0
2019-10-22 13:55:00,39091.7,39129.8,39079.0,39099.1,0
2019-10-22 14:00:00,39097.9,39105.6,39055.0,39093.1,0
2019-10-22 14:05:00,39092.5,39092.6,39031.6,39040.6,0
2019-10-22 14:10:00,39047.8,39047.8,39017.9,39031.9,0
2019-10-22 14:15:00,39030.8,39041.7,38966.4,39037.1,0
2019-10-22 14:20:00,39037.2,39075.6,39036.2,39046.6,0
2019-10-22 14:25:00,39044.4,39089.2,39044.4,39070.1,0
2019-10-22 14:30:00,39069.6,39121.0,39064.9,39080.9,0
2019-10-22 14:35:00,39077.2,39085.1,39042.0,39050.1,0
2019-10-22 14:40:00,39044.8,39053.1,39011.1,39013.7,0
2019-10-22 14:45:00,39014.0,39025.7,38997.5,38997.5,0
2019-10-22 14:50:00,38999.2,39009.4,38941.3,38953.3,0
2019-10-22 14:55:00,38949.8,39034.9,38933.8,39034.9,0
2019-10-22 15:00:00,39042.1,39054.0,38961.2,38971.1,0
2019-10-22 15:05:00,38971.8,38981.4,38959.7,38975.1,0
2019-10-22 15:10:00,38975.9,38982.4,38938.0,38949.6,0
2019-10-22 15:15:00,38952.2,38965.7,38924.9,38953.4,0
2019-10-22 15:20:00,38952.5,38986.8,38947.7,38973.1,0
2019-10-22 15:25:00,38972.3,38986.2,38949.7,38955.1,0
2019-10-23 09:15:00,39063.8,39063.8,38911.5,38998.8,0
2019-10-23 09:20:00,38998.1,39005.7,38880.9,38931.0,0
2019-10-23 09:25:00,38931.1,38948.7,38908.8,38938.2,0
2019-10-23 09:30:00,38940.9,38942.1,38884.8,38886.1,0
2019-10-23 09:35:00,38884.5,38900.0,38866.1,38899.9,0
2019-10-23 09:40:00,38900.7,39063.8,38866.1,38984.4,0
2019-10-23 09:45:00,38982.0,39001.2,38924.1,38932.5,0
2019-10-23 09:50:00,38937.5,38945.9,38909.1,38911.2,0
2019-10-23 09:55:00,38914.2,38939.9,38891.1,38922.9,0
2019-10-23 10:00:00,38926.2,38974.5,38925.4,38972.1,0
2019-10-23 10:05:00,38972.3,39097.7,38971.2,39087.2,0
2019-10-23 10:10:00,39085.7,39149.0,39067.0,39085.7,0
2019-10-23 10:15:00,39083.1,39125.4,39077.5,39090.1,0
2019-10-23 10:20:00,39087.3,39108.5,39080.2,39081.6,0
2019-10-23 10:25:00,39082.5,39127.8,39080.6,39101.1,0
2019-10-23 10:30:00,39101.4,39107.9,39064.0,39077.0,0
2019-10-23 10:35:00,39078.8,39103.8,39075.7,39099.1,0
2019-10-23 10:40:00,39095.1,39108.4,39065.0,39066.1,0
2019-10-23 10:45:00,39066.2,39106.4,39065.8,39093.1,0
2019-10-23 10:50:00,39086.9,39113.9,39086.9,39091.4,0
2019-10-23 10:55:00,39091.1,39126.1,39087.1,39121.6,0
2019-10-23 11:00:00,39120.5,39158.6,39109.3,39148.0,0
2019-10-23 11:05:00,39148.2,39170.1,39145.8,39155.7,0
2019-10-23 11:10:00,39156.7,39158.1,39110.3,39119.7,0
2019-10-23 11:15:00,39120.4,39159.2,39118.8,39139.6,0
2019-10-23 11:20:00,39140.3,39146.3,39127.3,39138.1,0
2019-10-23 11:25:00,39137.9,39176.7,39137.6,39172.1,0
2019-10-23 11:30:00,39172.0,39187.4,39162.5,39169.6,0
2019-10-23 11:35:00,39168.5,39174.5,39151.1,39159.3,0
2019-10-23 11:40:00,39157.7,39158.3,39144.2,39152.7,0
2019-10-23 11:45:00,39154.0,39155.5,39126.2,39142.6,0
2019-10-23 11:50:00,39142.6,39148.8,39125.3,39147.4,0
2019-10-23 11:55:00,39146.0,39147.9,39125.5,39131.2,0
2019-10-23 12:00:00,39134.6,39164.0,39131.3,39162.8,0
2019-10-23 12:05:00,39160.2,39166.7,39149.7,39166.7,0
2019-10-23 12:10:00,39166.8,39183.2,39159.5,39180.7,0
2019-10-23 12:15:00,39180.6,39182.3,39164.5,39174.5,0
2019-10-23 12:20:00,39175.6,39176.8,39147.2,39149.2,0
2019-10-23 12:25:00,39148.9,39149.1,39124.1,39135.9,0
2019-10-23 12:30:00,39138.3,39153.8,39121.5,39153.8,0
2019-10-23 12:35:00,39154.3,39158.8,39109.2,39116.1,0
2019-10-23 12:40:00,39116.5,39123.9,39081.2,39081.2,0
2019-10-23 12:45:00,39082.2,39089.4,39063.8,39077.1,0
2019-10-23 12:50:00,39078.5,39110.1,39078.5,39108.6,0
2019-10-23 12:55:00,39109.4,39110.1,39080.7,39089.5,0
2019-10-23 13:00:00,39089.2,39143.0,39087.4,39140.1,0
2019-10-23 13:05:00,39138.8,39141.4,39100.1,39112.5,0
2019-10-23 13:10:00,39112.8,39122.2,39099.4,39117.4,0
2019-10-23 13:15:00,39118.9,39138.0,39095.1,39097.5,0
2019-10-23 13:20:00,39097.2,39109.5,39083.2,39099.9,0
2019-10-23 13:25:00,39101.2,39127.4,39093.2,39094.7,0
2019-10-23 13:30:00,39094.6,39122.1,39094.3,39116.9,0
2019-10-23 13:35:00,39121.3,39189.8,39121.3,39186.3,0
2019-10-23 13:40:00,39183.6,39196.7,39163.7,39170.9,0
2019-10-23 13:45:00,39169.8,39185.5,39151.2,39155.0,0
2019-10-23 13:50:00,39153.3,39159.7,39132.8,39157.4,0
2019-10-23 13:55:00,39156.2,39181.9,39154.8,39157.0,0
2019-10-23 14:00:00,39156.0,39168.6,39146.5,39156.2,0
2019-10-23 14:05:00,39156.2,39157.6,39119.2,39128.1,0
2019-10-23 14:10:00,39127.1,39137.0,39066.9,39084.2,0
2019-10-23 14:15:00,39084.4,39130.5,39080.7,39095.9,0
2019-10-23 14:20:00,39095.3,39110.9,39085.2,39086.4,0
2019-10-23 14:25:00,39084.3,39107.0,39076.0,39093.5,0
2019-10-23 14:30:00,39094.5,39123.0,39090.8,39115.6,0
2019-10-23 14:35:00,39114.2,39125.3,39100.5,39114.5,0
2019-10-23 14:40:00,39118.7,39119.4,39017.4,39038.4,0
2019-10-23 14:45:00,39036.7,39042.8,38955.4,38972.5,0
2019-10-23 14:50:00,38970.8,38982.4,38905.1,38982.4,0
2019-10-23 14:55:00,38980.4,39017.9,38976.6,39006.9,0
2019-10-23 15:00:00,39006.4,39047.2,38995.9,39045.2,0
2019-10-23 15:05:00,39052.5,39064.1,39024.1,39024.9,0
2019-10-23 15:10:00,39023.8,39058.6,39016.1,39052.1,0
2019-10-23 15:15:00,39057.7,39075.0,39052.4,39061.4,0
2019-10-23 15:20:00,39062.4,39079.5,39052.4,39075.8,0
2019-10-23 15:25:00,39077.2,39083.0,39053.1,39072.2,0
2019-10-24 09:15:00,39223.0,39327.1,39199.4,39277.3,0
2019-10-24 09:20:00,39277.4,39304.1,39248.4,39296.9,0
2019-10-24 09:25:00,39294.4,39312.2,39225.6,39243.7,0
2019-10-24 09:30:00,39242.2,39254.4,39170.5,39193.6,0
2019-10-24 09:35:00,39194.6,39217.2,39168.7,39179.7,0
2019-10-24 09:40:00,39176.5,39199.2,39165.3,39187.3,0
2019-10-24 09:45:00,39192.6,39228.7,39177.1,39215.9,0
2019-10-24 09:50:00,39220.0,39223.4,39187.3,39194.5,0
2019-10-24 09:55:00,39196.9,39206.7,39090.3,39114.8,0
2019-10-24 10:00:00,39116.4,39119.3,39011.3,39079.2,0
2019-10-24 10:05:00,39076.7,39152.4,39070.6,39104.4,0
2019-10-24 10:10:00,39102.7,39129.6,39102.7,39124.5,0
2019-10-24 10:15:00,39127.6,39149.6,39121.9,39139.0,0
2019-10-24 10:20:00,39138.4,39152.3,39122.3,39122.7,0
2019-10-24 10:25:00,39122.2,39122.4,39047.5,39052.9,0
2019-10-24 10:30:00,39052.6,39076.9,39001.4,39075.9,0
2019-10-24 10:35:00,39080.9,39096.0,39058.4,39062.1,0
2019-10-24 10:40:00,39063.6,39081.2,39049.1,39080.8,0
2019-10-24 10:45:00,39081.5,39085.4,39031.2,39051.2,0
2019-10-24 10:50:00,39051.6,39051.6,38994.0,38995.0,0
2019-10-24 10:55:00,38991.4,39021.4,38972.9,39019.7,0
2019-10-24 11:00:00,39016.9,39047.5,38998.3,39040.3,0
2019-10-24 11:05:00,39039.9,39041.0,38969.1,38980.5,0
2019-10-24 11:10:00,38980.9,38994.4,38957.8,38963.4,0
2019-10-24 11:15:00,38963.6,39005.6,38952.9,39005.4,0
2019-10-24 11:20:00,39003.3,39017.8,38981.2,38990.4,0
2019-10-24 11:25:00,38993.1,38998.5,38986.3,38997.7,0
2019-10-24 11:30:00,38998.5,39018.1,38998.5,39001.4,0
2019-10-24 11:35:00,39001.8,39006.1,38969.9,38972.2,0
2019-10-24 11:40:00,38972.3,38986.0,38960.6,38978.5,0
2019-10-24 11:45:00,38978.5,39022.1,38976.9,39015.6,0
2019-10-24 11:50:00,39017.9,39052.2,39013.7,39034.7,0
2019-10-24 11:55:00,39035.7,39038.4,39017.3,39031.1,0
2019-10-24 12:00:00,39031.1,39089.8,39029.3,39087.6,0
2019-10-24 12:05:00,39085.6,39088.5,39057.0,39061.7,0
2019-10-24 12:10:00,39063.8,39085.2,39060.7,39083.9,0
2019-10-24 12:15:00,39081.1,39118.2,39081.1,39107.2,0
2019-10-24 12:20:00,39107.7,39120.3,39078.9,39086.9,0
2019-10-24 12:25:00,39087.7,39087.8,39016.5,39034.8,0
2019-10-24 12:30:00,39034.7,39062.7,39023.4,39057.4,0
2019-10-24 12:35:00,39055.8,39092.5,39053.2,39065.0,0
2019-10-24 12:40:00,39065.7,39097.1,39057.1,39096.9,0
2019-10-24 12:45:00,39100.2,39149.5,39100.2,39122.5,0
2019-10-24 12:50:00,39116.2,39130.3,39100.8,39129.6,0
2019-10-24 12:55:00,39129.4,39154.9,39117.1,39122.5,0
2019-10-24 13:00:00,39122.5,39129.5,39108.6,39109.9,0
2019-10-24 13:05:00,39111.1,39111.1,39049.7,39073.6,0
2019-10-24 13:10:00,39073.2,39074.0,39001.0,39001.0,0
2019-10-24 13:15:00,38997.8,38997.8,38948.2,38960.5,0
2019-10-24 13:20:00,38957.3,38973.3,38900.8,38942.7,0
2019-10-24 13:25:00,38946.7,39012.6,38939.6,38991.8,0
2019-10-24 13:30:00,38987.4,38989.2,38943.0,38985.4,0
2019-10-24 13:35:00,38987.5,38987.8,38953.6,38963.9,0
2019-10-24 13:40:00,38965.3,38965.4,38881.4,38900.9,0
2019-10-24 13:45:00,38900.5,38919.5,38840.8,38914.9,0
2019-10-24 13:50:00,38917.8,38952.8,38891.4,38923.3,0
2019-10-24 13:55:00,38924.1,38948.1,38904.6,38945.5,0
2019-10-24 14:00:00,38950.3,38954.1,38910.9,38941.2,0
2019-10-24 14:05:00,38937.1,38988.0,38934.1,38985.6,0
2019-10-24 14:10:00,38984.9,38984.9,38939.5,38940.5,0
2019-10-24 14:15:00,38937.3,38939.3,38872.4,38910.6,0
2019-10-24 14:20:00,38908.7,38947.7,38905.9,38941.0,0
2019-10-24 14:25:00,38942.4,38973.2,38934.9,38943.0,0
2019-10-24 14:30:00,38943.9,38960.7,38918.1,38960.3,0
2019-10-24 14:35:00,38963.3,39025.6,38963.0,38990.5,0
2019-10-24 14:40:00,38992.7,39096.2,38988.4,39096.2,0
2019-10-24 14:45:00,39100.7,39117.9,39062.1,39062.1,0
2019-10-24 14:50:00,39058.4,39059.6,39007.1,39008.9,0
2019-10-24 14:55:00,39004.9,39049.5,38997.9,39038.8,0
2019-10-24 15:00:00,39041.4,39080.8,39009.6,39073.1,0
2019-10-24 15:05:00,39070.5,39079.1,39014.7,39018.9,0
2019-10-24 15:10:00,39018.5,39036.9,38988.7,39011.6,0
2019-10-24 15:15:00,39008.8,39018.1,38986.0,39001.2,0
2019-10-24 15:20:00,39002.0,39020.4,38997.7,39002.2,0
2019-10-24 15:25:00,39005.3,39041.1,39003.3,39017.5,0
2019-10-25 09:15:00,39201.7,39241.6,39007.1,39037.8,0
2019-10-25 09:20:00,39039.8,39083.5,39026.6,39067.0,0
2019-10-25 09:25:00,39061.9,39135.0,39056.1,39087.6,0
2019-10-25 09:30:00,39085.5,39136.2,39085.5,39135.1,0
2019-10-25 09:35:00,39133.6,39159.2,39125.4,39125.4,0
2019-10-25 09:40:00,39124.9,39140.8,39100.5,39120.9,0
2019-10-25 09:45:00,39124.6,39172.0,39104.2,39106.6,0
2019-10-25 09:50:00,39113.4,39241.6,39007.1,39137.1,0
2019-10-25 09:55:00,39137.7,39137.7,39046.7,39059.2,0
2019-10-25 10:00:00,39063.8,39241.6,39007.1,39035.5,0
2019-10-25 10:05:00,39037.8,39241.6,39007.1,39023.4,0
2019-10-25 10:10:00,39022.2,39052.8,38994.5,39051.9,0
2019-10-25 10:15:00,39052.7,39059.0,39013.5,39016.0,0
2019-10-25 10:20:00,39012.8,39039.4,38961.6,38977.7,0
2019-10-25 10:25:00,38976.6,38998.9,38958.3,38963.5,0
2019-10-25 10:30:00,38962.7,39002.4,38950.1,38999.1,0
2019-10-25 10:35:00,38991.9,39011.6,38981.2,39002.9,0
2019-10-25 10:40:00,39003.1,39005.5,38994.0,38994.3,0
2019-10-25 10:45:00,38989.4,38990.9,38959.2,38983.5,0
2019-10-25 10:50:00,38984.2,39022.9,38983.6,39012.2,0
2019-10-25 10:55:00,39013.3,39039.8,39000.1,39037.0,0
2019-10-25 11:00:00,39040.4,39044.6,39024.1,39038.9,0
2019-10-25 11:05:00,39038.5,39046.2,38989.0,38995.9,0
2019-10-25 11:10:00,38995.0,39027.5,38995.0,39018.4,0
2019-10-25 11:15:00,39018.9,39020.1,38983.2,38987.2,0
2019-10-25 11:20:00,38988.6,39012.5,38985.6,38995.2,0
2019-10-25 11:25:00,38995.2,39015.5,38991.9,39003.6,0
2019-10-25 11:30:00,39003.6,39003.6,38976.5,38976.5,0
2019-10-25 11:35:00,38977.3,39007.2,38966.4,39006.9,0
2019-10-25 11:40:00,39006.9,39042.1,39006.9,39032.8,0
2019-10-25 11:45:00,39029.7,39032.5,39002.8,39005.3,0
2019-10-25 11:50:00,39004.9,39015.5,38988.9,38993.5,0
2019-10-25 11:55:00,38991.2,38998.7,38977.2,38977.2,0
2019-10-25 12:00:00,38976.8,38980.6,38961.8,38979.4,0
2019-10-25 12:05:00,38983.5,38999.1,38979.2,38991.5,0
2019-10-25 12:10:00,38989.3,38991.6,38968.2,38971.9,0
2019-10-25 12:15:00,38972.6,38979.4,38963.6,38965.7,0
2019-10-25 12:20:00,38967.0,38967.0,38942.7,38947.7,0
2019-10-25 12:25:00,38948.0,38990.3,38948.0,38981.7,0
2019-10-25 12:30:00,38979.9,38991.0,38969.6,38976.6,0
2019-10-25 12:35:00,38978.6,38987.8,38953.3,38954.5,0
2019-10-25 12:40:00,38952.9,38954.0,38782.7,38816.8,0
2019-10-25 12:45:00,38815.5,38817.8,38758.9,38788.4,0
2019-10-25 12:50:00,38787.9,38844.3,38781.2,38840.1,0
2019-10-25 12:55:00,38843.0,38843.0,38791.1,38792.3,0
2019-10-25 13:00:00,38794.1,38810.9,38766.1,38806.3,0
2019-10-25 13:05:00,38803.9,38825.8,38796.2,38815.2,0
2019-10-25 13:10:00,38816.4,38821.2,38757.0,38760.6,0
2019-10-25 13:15:00,38755.3,38757.7,38718.3,38752.2,0
2019-10-25 13:20:00,38753.2,38778.6,38750.5,38767.1,0
2019-10-25 13:25:00,38766.8,38825.1,38766.3,38806.8,0
2019-10-25 13:30:00,38807.3,38842.2,38804.1,38830.9,0
2019-10-25 13:35:00,38830.2,38853.0,38827.2,38834.2,0
2019-10-25 13:40:00,38840.6,38854.3,38810.5,38817.6,0
2019-10-25 13:45:00,38817.1,39241.6,38718.3,38839.3,0
2019-10-25 13:50:00,38840.2,38884.6,38834.0,38877.0,0
2019-10-25 13:55:00,38877.1,38912.0,38872.5,38880.6,0
2019-10-25 14:00:00,38878.2,38880.3,38826.8,38840.3,0
2019-10-25 14:05:00,38840.4,38864.9,38840.4,38856.1,0
2019-10-25 14:10:00,38856.3,38957.8,38846.7,38953.3,0
2019-10-25 14:15:00,38947.6,38952.5,38917.9,38923.9,0
2019-10-25 14:20:00,38923.6,38962.9,38916.0,38962.9,0
2019-10-25 14:25:00,38964.5,39037.2,38960.9,39037.2,0
2019-10-25 14:30:00,39036.2,39129.8,39036.0,39117.1,0
2019-10-25 14:35:00,39120.0,39168.2,39080.3,39168.2,0
2019-10-25 14:40:00,39166.6,39182.3,39142.3,39142.3,0
2019-10-25 14:45:00,39141.0,39159.7,39088.8,39093.0,0
2019-10-25 14:50:00,39093.4,39148.0,39093.4,39129.0,0
2019-10-25 14:55:00,39126.7,39151.6,39118.1,39119.5,0
2019-10-25 15:00:00,39119.9,39159.3,39086.5,39086.5,0
2019-10-25 15:05:00,39084.4,39090.5,39057.2,39067.3,0
2019-10-25 15:10:00,39069.0,39074.8,39040.4,39058.1,0
2019-10-25 15:15:00,39058.9,39070.7,39047.4,39052.8,0
2019-10-25 15:20:00,39053.2,39055.0,39024.1,39049.0,0
2019-10-25 15:25:00,39050.0,39054.1,39018.6,39029.4,0
2019-10-27 18:15:00,39389.48,39393.28,39212.41,39252.16,0
2019-10-27 18:20:00,39252.74,39304.61,39248.69,39278.39,0
2019-10-27 18:25:00,39275.13,39286.56,39256.6,39271.11,0
2019-10-27 18:30:00,39272.3,39309.39,39265.18,39307.48,0
2019-10-27 18:35:00,39306.99,39310.01,39257.49,39264.32,0
2019-10-27 18:40:00,39264.32,39294.62,39263.41,39292.69,0
2019-10-27 18:45:00,39290.82,39296.7,39278.21,39291.67,0
2019-10-27 18:50:00,39286.56,39305.58,39286.56,39290.57,0
2019-10-27 18:55:00,39290.13,39290.47,39256.01,39268.39,0
2019-10-27 19:00:00,39266.7,39270.4,39181.01,39229.8,0
2019-10-27 19:05:00,39229.91,39253.85,39226.02,39253.85,0
2019-10-27 19:10:00,39253.49,39257.8,39237.42,39248.46,0
2019-10-29 09:15:00,39293.5,39331.5,39254.1,39280.4,0
2019-10-29 09:20:00,39284.9,39393.1,39274.9,39348.0,0
2019-10-29 09:25:00,39336.4,39338.4,39283.8,39289.2,0
2019-10-29 09:30:00,39286.6,39353.2,39269.8,39347.4,0
2019-10-29 09:35:00,39345.6,39364.9,39325.3,39333.3,0
2019-10-29 09:40:00,39333.5,39372.8,39326.9,39358.9,0
2019-10-29 09:45:00,39360.8,39406.2,39355.7,39389.8,0
2019-10-29 09:50:00,39387.7,39411.1,39374.9,39408.0,0
2019-10-29 09:55:00,39412.4,39452.6,39412.4,39428.6,0
2019-10-29 10:00:00,39432.8,39469.3,39432.8,39433.7,0
2019-10-29 10:05:00,39432.2,39509.8,39427.2,39500.7,0
2019-10-29 10:10:00,39503.2,39504.0,39466.6,39473.9,0
2019-10-29 10:15:00,39474.0,39532.0,39474.0,39525.6,0
2019-10-29 10:20:00,39523.6,39543.3,39519.4,39537.2,0
2019-10-29 10:25:00,39536.9,39548.8,39483.7,39494.4,0
2019-10-29 10:30:00,39495.2,39528.8,39478.7,39528.8,0
2019-10-29 10:35:00,39534.3,39547.1,39511.1,39514.1,0
2019-10-29 10:40:00,39511.8,39533.3,39508.4,39532.0,0
2019-10-29 10:45:00,39532.1,39550.3,39528.6,39548.5,0
2019-10-29 10:50:00,39546.0,39556.9,39539.5,39552.3,0
2019-10-29 10:55:00,39549.6,39623.5,39548.4,39621.5,0
2019-10-29 11:00:00,39618.8,39660.0,39591.8,39640.8,0
2019-10-29 11:05:00,39637.6,39660.8,39618.3,39641.5,0
2019-10-29 11:10:00,39642.7,39659.0,39634.6,39652.3,0
2019-10-29 11:15:00,39652.0,39714.7,39647.5,39706.7,0
2019-10-29 11:20:00,39709.2,39713.4,39684.5,39703.9,0
2019-10-29 11:25:00,39704.7,39729.2,39700.7,39721.8,0
2019-10-29 11:30:00,39721.6,39740.4,39720.2,39727.6,0
2019-10-29 11:35:00,39723.4,39737.7,39702.6,39702.6,0
2019-10-29 11:40:00,39699.7,39709.5,39687.0,39692.3,0
2019-10-29 11:45:00,39692.2,39709.3,39679.1,39680.9,0
2019-10-29 11:50:00,39675.6,39685.4,39661.7,39683.8,0
2019-10-29 11:55:00,39681.6,39697.7,39677.6,39684.1,0
2019-10-29 12:00:00,39683.8,39692.0,39664.6,39690.8,0
2019-10-29 12:05:00,39689.3,39707.6,39683.0,39703.7,0
2019-10-29 12:10:00,39701.4,39715.1,39692.8,39709.6,0
2019-10-29 12:15:00,39708.1,39748.4,39707.2,39746.4,0
2019-10-29 12:20:00,39746.8,39757.7,39731.6,39733.1,0
2019-10-29 12:25:00,39733.0,39733.9,39709.9,39719.2,0
2019-10-29 12:30:00,39721.5,39725.0,39692.6,39714.1,0
2019-10-29 12:35:00,39715.1,39719.3,39705.6,39711.8,0
2019-10-29 12:40:00,39711.4,39750.6,39711.4,39747.9,0
2019-10-29 12:45:00,39750.2,39766.7,39738.9,39751.5,0
2019-10-29 12:50:00,39750.4,39765.1,39739.5,39759.1,0
2019-10-29 12:55:00,39755.5,39782.6,39754.5,39782.6,0
2019-10-29 13:00:00,39784.8,39791.2,39771.3,39783.5,0
2019-10-29 13:05:00,39782.9,39791.5,39770.2,39783.9,0
2019-10-29 13:10:00,39783.8,39804.0,39770.0,39791.3,0
2019-10-29 13:15:00,39792.4,39828.7,39792.3,39819.7,0
2019-10-29 13:20:00,39821.6,39871.7,39818.2,39855.9,0
2019-10-29 13:25:00,39857.6,39875.4,39848.6,39869.7,0
2019-10-29 13:30:00,39869.8,39894.2,39829.8,39840.2,0
2019-10-29 13:35:00,39840.1,39859.6,39823.9,39840.4,0
2019-10-29 13:40:00,39840.3,39869.9,39830.6,39845.5,0
2019-10-29 13:45:00,39844.1,39860.1,39830.2,39859.5,0
2019-10-29 13:50:00,39858.4,39880.6,39850.8,39864.9,0
2019-10-29 13:55:00,39863.3,39878.7,39853.5,39876.6,0
2019-10-29 14:00:00,39878.6,39903.5,39878.6,39891.7,0
2019-10-29 14:05:00,39889.5,39909.0,39884.6,39904.9,0
2019-10-29 14:10:00,39905.4,39915.3,39866.0,39885.3,0
2019-10-29 14:15:00,39885.3,39903.8,39873.6,39880.1,0
2019-10-29 14:20:00,39879.2,39917.0,39878.3,39878.4,0
2019-10-29 14:25:00,39876.2,39895.5,39870.6,39891.5,0
2019-10-29 14:30:00,39891.0,39904.0,39858.3,39869.9,0
2019-10-29 14:35:00,39870.2,39894.2,39867.5,39872.8,0
2019-10-29 14:40:00,39872.3,39890.5,39851.3,39879.2,0
2019-10-29 14:45:00,39877.8,39908.3,39875.3,39884.9,0
2019-10-29 14:50:00,39887.9,39887.9,39815.0,39836.9,0
2019-10-29 14:55:00,39834.8,39862.7,39828.5,39845.4,0
2019-10-29 15:00:00,39845.1,39848.1,39810.3,39816.6,0
2019-10-29 15:05:00,39820.1,39830.9,39800.7,39817.3,0
2019-10-29 15:10:00,39817.0,39834.7,39817.0,39831.6,0
2019-10-29 15:15:00,39834.5,39835.0,39807.8,39824.7,0
2019-10-29 15:20:00,39825.1,39849.3,39812.1,39844.9,0
2019-10-29 15:25:00,39844.1,39864.0,39831.9,39848.4,0
2019-10-30 09:15:00,40055.6,40100.3,39920.7,39990.9,0
2019-10-30 09:20:00,39988.7,39988.7,39936.7,39956.1,0
2019-10-30 09:25:00,39957.6,39970.1,39923.9,39965.2,0
2019-10-30 09:30:00,39945.4,39947.0,39862.1,39862.9,0
2019-10-30 09:35:00,39866.7,39894.8,39815.5,39825.5,0
2019-10-30 09:40:00,39833.7,39887.4,39805.1,39883.7,0
2019-10-30 09:45:00,39889.7,39946.3,39874.9,39938.0,0
2019-10-30 09:50:00,39938.7,39979.0,39922.8,39979.0,0
2019-10-30 09:55:00,39978.7,39987.6,39950.4,39960.8,0
2019-10-30 10:00:00,39958.2,39966.9,39930.7,39955.1,0
2019-10-30 10:05:00,39957.8,39966.1,39941.8,39941.8,0
2019-10-30 10:10:00,39944.0,39969.0,39934.0,39967.2,0
2019-10-30 10:15:00,39970.1,40001.8,39968.5,39999.4,0
2019-10-30 10:20:00,40000.9,40026.3,39995.6,40021.3,0
2019-10-30 10:25:00,40024.0,40052.9,40014.4,40037.3,0
2019-10-30 10:30:00,40037.7,40042.3,40013.0,40022.0,0
2019-10-30 10:35:00,40022.2,40058.4,40009.4,40054.4,0
2019-10-30 10:40:00,40057.9,40064.1,40046.7,40049.2,0
2019-10-30 10:45:00,40048.6,40054.9,40029.9,40040.4,0
2019-10-30 10:50:00,40039.4,40044.6,40004.7,40037.4,0
2019-10-30 10:55:00,40039.5,40039.6,39998.3,40007.8,0
2019-10-30 11:00:00,40007.7,40034.0,39994.8,40018.6,0
2019-10-30 11:05:00,40018.3,40018.3,39984.9,40007.7,0
2019-10-30 11:10:00,40007.1,40011.8,39966.1,39975.7,0
2019-10-30 11:15:00,39976.2,40030.5,39962.3,40030.2,0
2019-10-30 11:20:00,40029.8,40046.9,40019.7,40046.9,0
2019-10-30 11:25:00,40045.0,40045.4,40031.8,40044.1,0
2019-10-30 11:30:00,40041.9,40058.6,40036.5,40055.4,0
2019-10-30 11:35:00,40052.7,40056.0,40043.9,40051.5,0
2019-10-30 11:40:00,40052.0,40061.8,40035.1,40059.4,0
2019-10-30 11:45:00,40056.6,40077.7,40055.9,40066.7,0
2019-10-30 11:50:00,40065.0,40076.9,40047.9,40069.5,0
2019-10-30 11:55:00,40070.1,40070.1,40045.7,40063.2,0
2019-10-30 12:00:00,40062.4,40099.5,40062.4,40097.2,0
2019-10-30 12:05:00,40098.2,40099.9,40069.6,40077.1,0
2019-10-30 12:10:00,40081.5,40100.5,40077.1,40089.1,0
2019-10-30 12:15:00,40089.7,40121.8,40087.7,40115.6,0
2019-10-30 12:20:00,40113.1,40113.1,40096.9,40105.0,0
2019-10-30 12:25:00,40101.7,40110.5,40087.6,40092.1,0
2019-10-30 12:30:00,40092.2,40094.3,40058.5,40066.2,0
2019-10-30 12:35:00,40070.1,40082.4,40040.8,40042.3,0
2019-10-30 12:40:00,40048.1,40066.8,40040.2,40063.2,0
2019-10-30 12:45:00,40063.6,40072.0,40040.1,40045.3,0
2019-10-30 12:50:00,40044.9,40080.4,40025.1,40078.2,0
2019-10-30 12:55:00,40082.1,40107.6,40074.9,40097.6,0
2019-10-30 13:00:00,40097.8,40111.3,40096.3,40105.9,0
2019-10-30 13:05:00,40107.7,40111.6,40080.9,40087.2,0
2019-10-30 13:10:00,40087.5,40105.1,40074.0,40103.2,0
2019-10-30 13:15:00,40104.9,40124.2,40103.8,40121.7,0
2019-10-30 13:20:00,40123.3,40147.1,40096.3,40101.9,0
2019-10-30 13:25:00,40103.1,40121.4,40095.6,40099.9,0
2019-10-30 13:30:00,40102.7,40106.4,40094.2,40104.4,0
2019-10-30 13:35:00,40101.2,40108.0,40084.7,40108.0,0
2019-10-30 13:40:00,40130.2,40173.2,40127.3,40165.0,0
2019-10-30 13:45:00,40165.9,40178.1,40135.3,40142.0,0
2019-10-30 13:50:00,40142.3,40149.0,40126.2,40139.2,0
2019-10-30 13:55:00,40141.6,40141.6,40063.3,40065.2,0
2019-10-30 14:00:00,40063.1,40093.6,40059.6,40064.7,0
2019-10-30 14:05:00,40065.4,40081.7,40065.4,40069.0,0
2019-10-30 14:10:00,40068.9,40106.9,40064.8,40105.0,0
2019-10-30 14:15:00,40105.8,40109.6,40074.4,40074.4,0
2019-10-30 14:20:00,40074.9,40090.8,40060.1,40068.4,0
2019-10-30 14:25:00,40058.1,40071.5,40039.7,40061.8,0
2019-10-30 14:30:00,40060.1,40080.1,40005.9,40017.7,0
2019-10-30 14:35:00,40017.8,40019.8,39980.0,39980.0,0
2019-10-30 14:40:00,39981.9,40033.9,39962.7,40033.9,0
2019-10-30 14:45:00,40048.1,40058.0,40027.3,40027.6,0
2019-10-30 14:50:00,40027.0,40049.2,40015.7,40032.0,0
2019-10-30 14:55:00,40028.6,40045.6,40020.1,40040.3,0
2019-10-30 15:00:00,40045.9,40050.4,40023.8,40042.9,0
2019-10-30 15:05:00,40041.2,40041.2,40019.7,40034.8,0
2019-10-30 15:10:00,40034.7,40058.2,40018.1,40058.2,0
2019-10-30 15:15:00,40054.2,40072.3,40032.5,40071.9,0
2019-10-30 15:20:00,40070.4,40091.9,40065.3,40085.0,0
2019-10-30 15:25:00,40086.1,40088.2,40067.6,40067.6,0
2019-10-31 09:15:00,40212.0,40245.8,40178.2,40219.1,0
2019-10-31 09:20:00,40220.9,40262.9,40195.8,40262.9,0
2019-10-31 09:25:00,40262.1,40297.5,40262.1,40287.9,0
2019-10-31 09:30:00,40289.5,40296.4,40242.3,40243.1,0
2019-10-31 09:35:00,40242.3,40272.2,40236.1,40252.4,0
2019-10-31 09:40:00,40252.4,40270.4,40244.7,40270.4,0
2019-10-31 09:45:00,40269.1,40275.3,40240.1,40245.3,0
2019-10-31 09:50:00,40245.4,40251.3,40221.1,40228.4,0
2019-10-31 09:55:00,40229.4,40260.5,40227.0,40246.7,0
2019-10-31 10:00:00,40247.4,40277.4,40243.4,40259.6,0
2019-10-31 10:05:00,40260.1,40266.8,40238.9,40259.5,0
2019-10-31 10:10:00,40263.2,40282.0,40250.2,40269.2,0
2019-10-31 10:15:00,40270.5,40270.5,40224.6,40229.4,0
2019-10-31 10:20:00,40228.1,40257.4,40222.5,40250.9,0
2019-10-31 10:25:00,40250.1,40284.2,40249.6,40250.8,0
2019-10-31 10:30:00,40254.7,40279.3,40254.7,40263.4,0
2019-10-31 10:35:00,40263.4,40272.4,40248.7,40270.0,0
2019-10-31 10:40:00,40271.0,40271.0,40247.7,40260.6,0
2019-10-31 10:45:00,40266.3,40328.9,40263.2,40315.2,0
2019-10-31 10:50:00,40316.6,40333.6,40311.9,40312.8,0
2019-10-31 10:55:00,40312.9,40322.7,40304.9,40316.7,0
2019-10-31 11:00:00,40315.3,40345.0,40314.6,40333.8,0
2019-10-31 11:05:00,40332.9,40334.2,40313.0,40329.4,0
2019-10-31 11:10:00,40328.6,40339.9,40316.3,40325.1,0
2019-10-31 11:15:00,40325.7,40328.1,40292.3,40293.6,0
2019-10-31 11:20:00,40291.6,40312.8,40290.2,40308.5,0
2019-10-31 11:25:00,40312.4,40314.6,40303.1,40308.5,0
2019-10-31 11:30:00,40308.6,40325.2,40299.6,40309.1,0
2019-10-31 11:35:00,40310.2,40310.8,40280.8,40280.8,0
2019-10-31 11:40:00,40280.3,40302.6,40266.9,40302.6,0
2019-10-31 11:45:00,40301.4,40302.6,40269.7,40276.2,0
2019-10-31 11:50:00,40276.2,40280.2,40254.9,40268.1,0
2019-10-31 11:55:00,40268.2,40282.8,40251.3,40272.7,0
2019-10-31 12:00:00,40273.6,40273.9,40197.1,40205.2,0
2019-10-31 12:05:00,40208.2,40235.2,40204.5,40227.7,0
2019-10-31 12:10:00,40229.1,40251.7,40222.6,40241.6,0
2019-10-31 12:15:00,40243.0,40247.2,40223.2,40242.8,0
2019-10-31 12:20:00,40244.6,40251.6,40229.6,40232.0,0
2019-10-31 12:25:00,40232.1,40241.0,40212.8,40236.9,0
2019-10-31 12:30:00,40238.2,40270.9,40229.1,40269.9,0
2019-10-31 12:35:00,40269.6,40276.9,40251.2,40253.4,0
2019-10-31 12:40:00,40250.6,40297.2,40250.1,40297.2,0
2019-10-31 12:45:00,40298.2,40307.2,40278.9,40278.9,0
2019-10-31 12:50:00,40278.3,40345.0,40178.2,40295.2,0
2019-10-31 12:55:00,40295.6,40296.7,40270.5,40281.1,0
2019-10-31 13:00:00,40280.6,40287.1,40265.3,40273.5,0
2019-10-31 13:05:00,40275.6,40304.8,40274.3,40303.7,0
2019-10-31 13:10:00,40303.1,40306.0,40272.4,40282.1,0
2019-10-31 13:15:00,40282.2,40305.2,40279.9,40302.9,0
2019-10-31 13:20:00,40300.4,40317.4,40287.1,40316.3,0
2019-10-31 13:25:00,40314.6,40322.6,40290.5,40320.3,0
2019-10-31 13:30:00,40318.5,40334.4,40297.8,40306.1,0
2019-10-31 13:35:00,40305.9,40313.4,40285.6,40296.1,0
2019-10-31 13:40:00,40295.8,40296.3,40223.2,40263.3,0
2019-10-31 13:45:00,40263.7,40310.8,40253.9,40308.0,0
2019-10-31 13:50:00,40302.1,40332.3,40290.1,40332.1,0
2019-10-31 13:55:00,40329.2,40339.6,40321.1,40330.3,0
2019-10-31 14:00:00,40328.1,40329.3,40291.5,40311.2,0
2019-10-31 14:05:00,40309.3,40316.2,40295.5,40314.8,0
2019-10-31 14:10:00,40314.9,40334.0,40305.8,40326.3,0
2019-10-31 14:15:00,40328.0,40392.2,40325.9,40380.7,0
2019-10-31 14:20:00,40375.0,40378.1,40336.3,40338.8,0
2019-10-31 14:25:00,40338.2,40350.8,40328.8,40336.9,0
2019-10-31 14:30:00,40337.1,40378.1,40333.6,40369.2,0
2019-10-31 14:35:00,40370.2,40370.2,40256.6,40271.6,0
2019-10-31 14:40:00,40271.3,40276.0,40236.7,40254.3,0
2019-10-31 14:45:00,40250.0,40253.2,40187.1,40187.1,0
2019-10-31 14:50:00,40178.4,40202.2,40167.0,40186.0,0
2019-10-31 14:55:00,40189.7,40191.5,40138.4,40154.8,0
2019-10-31 15:00:00,40151.9,40152.5,40054.9,40121.9,0
2019-10-31 15:05:00,40119.8,40201.3,40113.6,40198.6,0
2019-10-31 15:10:00,40199.5,40200.9,40169.5,40172.4,0
2019-10-31 15:15:00,40177.1,40177.8,40105.6,40116.2,0
2019-10-31 15:20:00,40113.4,40118.4,40085.6,40090.8,0
2019-10-31 15:25:00,40093.5,40157.8,40093.5,40144.6,0
2019-11-01 09:15:00,40196.1,40232.6,40129.2,40228.6,0
2019-11-01 09:20:00,40224.5,40256.7,40201.3,40255.6,0
2019-11-01 09:25:00,40254.1,40283.3,40252.8,40257.1,0
2019-11-01 09:30:00,40257.2,40273.8,40226.4,40226.4,0
2019-11-01 09:35:00,40222.7,40222.9,40175.2,40193.8,0
2019-11-01 09:40:00,40190.2,40196.4,40156.5,40159.5,0
2019-11-01 09:45:00,40155.6,40215.1,40155.6,40208.2,0
2019-11-01 09:50:00,40207.6,40283.3,40129.2,40226.2,0
2019-11-01 09:55:00,40226.9,40236.7,40213.1,40222.8,0
2019-11-01 10:00:00,40221.9,40222.0,40169.3,40190.5,0
2019-11-01 10:05:00,40189.0,40207.5,40169.1,40182.9,0
2019-11-01 10:10:00,40182.9,40194.0,40155.4,40164.3,0
2019-11-01 10:15:00,40166.9,40173.5,40126.1,40140.6,0
2019-11-01 10:20:00,40141.0,40142.6,40101.3,40103.7,0
2019-11-01 10:25:00,40107.5,40170.6,40097.1,40144.3,0
2019-11-01 10:30:00,40141.9,40283.3,40071.2,40071.3,0
2019-11-01 10:35:00,40069.2,40075.7,40037.1,40058.3,0
2019-11-01 10:40:00,40057.7,40057.7,40014.2,40037.1,0
2019-11-01 10:45:00,40037.1,40104.8,40035.9,40104.8,0
2019-11-01 10:50:00,40104.5,40117.8,40096.2,40096.2,0
2019-11-01 10:55:00,40097.9,40130.7,40094.2,40114.1,0
2019-11-01 11:00:00,40110.8,40118.6,40089.5,40090.4,0
2019-11-01 11:05:00,40089.9,40143.8,40089.6,40143.8,0
2019-11-01 11:10:00,40142.6,40152.8,40120.4,40122.2,0
2019-11-01 11:15:00,40121.9,40127.6,40100.3,40114.8,0
2019-11-01 11:20:00,40114.1,40126.2,40113.2,40119.1,0
2019-11-01 11:25:00,40118.8,40134.1,40117.2,40129.2,0
2019-11-01 11:30:00,40130.8,40138.4,40112.1,40114.4,0
2019-11-01 11:35:00,40116.1,40132.7,40108.6,40130.3,0
2019-11-01 11:40:00,40129.3,40131.3,40113.9,40114.3,0
2019-11-01 11:45:00,40112.5,40118.6,40088.1,40095.3,0
2019-11-01 11:50:00,40095.3,40101.0,40085.2,40097.4,0
2019-11-01 11:55:00,40099.2,40112.0,40097.9,40099.3,0
2019-11-01 12:00:00,40099.0,40105.9,40073.7,40087.1,0
2019-11-01 12:05:00,40085.4,40102.3,40085.4,40091.8,0
2019-11-01 12:10:00,40092.1,40167.2,40091.3,40167.2,0
2019-11-01 12:15:00,40172.4,40212.3,40172.4,40196.2,0
2019-11-01 12:20:00,40193.0,40199.6,40181.1,40190.7,0
2019-11-01 12:25:00,40189.2,40189.9,40161.0,40167.8,0
2019-11-01 12:30:00,40168.3,40172.8,40130.6,40149.0,0
2019-11-01 12:35:00,40150.8,40157.1,40140.1,40141.8,0
2019-11-01 12:40:00,40142.2,40147.9,40118.7,40143.2,0
2019-11-01 12:45:00,40143.5,40149.7,40115.5,40126.3,0
2019-11-01 12:50:00,40129.6,40132.5,40101.3,40110.3,0
2019-11-01 12:55:00,40109.7,40124.2,40103.2,40121.4,0
2019-11-01 13:00:00,40120.5,40126.1,40095.0,40095.1,0
2019-11-01 13:05:00,40094.2,40094.8,40061.1,40078.8,0
2019-11-01 13:10:00,40078.1,40102.5,40075.8,40099.0,0
2019-11-01 13:15:00,40098.4,40104.2,40077.2,40088.7,0
2019-11-01 13:20:00,40090.6,40128.5,40090.1,40127.2,0
2019-11-01 13:25:00,40126.7,40127.3,40110.3,40121.4,0
2019-11-01 13:30:00,40122.7,40138.3,40122.0,40124.1,0
2019-11-01 13:35:00,40124.1,40126.7,40111.6,40125.8,0
2019-11-01 13:40:00,40122.2,40145.6,40104.9,40114.1,0
2019-11-01 13:45:00,40111.2,40111.2,40085.5,40099.8,0
2019-11-01 13:50:00,40103.6,40132.1,40103.2,40116.4,0
2019-11-01 13:55:00,40116.3,40126.5,40106.2,40121.6,0
2019-11-01 14:00:00,40121.9,40170.0,40116.0,40169.6,0
2019-11-01 14:05:00,40175.0,40184.2,40166.0,40175.2,0
2019-11-01 14:10:00,40176.2,40199.3,40160.2,40170.0,0
2019-11-01 14:15:00,40170.0,40185.7,40164.5,40174.7,0
2019-11-01 14:20:00,40171.6,40182.9,40158.7,40168.2,0
2019-11-01 14:25:00,40168.7,40175.2,40099.7,40106.8,0
2019-11-01 14:30:00,40107.3,40159.1,40094.9,40148.7,0
2019-11-01 14:35:00,40147.4,40183.5,40146.6,40181.7,0
2019-11-01 14:40:00,40180.1,40226.7,40175.4,40224.3,0
2019-11-01 14:45:00,40224.6,40242.2,40162.1,40181.6,0
2019-11-01 14:50:00,40180.8,40184.4,40159.8,40164.9,0
2019-11-01 14:55:00,40164.3,40189.9,40157.7,40183.7,0
2019-11-01 15:00:00,40183.8,40202.7,40144.3,40151.4,0
2019-11-01 15:05:00,40150.6,40156.9,40137.5,40154.4,0
2019-11-01 15:10:00,40153.6,40164.7,40137.0,40150.0,0
2019-11-01 15:15:00,40152.5,40173.9,40135.2,40171.1,0
2019-11-01 15:20:00,40169.0,40174.7,40153.4,40164.9,0
2019-11-01 15:25:00,40166.2,40192.6,40159.2,40187.6,0
2019-11-04 09:15:00,40293.9,40375.7,40267.3,40372.7,0
2019-11-04 09:20:00,40381.7,40434.8,40378.9,40411.7,0
2019-11-04 09:25:00,40411.4,40418.7,40369.8,40400.6,0
2019-11-04 09:30:00,40399.9,40421.8,40395.6,40416.6,0
2019-11-04 09:35:00,40415.4,40420.4,40364.8,40371.7,0
2019-11-04 09:40:00,40367.0,40390.1,40342.1,40384.0,0
2019-11-04 09:45:00,40365.9,40377.5,40359.1,40359.1,0
2019-11-04 09:50:00,40353.6,40357.6,40302.9,40316.3,0
2019-11-04 09:55:00,40316.4,40332.9,40304.4,40312.1,0
2019-11-04 10:00:00,40312.3,40314.6,40291.9,40296.6,0
2019-11-04 10:05:00,40298.5,40342.8,40297.7,40339.8,0
2019-11-04 10:10:00,40340.2,40364.8,40332.1,40352.9,0
2019-11-04 10:15:00,40356.0,40371.8,40345.4,40368.4,0
2019-11-04 10:20:00,40371.7,40373.5,40339.4,40351.4,0
2019-11-04 10:25:00,40348.6,40349.0,40327.8,40339.6,0
2019-11-04 10:30:00,40337.9,40361.4,40334.4,40358.7,0
2019-11-04 10:35:00,40361.7,40363.7,40333.5,40334.1,0
2019-11-04 10:40:00,40336.9,40354.3,40333.8,40352.8,0
2019-11-04 10:45:00,40354.5,40358.8,40331.1,40346.0,0
2019-11-04 10:50:00,40346.5,40352.6,40321.9,40330.5,0
2019-11-04 10:55:00,40330.3,40343.3,40327.3,40331.6,0
2019-11-04 11:00:00,40330.9,40347.7,40321.1,40334.4,0
2019-11-04 11:05:00,40335.8,40446.5,40332.1,40428.3,0
2019-11-04 11:10:00,40427.3,40452.0,40406.1,40444.7,0
2019-11-04 11:15:00,40446.9,40478.9,40438.0,40455.9,0
2019-11-04 11:20:00,40457.6,40483.2,40442.4,40448.0,0
2019-11-04 11:25:00,40448.2,40465.9,40397.5,40406.2,0
2019-11-04 11:30:00,40406.4,40412.0,40382.6,40409.5,0
2019-11-04 11:35:00,40407.4,40412.9,40389.7,40408.4,0
2019-11-04 11:40:00,40409.5,40409.5,40315.1,40319.5,0
2019-11-04 11:45:00,40321.6,40345.8,40286.9,40290.8,0
2019-11-04 11:50:00,40291.3,40297.0,40228.7,40255.9,0
2019-11-04 11:55:00,40256.9,40273.8,40231.2,40267.4,0
2019-11-04 12:00:00,40265.6,40265.6,40208.9,40224.6,0
2019-11-04 12:05:00,40231.8,40238.3,40201.7,40211.8,0
2019-11-04 12:10:00,40213.8,40483.2,40196.5,40252.4,0
2019-11-04 12:15:00,40253.1,40256.6,40229.0,40233.2,0
2019-11-04 12:20:00,40231.8,40240.1,40202.1,40207.8,0
2019-11-04 12:25:00,40211.8,40220.2,40191.6,40216.5,0
2019-11-04 12:30:00,40214.2,40214.2,40193.6,40204.9,0
2019-11-04 12:35:00,40207.9,40254.3,40207.8,40249.1,0
2019-11-04 12:40:00,40248.4,40252.1,40229.9,40248.7,0
2019-11-04 12:45:00,40248.5,40251.1,40223.9,40238.7,0
2019-11-04 12:50:00,40239.6,40243.6,40204.1,40209.9,0
2019-11-04 12:55:00,40211.0,40249.7,40206.6,40248.8,0
2019-11-04 13:00:00,40248.8,40272.9,40241.3,40272.9,0
2019-11-04 13:05:00,40273.4,40282.4,40267.6,40279.0,0
2019-11-04 13:10:00,40279.6,40280.0,40229.6,40242.9,0
2019-11-04 13:15:00,40242.8,40257.1,40233.3,40251.0,0
2019-11-04 13:20:00,40248.1,40248.1,40224.3,40225.6,0
2019-11-04 13:25:00,40224.8,40236.4,40186.3,40231.9,0
2019-11-04 13:30:00,40229.6,40253.6,40226.9,40246.2,0
2019-11-04 13:35:00,40246.1,40268.5,40244.4,40264.5,0
2019-11-04 13:40:00,40265.4,40271.2,40243.2,40257.9,0
2019-11-04 13:45:00,40274.1,40275.9,40230.5,40233.8,0
2019-11-04 13:50:00,40234.4,40254.4,40234.3,40248.2,0
2019-11-04 13:55:00,40245.9,40273.6,40219.3,40259.8,0
2019-11-04 14:00:00,40260.2,40269.1,40255.5,40258.2,0
2019-11-04 14:05:00,40258.9,40276.5,40256.1,40268.8,0
2019-11-04 14:10:00,40270.0,40280.5,40256.5,40273.7,0
2019-11-04 14:15:00,40275.0,40294.6,40241.8,40257.5,0
2019-11-04 14:20:00,40255.7,40341.8,40255.2,40303.1,0
2019-11-04 14:25:00,40304.7,40327.8,40284.7,40318.0,0
2019-11-04 14:30:00,40320.5,40365.7,40307.9,40365.7,0
2019-11-04 14:35:00,40363.6,40366.6,40324.3,40359.1,0
2019-11-04 14:40:00,40360.3,40363.5,40308.6,40336.3,0
2019-11-04 14:45:00,40335.2,40370.1,40319.1,40357.5,0
2019-11-04 14:50:00,40358.3,40360.6,40338.8,40343.2,0
2019-11-04 14:55:00,40345.7,40366.3,40334.6,40352.7,0
2019-11-04 15:00:00,40355.8,40483.2,40186.3,40323.1,0
2019-11-04 15:05:00,40322.5,40332.3,40312.6,40319.1,0
2019-11-04 15:10:00,40312.6,40312.6,40278.5,40296.2,0
2019-11-04 15:15:00,40290.8,40317.3,40279.6,40301.4,0
2019-11-04 15:20:00,40299.4,40483.2,40186.3,40293.6,0
2019-11-04 15:25:00,40295.7,40331.9,40284.1,40331.9,0
2019-11-05 09:15:00,40445.7,40466.6,40307.9,40367.8,0
2019-11-05 09:20:00,40372.2,40386.2,40304.4,40328.2,0
2019-11-05 09:25:00,40328.2,40328.2,40257.5,40298.2,0
2019-11-05 09:30:00,40297.7,40301.8,40238.0,40276.0,0
2019-11-05 09:35:00,40279.6,40338.9,40276.0,40338.9,0
2019-11-05 09:40:00,40339.9,40359.5,40323.5,40336.2,0
2019-11-05 09:45:00,40335.5,40364.0,40335.5,40347.1,0
2019-11-05 09:50:00,40344.7,40344.9,40302.6,40306.3,0
2019-11-05 09:55:00,40304.9,40307.1,40284.7,40298.8,0
2019-11-05 10:00:00,40298.3,40306.4,40284.4,40284.4,0
2019-11-05 10:05:00,40285.1,40312.1,40283.4,40297.8,0
2019-11-05 10:10:00,40299.8,40333.7,40283.5,40321.1,0
2019-11-05 10:15:00,40322.2,40353.1,40319.5,40348.2,0
2019-11-05 10:20:00,40349.1,40354.0,40330.1,40333.6,0
2019-11-05 10:25:00,40333.6,40351.5,40327.1,40344.5,0
2019-11-05 10:30:00,40339.8,40349.2,40331.4,40339.1,0
2019-11-05 10:35:00,40338.5,40344.4,40322.7,40322.8,0
2019-11-05 10:40:00,40323.8,40327.8,40307.8,40327.5,0
2019-11-05 10:45:00,40327.5,40357.4,40325.8,40356.1,0
2019-11-05 10:50:00,40357.8,40373.6,40347.3,40350.6,0
2019-11-05 10:55:00,40348.4,40348.4,40300.4,40306.8,0
2019-11-05 11:00:00,40302.9,40329.9,40292.9,40329.9,0
2019-11-05 11:05:00,40331.0,40340.2,40310.4,40310.8,0
2019-11-05 11:10:00,40310.9,40334.2,40304.1,40332.4,0
2019-11-05 11:15:00,40333.2,40333.2,40312.2,40317.3,0
2019-11-05 11:20:00,40318.3,40325.3,40301.8,40308.4,0
2019-11-05 11:25:00,40309.2,40322.5,40304.7,40315.8,0
2019-11-05 11:30:00,40314.8,40325.4,40286.9,40289.9,0
2019-11-05 11:35:00,40290.3,40290.9,40258.1,40261.3,0
2019-11-05 11:40:00,40260.7,40273.8,40245.8,40258.4,0
2019-11-05 11:45:00,40258.2,40270.2,40253.0,40264.5,0
2019-11-05 11:50:00,40264.0,40279.2,40243.7,40243.7,0
2019-11-05 11:55:00,40246.4,40255.4,40202.7,40212.7,0
2019-11-05 12:00:00,40212.2,40229.5,40196.3,40200.9,0
2019-11-05 12:05:00,40202.4,40202.4,40169.7,40185.6,0
2019-11-05 12:10:00,40185.0,40185.0,40144.9,40163.1,0
2019-11-05 12:15:00,40169.3,40197.6,40166.8,40197.6,0
2019-11-05 12:20:00,40196.5,40210.0,40192.1,40192.1,0
2019-11-05 12:25:00,40192.1,40221.2,40183.5,40220.8,0
2019-11-05 12:30:00,40218.6,40222.2,40193.7,40195.0,0
2019-11-05 12:35:00,40198.1,40200.2,40167.8,40167.8,0
2019-11-05 12:40:00,40170.6,40173.6,40155.8,40158.6,0
2019-11-05 12:45:00,40155.1,40155.3,40127.7,40130.6,0
2019-11-05 12:50:00,40129.8,40152.1,40113.4,40146.0,0
2019-11-05 12:55:00,40146.8,40161.2,40146.0,40151.6,0
2019-11-05 13:00:00,40150.6,40151.8,40119.0,40133.5,0
2019-11-05 13:05:00,40135.4,40148.6,40114.2,40114.2,0
2019-11-05 13:10:00,40113.4,40119.2,40080.6,40090.2,0
2019-11-05 13:15:00,40090.8,40092.2,40053.6,40092.1,0
2019-11-05 13:20:00,40092.8,40119.4,40092.8,40107.5,0
2019-11-05 13:25:00,40105.4,40106.7,40090.2,40098.3,0
2019-11-05 13:30:00,40097.7,40143.1,40092.9,40140.5,0
2019-11-05 13:35:00,40141.0,40181.0,40138.9,40159.8,0
2019-11-05 13:40:00,40159.5,40181.7,40140.3,40168.1,0
2019-11-05 13:45:00,40169.2,40187.6,40152.0,40160.8,0
2019-11-05 13:50:00,40160.3,40160.4,40125.3,40129.6,0
2019-11-05 13:55:00,40128.0,40196.9,40127.9,40191.4,0
2019-11-05 14:00:00,40190.6,40190.8,40165.7,40179.0,0
2019-11-05 14:05:00,40178.0,40186.3,40152.8,40154.8,0
2019-11-05 14:10:00,40154.0,40226.2,40151.0,40220.1,0
2019-11-05 14:15:00,40220.1,40224.6,40206.6,40208.0,0
2019-11-05 14:20:00,40207.4,40217.4,40190.6,40191.6,0
2019-11-05 14:25:00,40190.6,40191.8,40171.2,40176.0,0
2019-11-05 14:30:00,40175.6,40221.3,40173.4,40221.3,0
2019-11-05 14:35:00,40219.5,40222.2,40202.9,40220.5,0
2019-11-05 14:40:00,40222.0,40265.2,40222.0,40233.9,0
2019-11-05 14:45:00,40229.3,40247.5,40209.6,40215.1,0
2019-11-05 14:50:00,40215.3,40219.4,40178.9,40183.2,0
2019-11-05 14:55:00,40184.8,40204.7,40183.7,40192.0,0
2019-11-05 15:00:00,40191.7,40238.0,40187.6,40229.0,0
2019-11-05 15:05:00,40228.4,40257.1,40226.6,40231.1,0
2019-11-05 15:10:00,40233.4,40248.7,40219.0,40248.5,0
2019-11-05 15:15:00,40253.9,40267.6,40232.9,40263.6,0
2019-11-05 15:20:00,40261.5,40263.1,40247.4,40258.6,0
2019-11-05 15:25:00,40262.1,40276.0,40245.2,40247.3,0
2019-11-06 09:15:00,40311.9,40311.9,40113.9,40120.9,0
2019-11-06 09:20:00,40125.5,40311.9,40113.9,40163.7,0
2019-11-06 09:25:00,40169.0,40189.4,40145.3,40175.6,0
2019-11-06 09:30:00,40179.2,40185.7,40135.2,40135.4,0
2019-11-06 09:35:00,40138.5,40148.9,40118.3,40139.1,0
2019-11-06 09:40:00,40136.5,40146.5,40098.5,40098.8,0
2019-11-06 09:45:00,40098.5,40103.1,40085.2,40088.5,0
2019-11-06 09:50:00,40087.2,40087.2,40060.4,40063.2,0
2019-11-06 09:55:00,40061.4,40311.9,40055.6,40102.4,0
2019-11-06 10:00:00,40101.8,40112.3,40086.9,40091.9,0
2019-11-06 10:05:00,40090.1,40116.4,40084.4,40084.6,0
2019-11-06 10:10:00,40085.4,40085.4,40054.6,40076.5,0
2019-11-06 10:15:00,40076.5,40112.2,40076.5,40099.9,0
2019-11-06 10:20:00,40102.1,40102.8,40078.4,40083.3,0
2019-11-06 10:25:00,40083.2,40112.8,40082.9,40107.4,0
2019-11-06 10:30:00,40107.6,40119.6,40102.9,40108.7,0
2019-11-06 10:35:00,40105.8,40111.4,40085.0,40090.5,0
2019-11-06 10:40:00,40090.4,40095.1,40070.8,40092.0,0
2019-11-06 10:45:00,40091.6,40095.3,40053.9,40061.9,0
2019-11-06 10:50:00,40062.5,40064.7,40037.5,40049.8,0
2019-11-06 10:55:00,40051.1,40078.8,40046.1,40078.7,0
2019-11-06 11:00:00,40077.9,40111.7,40077.8,40098.5,0
2019-11-06 11:05:00,40100.7,40115.1,40091.0,40103.6,0
2019-11-06 11:10:00,40103.3,40104.7,40082.4,40088.6,0
2019-11-06 11:15:00,40089.2,40121.0,40086.1,40112.1,0
2019-11-06 11:20:00,40110.7,40159.9,40106.9,40156.9,0
2019-11-06 11:25:00,40158.4,40165.1,40134.8,40137.1,0
2019-11-06 11:30:00,40135.4,40172.5,40134.3,40170.5,0
2019-11-06 11:35:00,40171.4,40266.4,40167.6,40262.9,0
2019-11-06 11:40:00,40263.7,40378.7,40263.3,40372.6,0
2019-11-06 11:45:00,40373.8,40373.8,40326.0,40352.9,0
2019-11-06 11:50:00,40351.3,40362.6,40323.9,40328.1,0
2019-11-06 11:55:00,40327.1,40336.7,40311.2,40333.1,0
2019-11-06 12:00:00,40333.6,40462.4,40333.6,40457.7,0
2019-11-06 12:05:00,40456.5,40478.9,40434.6,40434.6,0
2019-11-06 12:10:00,40432.8,40441.9,40417.0,40426.3,0
2019-11-06 12:15:00,40423.5,40455.2,40423.1,40455.2,0
2019-11-06 12:20:00,40453.1,40475.2,40446.2,40446.2,0
2019-11-06 12:25:00,40447.9,40452.8,40420.8,40446.2,0
2019-11-06 12:30:00,40447.5,40464.2,40429.2,40429.6,0
2019-11-06 12:35:00,40429.9,40430.2,40380.1,40400.1,0
2019-11-06 12:40:00,40398.8,40400.3,40365.9,40391.1,0
2019-11-06 12:45:00,40390.2,40431.4,40383.1,40421.1,0
2019-11-06 12:50:00,40421.3,40442.9,40418.0,40442.9,0
2019-11-06 12:55:00,40443.9,40449.6,40421.3,40425.1,0
2019-11-06 13:00:00,40425.1,40448.8,40420.6,40444.4,0
2019-11-06 13:05:00,40443.4,40448.1,40416.9,40446.2,0
2019-11-06 13:10:00,40452.9,40465.5,40441.1,40441.3,0
2019-11-06 13:15:00,40441.3,40456.6,40435.1,40451.9,0
2019-11-06 13:20:00,40451.8,40470.9,40447.5,40459.2,0
2019-11-06 13:25:00,40458.6,40461.0,40441.9,40459.7,0
2019-11-06 13:30:00,40460.0,40527.2,40460.0,40526.7,0
2019-11-06 13:35:00,40525.3,40543.1,40513.8,40513.8,0
2019-11-06 13:40:00,40515.8,40553.2,40508.9,40542.5,0
2019-11-06 13:45:00,40541.2,40553.2,40037.5,40519.9,0
2019-11-06 13:50:00,40523.8,40523.8,40502.3,40518.9,0
2019-11-06 13:55:00,40520.6,40526.3,40502.1,40521.5,0
2019-11-06 14:00:00,40521.8,40571.9,40520.4,40559.6,0
2019-11-06 14:05:00,40561.6,40587.0,40560.9,40582.2,0
2019-11-06 14:10:00,40583.1,40606.9,40537.4,40539.5,0
2019-11-06 14:15:00,40539.8,40568.0,40535.1,40563.1,0
2019-11-06 14:20:00,40567.7,40600.6,40567.2,40591.5,0
2019-11-06 14:25:00,40591.3,40597.6,40555.3,40560.5,0
2019-11-06 14:30:00,40559.4,40592.9,40556.1,40589.0,0
2019-11-06 14:35:00,40589.0,40592.1,40570.8,40573.4,0
2019-11-06 14:40:00,40574.7,40578.7,40542.8,40561.9,0
2019-11-06 14:45:00,40558.9,40569.4,40532.9,40539.7,0
2019-11-06 14:50:00,40539.9,40578.4,40539.9,40565.8,0
2019-11-06 14:55:00,40563.4,40563.9,40543.3,40554.4,0
2019-11-06 15:00:00,40552.6,40553.5,40490.8,40491.3,0
2019-11-06 15:05:00,40491.9,40492.8,40461.3,40471.3,0
2019-11-06 15:10:00,40467.6,40484.0,40461.6,40469.3,0
2019-11-06 15:15:00,40475.0,40491.5,40466.9,40470.4,0
2019-11-06 15:20:00,40469.5,40471.3,40450.8,40466.2,0
2019-11-06 15:25:00,40464.0,40472.4,40447.4,40468.6,0
2019-11-07 09:15:00,40625.6,40656.7,40580.3,40642.7,0
2019-11-07 09:20:00,40635.3,40670.5,40620.5,40643.4,0
2019-11-07 09:25:00,40646.1,40646.1,40586.6,40626.6,0
2019-11-07 09:30:00,40624.7,40663.2,40619.6,40661.9,0
2019-11-07 09:35:00,40661.6,40676.4,40646.9,40651.9,0
2019-11-07 09:40:00,40654.2,40666.1,40634.1,40652.8,0
2019-11-07 09:45:00,40654.5,40655.5,40587.6,40594.3,0
2019-11-07 09:50:00,40588.7,40609.5,40561.0,40592.1,0
2019-11-07 09:55:00,40591.2,40607.7,40546.2,40573.9,0
2019-11-07 10:00:00,40573.0,40621.7,40552.7,40604.8,0
2019-11-07 10:05:00,40605.8,40611.5,40560.7,40568.0,0
2019-11-07 10:10:00,40566.4,40588.6,40540.9,40542.5,0
2019-11-07 10:15:00,40544.0,40545.0,40476.1,40487.8,0
2019-11-07 10:20:00,40493.2,40523.8,40486.3,40509.2,0
2019-11-07 10:25:00,40510.1,40566.4,40498.6,40560.8,0
2019-11-07 10:30:00,40559.7,40569.8,40548.8,40557.9,0
2019-11-07 10:35:00,40555.8,40567.2,40535.5,40555.4,0
2019-11-07 10:40:00,40556.1,40565.5,40540.4,40556.1,0
2019-11-07 10:45:00,40554.8,40555.8,40514.1,40520.6,0
2019-11-07 10:50:00,40524.3,40545.5,40514.8,40541.5,0
2019-11-07 10:55:00,40542.2,40561.4,40531.4,40561.4,0
2019-11-07 11:00:00,40561.6,40573.2,40534.2,40534.8,0
2019-11-07 11:05:00,40537.5,40552.9,40522.9,40522.9,0
2019-11-07 11:10:00,40524.6,40552.2,40522.7,40541.4,0
2019-11-07 11:15:00,40542.0,40546.3,40495.6,40512.3,0
2019-11-07 11:20:00,40513.0,40538.5,40504.2,40530.4,0
2019-11-07 11:25:00,40530.0,40535.8,40521.3,40532.4,0
2019-11-07 11:30:00,40534.0,40553.3,40533.4,40537.2,0
2019-11-07 11:35:00,40537.9,40541.1,40524.7,40534.7,0
2019-11-07 11:40:00,40534.1,40537.0,40509.1,40515.9,0
2019-11-07 11:45:00,40515.7,40542.2,40513.6,40534.2,0
2019-11-07 11:50:00,40535.3,40543.4,40517.0,40521.6,0
2019-11-07 11:55:00,40520.7,40524.1,40510.9,40518.9,0
2019-11-07 12:00:00,40518.9,40519.9,40495.6,40504.7,0
2019-11-07 12:05:00,40503.9,40551.6,40502.8,40546.2,0
2019-11-07 12:10:00,40545.8,40555.4,40534.3,40553.3,0
2019-11-07 12:15:00,40551.9,40552.7,40527.0,40532.1,0
2019-11-07 12:20:00,40532.6,40535.4,40518.0,40519.5,0
2019-11-07 12:25:00,40519.0,40525.4,40494.3,40499.9,0
2019-11-07 12:30:00,40499.5,40501.4,40439.9,40479.9,0
2019-11-07 12:35:00,40482.6,40484.6,40435.2,40436.7,0
2019-11-07 12:40:00,40434.9,40457.8,40421.1,40442.3,0
2019-11-07 12:45:00,40440.1,40450.9,40429.2,40450.0,0
2019-11-07 12:50:00,40451.7,40541.3,40451.7,40540.2,0
2019-11-07 12:55:00,40541.9,40621.2,40541.9,40613.5,0
2019-11-07 13:00:00,40613.5,40623.5,40587.1,40601.1,0
2019-11-07 13:05:00,40601.2,40616.0,40579.5,40581.9,0
2019-11-07 13:10:00,40581.7,40601.6,40571.2,40575.0,0
2019-11-07 13:15:00,40579.7,40612.8,40575.4,40591.9,0
2019-11-07 13:20:00,40593.2,40600.8,40569.9,40574.1,0
2019-11-07 13:25:00,40573.7,40593.4,40553.2,40577.6,0
2019-11-07 13:30:00,40580.3,40601.2,40579.8,40596.0,0
2019-11-07 13:35:00,40595.4,40597.1,40578.3,40591.4,0
2019-11-07 13:40:00,40591.8,40618.1,40591.7,40601.3,0
2019-11-07 13:45:00,40598.7,40622.2,40579.8,40579.8,0
2019-11-07 13:50:00,40584.6,40584.6,40562.4,40575.6,0
2019-11-07 13:55:00,40575.8,40590.6,40558.1,40589.4,0
2019-11-07 14:00:00,40587.9,40664.6,40587.2,40648.9,0
2019-11-07 14:05:00,40647.0,40648.6,40601.5,40609.5,0
2019-11-07 14:10:00,40611.2,40636.5,40610.6,40623.6,0
2019-11-07 14:15:00,40621.9,40646.7,40612.4,40620.0,0
2019-11-07 14:20:00,40620.0,40630.2,40593.6,40607.4,0
2019-11-07 14:25:00,40606.7,40676.4,40421.1,40655.0,0
2019-11-07 14:30:00,40649.4,40655.6,40627.5,40627.9,0
2019-11-07 14:35:00,40625.7,40625.7,40551.7,40577.9,0
2019-11-07 14:40:00,40577.5,40595.8,40565.9,40591.4,0
2019-11-07 14:45:00,40586.8,40616.5,40577.2,40596.5,0
2019-11-07 14:50:00,40596.1,40616.1,40590.9,40604.9,0
2019-11-07 14:55:00,40607.0,40626.6,40586.9,40621.3,0
2019-11-07 15:00:00,40619.6,40654.6,40611.0,40644.5,0
2019-11-07 15:05:00,40644.6,40659.2,40628.7,40630.9,0
2019-11-07 15:10:00,40631.7,40667.3,40631.7,40664.2,0
2019-11-07 15:15:00,40664.0,40668.0,40644.7,40657.7,0
2019-11-07 15:20:00,40658.5,40676.6,40649.0,40676.4,0
2019-11-07 15:25:00,40671.0,40683.8,40421.1,40681.4,0
2019-11-08 09:15:00,40630.6,40630.6,40503.7,40545.1,0
2019-11-08 09:20:00,40532.2,40630.6,40503.7,40560.1,0
2019-11-08 09:25:00,40559.8,40594.2,40558.0,40588.2,0
2019-11-08 09:30:00,40585.1,40598.5,40561.6,40561.6,0
2019-11-08 09:35:00,40557.8,40567.5,40534.2,40539.0,0
2019-11-08 09:40:00,40538.8,40576.2,40536.5,40571.4,0
2019-11-08 09:45:00,40570.5,40574.6,40539.3,40549.5,0
2019-11-08 09:50:00,40548.1,40590.2,40531.2,40587.8,0
2019-11-08 09:55:00,40587.6,40587.6,40568.7,40574.4,0
2019-11-08 10:00:00,40575.3,40602.7,40557.7,40597.1,0
2019-11-08 10:05:00,40592.4,40611.9,40577.4,40583.2,0
2019-11-08 10:10:00,40583.0,40592.4,40565.0,40584.3,0
2019-11-08 10:15:00,40583.8,40615.7,40580.6,40597.5,0
2019-11-08 10:20:00,40597.8,40598.7,40568.8,40569.4,0
2019-11-08 10:25:00,40574.9,40574.9,40546.8,40556.5,0
2019-11-08 10:30:00,40557.6,40566.8,40501.5,40513.3,0
2019-11-08 10:35:00,40511.0,40512.8,40452.3,40484.4,0
2019-11-08 10:40:00,40482.8,40495.2,40458.2,40489.2,0
2019-11-08 10:45:00,40488.5,40495.2,40477.7,40491.2,0
2019-11-08 10:50:00,40489.7,40508.6,40488.2,40501.3,0
2019-11-08 10:55:00,40503.9,40503.9,40487.6,40487.6,0
2019-11-08 11:00:00,40488.6,40520.0,40483.7,40519.6,0
2019-11-08 11:05:00,40519.3,40519.5,40506.1,40512.4,0
2019-11-08 11:10:00,40508.7,40508.7,40482.9,40484.1,0
2019-11-08 11:15:00,40485.8,40511.7,40485.5,40502.6,0
2019-11-08 11:20:00,40501.3,40514.4,40491.8,40491.8,0
2019-11-08 11:25:00,40492.4,40503.1,40478.9,40484.7,0
2019-11-08 11:30:00,40485.6,40514.1,40482.7,40505.5,0
2019-11-08 11:35:00,40505.3,40528.8,40498.2,40523.1,0
2019-11-08 11:40:00,40522.2,40522.3,40503.8,40504.5,0
2019-11-08 11:45:00,40506.1,40509.6,40490.5,40491.7,0
2019-11-08 11:50:00,40491.8,40507.5,40489.2,40502.5,0
2019-11-08 11:55:00,40502.7,40503.5,40492.5,40500.3,0
2019-11-08 12:00:00,40500.5,40569.1,40491.4,40569.1,0
2019-11-08 12:05:00,40567.4,40575.2,40551.1,40553.9,0
2019-11-08 12:10:00,40554.1,40621.8,40553.8,40578.3,0
2019-11-08 12:15:00,40575.6,40594.9,40575.4,40585.7,0
2019-11-08 12:20:00,40586.3,40633.0,40583.4,40615.1,0
2019-11-08 12:25:00,40614.5,40619.9,40592.2,40619.9,0
2019-11-08 12:30:00,40618.6,40635.2,40610.6,40626.7,0
2019-11-08 12:35:00,40626.6,40628.9,40586.8,40590.8,0
2019-11-08 12:40:00,40591.9,40646.9,40590.6,40641.6,0
2019-11-08 12:45:00,40642.2,40661.4,40628.8,40651.3,0
2019-11-08 12:50:00,40652.3,40667.3,40626.8,40629.9,0
2019-11-08 12:55:00,40630.8,40643.4,40612.6,40629.9,0
2019-11-08 13:00:00,40631.5,40739.2,40631.5,40731.4,0
2019-11-08 13:05:00,40729.0,40741.7,40703.6,40710.4,0
2019-11-08 13:10:00,40707.0,40716.8,40702.1,40710.6,0
2019-11-08 13:15:00,40710.8,40732.2,40700.3,40728.4,0
2019-11-08 13:20:00,40727.9,40749.3,40725.2,40737.1,0
2019-11-08 13:25:00,40734.8,40737.7,40682.5,40697.1,0
2019-11-08 13:30:00,40697.3,40697.3,40546.2,40566.4,0
2019-11-08 13:35:00,40567.0,40581.9,40494.0,40523.1,0
2019-11-08 13:40:00,40518.1,40558.5,40514.6,40545.3,0
2019-11-08 13:45:00,40542.8,40579.1,40522.8,40576.8,0
2019-11-08 13:50:00,40576.8,40587.7,40560.1,40577.9,0
2019-11-08 13:55:00,40577.5,40602.8,40576.4,40587.4,0
2019-11-08 14:00:00,40587.2,40749.3,40452.3,40599.5,0
2019-11-08 14:05:00,40598.2,40604.0,40563.3,40570.4,0
2019-11-08 14:10:00,40570.1,40593.2,40569.7,40576.6,0
2019-11-08 14:15:00,40577.5,40577.6,40526.1,40530.1,0
2019-11-08 14:20:00,40529.8,40552.0,40521.7,40525.1,0
2019-11-08 14:25:00,40525.7,40547.9,40519.1,40522.2,0
2019-11-08 14:30:00,40522.4,40581.7,40514.8,40567.5,0
2019-11-08 14:35:00,40567.7,40567.8,40510.6,40517.9,0
2019-11-08 14:40:00,40518.3,40556.4,40506.5,40536.8,0
2019-11-08 14:45:00,40538.2,40544.0,40513.9,40524.5,0
2019-11-08 14:50:00,40526.8,40534.1,40449.7,40449.7,0
2019-11-08 14:55:00,40452.3,40452.3,40394.2,40407.8,0
2019-11-08 15:00:00,40407.3,40749.3,40394.2,40400.5,0
2019-11-08 15:05:00,40400.1,40407.1,40348.1,40387.4,0
2019-11-08 15:10:00,40388.3,40391.3,40328.3,40339.6,0
2019-11-08 15:15:00,40339.1,40343.9,40266.4,40285.1,0
2019-11-08 15:20:00,40286.3,40321.8,40277.2,40311.8,0
2019-11-08 15:25:00,40311.2,40345.6,40311.2,40323.0,0
2019-11-11 09:15:00,40316.5,40316.5,40192.8,40265.9,0
2019-11-11 09:20:00,40264.3,40311.9,40242.1,40311.5,0
2019-11-11 09:25:00,40310.8,40385.6,40306.3,40362.8,0
2019-11-11 09:30:00,40364.4,40369.3,40277.3,40277.9,0
2019-11-11 09:35:00,40272.8,40295.4,40257.1,40283.9,0
2019-11-11 09:40:00,40282.6,40323.5,40255.9,40322.8,0
2019-11-11 09:45:00,40330.9,40333.9,40311.9,40317.6,0
2019-11-11 09:50:00,40317.9,40360.3,40317.9,40340.4,0
2019-11-11 09:55:00,40340.2,40343.2,40314.1,40330.7,0
2019-11-11 10:00:00,40332.6,40349.7,40323.7,40344.5,0
2019-11-11 10:05:00,40344.2,40345.1,40309.6,40328.1,0
2019-11-11 10:10:00,40329.4,40346.0,40320.4,40344.0,0
2019-11-11 10:15:00,40345.7,40385.6,40192.8,40322.0,0
2019-11-11 10:20:00,40324.5,40324.5,40291.4,40299.0,0
2019-11-11 10:25:00,40299.3,40304.7,40277.2,40280.5,0
2019-11-11 10:30:00,40281.2,40294.9,40245.9,40294.8,0
2019-11-11 10:35:00,40300.7,40305.9,40279.3,40287.4,0
2019-11-11 10:40:00,40286.3,40286.6,40255.5,40255.5,0
2019-11-11 10:45:00,40251.6,40269.1,40243.3,40248.7,0
2019-11-11 10:50:00,40247.6,40262.2,40235.4,40262.2,0
2019-11-11 10:55:00,40262.8,40292.7,40261.3,40274.1,0
2019-11-11 11:00:00,40278.7,40280.6,40260.6,40280.4,0
2019-11-11 11:05:00,40282.6,40288.2,40261.4,40262.1,0
2019-11-11 11:10:00,40266.8,40281.8,40253.4,40265.9,0
2019-11-11 11:15:00,40265.4,40269.6,40230.4,40252.1,0
2019-11-11 11:20:00,40250.9,40250.9,40234.0,40241.0,0
2019-11-11 11:25:00,40241.1,40241.2,40220.9,40236.6,0
2019-11-11 11:30:00,40237.9,40307.5,40229.3,40281.3,0
2019-11-11 11:35:00,40284.0,40285.4,40257.8,40268.4,0
2019-11-11 11:40:00,40268.0,40268.0,40244.2,40247.5,0
2019-11-11 11:45:00,40246.3,40246.3,40210.9,40210.9,0
2019-11-11 11:50:00,40206.3,40210.7,40180.5,40200.9,0
2019-11-11 11:55:00,40202.2,40202.4,40180.2,40188.3,0
2019-11-11 12:00:00,40187.3,40187.3,40151.0,40167.6,0
2019-11-11 12:05:00,40168.5,40385.6,40151.0,40173.7,0
2019-11-11 12:10:00,40175.0,40185.5,40167.2,40183.5,0
2019-11-11 12:15:00,40183.5,40214.3,40180.2,40191.1,0
2019-11-11 12:20:00,40191.5,40192.6,40173.6,40187.0,0
2019-11-11 12:25:00,40187.8,40198.7,40173.3,40180.4,0
2019-11-11 12:30:00,40180.4,40196.8,40176.0,40188.4,0
2019-11-11 12:35:00,40187.9,40204.8,40181.3,40182.4,0
2019-11-11 12:40:00,40183.3,40184.6,40163.0,40175.8,0
2019-11-11 12:45:00,40174.0,40194.6,40171.7,40191.8,0
2019-11-11 12:50:00,40192.4,40210.8,40191.8,40206.2,0
2019-11-11 12:55:00,40204.8,40257.8,40203.8,40247.2,0
2019-11-11 13:00:00,40245.4,40247.9,40212.0,40218.9,0
2019-11-11 13:05:00,40218.9,40233.9,40217.3,40226.0,0
2019-11-11 13:10:00,40224.9,40232.7,40205.7,40210.5,0
2019-11-11 13:15:00,40211.4,40232.3,40211.0,40220.6,0
2019-11-11 13:20:00,40219.7,40231.5,40207.3,40208.6,0
2019-11-11 13:25:00,40208.1,40216.0,40175.3,40206.3,0
2019-11-11 13:30:00,40204.7,40239.1,40204.3,40229.8,0
2019-11-11 13:35:00,40230.0,40267.3,40226.3,40261.2,0
2019-11-11 13:40:00,40259.4,40265.4,40244.9,40264.1,0
2019-11-11 13:45:00,40264.0,40291.9,40225.5,40238.3,0
2019-11-11 13:50:00,40238.9,40275.6,40238.0,40257.5,0
2019-11-11 13:55:00,40260.4,40265.0,40254.9,40256.8,0
2019-11-11 14:00:00,40254.5,40288.4,40252.1,40273.3,0
2019-11-11 14:05:00,40273.8,40293.6,40265.8,40275.0,0
2019-11-11 14:10:00,40273.7,40293.1,40267.5,40267.5,0
2019-11-11 14:15:00,40263.3,40291.5,40259.9,40279.4,0
2019-11-11 14:20:00,40278.5,40285.4,40266.6,40276.4,0
2019-11-11 14:25:00,40268.9,40278.5,40253.4,40273.5,0
2019-11-11 14:30:00,40272.9,40277.7,40194.1,40217.8,0
2019-11-11 14:35:00,40218.9,40261.0,40218.7,40242.7,0
2019-11-11 14:40:00,40243.5,40250.5,40235.0,40240.7,0
2019-11-11 14:45:00,40241.9,40283.3,40238.5,40272.2,0
2019-11-11 14:50:00,40270.4,40283.9,40260.6,40269.1,0
2019-11-11 14:55:00,40268.0,40279.1,40258.4,40269.2,0
2019-11-11 15:00:00,40265.6,40271.5,40245.0,40268.8,0
2019-11-11 15:05:00,40267.4,40364.6,40267.4,40359.9,0
2019-11-11 15:10:00,40355.5,40371.8,40336.4,40371.8,0
2019-11-11 15:15:00,40365.1,40417.4,40364.7,40370.4,0
2019-11-11 15:20:00,40370.2,40375.6,40343.4,40350.1,0
2019-11-11 15:25:00,40349.4,40366.5,40334.6,40345.8,0
2019-11-13 09:15:00,40346.4,40383.0,40279.1,40373.8,0
2019-11-13 09:20:00,40372.8,40383.0,40279.1,40367.1,0
2019-11-13 09:25:00,40370.5,40406.0,40367.5,40377.9,0
2019-11-13 09:30:00,40380.0,40426.1,40279.1,40425.3,0
2019-11-13 09:35:00,40440.1,40447.2,40279.1,40415.5,0
2019-11-13 09:40:00,40417.7,40431.1,40381.9,40384.3,0
2019-11-13 09:45:00,40382.9,40393.0,40337.9,40347.3,0
2019-11-13 09:50:00,40348.0,40373.3,40341.9,40364.6,0
2019-11-13 09:55:00,40364.7,40388.4,40348.4,40388.2,0
2019-11-13 10:00:00,40386.4,40406.4,40380.1,40391.7,0
2019-11-13 10:05:00,40394.1,40401.4,40355.8,40362.6,0
2019-11-13 10:10:00,40361.3,40387.8,40340.6,40382.1,0
2019-11-13 10:15:00,40382.7,40397.2,40367.5,40370.0,0
2019-11-13 10:20:00,40370.9,40447.2,40279.1,40391.7,0
2019-11-13 10:25:00,40391.8,40416.2,40390.6,40402.6,0
2019-11-13 10:30:00,40400.2,40400.5,40346.5,40354.8,0
2019-11-13 10:35:00,40355.6,40379.4,40352.4,40365.6,0
2019-11-13 10:40:00,40366.4,40388.5,40355.4,40378.5,0
2019-11-13 10:45:00,40378.1,40380.4,40363.4,40372.8,0
2019-11-13 10:50:00,40373.6,40376.8,40322.6,40322.8,0
2019-11-13 10:55:00,40323.0,40323.0,40293.8,40296.0,0
2019-11-13 11:00:00,40297.9,40335.2,40296.5,40330.7,0
2019-11-13 11:05:00,40330.9,40331.7,40315.0,40323.6,0
2019-11-13 11:10:00,40325.7,40348.6,40321.0,40334.9,0
2019-11-13 11:15:00,40339.2,40380.2,40327.6,40378.1,0
2019-11-13 11:20:00,40380.6,40447.2,40279.1,40364.3,0
2019-11-13 11:25:00,40364.2,40364.6,40346.7,40348.5,0
2019-11-13 11:30:00,40349.9,40367.8,40345.3,40347.2,0
2019-11-13 11:35:00,40349.6,40369.4,40347.4,40350.5,0
2019-11-13 11:40:00,40349.6,40349.6,40334.1,40335.0,0
2019-11-13 11:45:00,40335.5,40346.1,40322.7,40343.7,0
2019-11-13 11:50:00,40345.5,40354.2,40337.3,40348.2,0
2019-11-13 11:55:00,40349.5,40350.9,40326.5,40328.8,0
2019-11-13 12:00:00,40327.1,40331.6,40308.4,40320.4,0
2019-11-13 12:05:00,40320.4,40335.3,40313.6,40317.8,0
2019-11-13 12:10:00,40316.4,40325.3,40291.3,40293.8,0
2019-11-13 12:15:00,40294.1,40317.0,40289.2,40301.4,0
2019-11-13 12:20:00,40302.0,40312.9,40299.8,40300.1,0
2019-11-13 12:25:00,40298.4,40334.4,40295.9,40327.8,0
2019-11-13 12:30:00,40325.8,40364.6,40325.5,40351.1,0
2019-11-13 12:35:00,40350.8,40354.8,40318.5,40321.9,0
2019-11-13 12:40:00,40321.7,40342.5,40320.2,40332.7,0
2019-11-13 12:45:00,40333.3,40357.5,40325.0,40357.5,0
2019-11-13 12:50:00,40358.2,40358.5,40325.0,40328.2,0
2019-11-13 12:55:00,40327.6,40336.0,40315.6,40326.4,0
2019-11-13 13:00:00,40324.1,40327.3,40308.3,40321.1,0
2019-11-13 13:05:00,40319.6,40328.3,40306.7,40323.7,0
2019-11-13 13:10:00,40323.6,40339.2,40320.8,40323.7,0
2019-11-13 13:15:00,40323.2,40323.2,40307.0,40318.2,0
2019-11-13 13:20:00,40318.4,40319.8,40293.8,40293.9,0
2019-11-13 13:25:00,40294.1,40294.2,40238.0,40255.1,0
2019-11-13 13:30:00,40257.8,40279.3,40245.4,40277.0,0
2019-11-13 13:35:00,40276.1,40279.0,40247.4,40266.5,0
2019-11-13 13:40:00,40266.5,40302.7,40264.9,40299.6,0
2019-11-13 13:45:00,40297.1,40306.4,40272.9,40299.3,0
2019-11-13 13:50:00,40300.0,40304.7,40276.3,40283.4,0
2019-11-13 13:55:00,40282.4,40283.5,40263.0,40277.1,0
2019-11-13 14:00:00,40277.0,40332.3,40276.2,40316.9,0
2019-11-13 14:05:00,40315.2,40325.5,40293.0,40296.6,0
2019-11-13 14:10:00,40295.7,40307.0,40290.3,40290.7,0
2019-11-13 14:15:00,40290.3,40300.2,40241.4,40264.4,0
2019-11-13 14:20:00,40264.8,40299.6,40254.7,40262.3,0
2019-11-13 14:25:00,40262.6,40267.7,40251.9,40257.1,0
2019-11-13 14:30:00,40254.8,40259.5,40200.9,40216.9,0
2019-11-13 14:35:00,40216.4,40246.8,40206.7,40233.0,0
2019-11-13 14:40:00,40230.1,40232.5,40172.4,40173.8,0
2019-11-13 14:45:00,40171.5,40180.9,40152.8,40156.7,0
2019-11-13 14:50:00,40157.9,40159.1,40096.1,40114.0,0
2019-11-13 14:55:00,40107.6,40107.6,40062.3,40085.7,0
2019-11-13 15:00:00,40083.7,40175.0,40081.8,40171.6,0
2019-11-13 15:05:00,40172.9,40178.6,40138.9,40153.3,0
2019-11-13 15:10:00,40153.8,40156.1,40100.2,40118.0,0
2019-11-13 15:15:00,40127.1,40132.0,40101.9,40131.3,0
2019-11-13 15:20:00,40135.0,40135.2,40091.8,40094.5,0
2019-11-13 15:25:00,40098.9,40120.9,40081.6,40115.9,0
2019-11-14 09:15:00,40178.9,40200.3,40110.9,40177.1,0
2019-11-14 09:20:00,40181.9,40183.9,40096.4,40102.4,0
2019-11-14 09:25:00,40102.2,40104.6,40043.8,40069.2,0
2019-11-14 09:30:00,40069.2,40129.1,40059.6,40120.4,0
2019-11-14 09:35:00,40122.4,40124.3,40067.1,40068.9,0
2019-11-14 09:40:00,40068.7,40071.2,40027.0,40036.4,0
2019-11-14 09:45:00,40034.5,40091.3,40032.2,40077.4,0
2019-11-14 09:50:00,40077.4,40083.8,40042.7,40067.4,0
2019-11-14 09:55:00,40070.4,40094.2,40039.3,40060.3,0
2019-11-14 10:00:00,40059.6,40083.6,40043.2,40083.0,0
2019-11-14 10:05:00,40081.6,40110.9,40073.6,40103.1,0
2019-11-14 10:10:00,40104.6,40127.2,40087.3,40087.3,0
2019-11-14 10:15:00,40085.7,40087.2,40070.2,40071.7,0
2019-11-14 10:20:00,40072.0,40077.3,40057.3,40057.3,0
2019-11-14 10:25:00,40057.5,40091.2,40057.5,40087.9,0
2019-11-14 10:30:00,40087.3,40106.2,40083.3,40090.9,0
2019-11-14 10:35:00,40092.5,40106.2,40089.5,40098.7,0
2019-11-14 10:40:00,40100.8,40217.7,40100.8,40191.6,0
2019-11-14 10:45:00,40192.1,40204.2,40172.4,40193.4,0
2019-11-14 10:50:00,40193.7,40210.2,40173.2,40210.1,0
2019-11-14 10:55:00,40210.2,40239.5,40210.2,40222.1,0
2019-11-14 11:00:00,40218.2,40268.2,40217.7,40262.4,0
2019-11-14 11:05:00,40264.2,40348.6,40264.2,40319.2,0
2019-11-14 11:10:00,40321.3,40323.6,40276.6,40284.5,0
2019-11-14 11:15:00,40284.9,40294.3,40270.7,40273.6,0
2019-11-14 11:20:00,40273.5,40274.2,40249.4,40261.1,0
2019-11-14 11:25:00,40260.0,40270.2,40249.0,40267.6,0
2019-11-14 11:30:00,40268.0,40286.8,40262.5,40265.1,0
2019-11-14 11:35:00,40265.1,40266.6,40250.6,40254.6,0
2019-11-14 11:40:00,40255.6,40264.1,40240.6,40244.3,0
2019-11-14 11:45:00,40244.2,40262.3,40230.0,40257.5,0
2019-11-14 11:50:00,40258.6,40259.1,40231.2,40231.2,0
2019-11-14 11:55:00,40230.6,40238.5,40212.1,40213.7,0
2019-11-14 12:00:00,40213.3,40213.3,40161.1,40161.1,0
2019-11-14 12:05:00,40162.6,40162.6,40114.2,40114.2,0
2019-11-14 12:10:00,40114.9,40145.6,40103.9,40120.0,0
2019-11-14 12:15:00,40119.3,40122.1,40088.2,40108.6,0
2019-11-14 12:20:00,40108.9,40114.9,40074.6,40100.6,0
2019-11-14 12:25:00,40100.8,40110.0,40077.6,40102.1,0
2019-11-14 12:30:00,40102.6,40164.2,40100.9,40154.3,0
2019-11-14 12:35:00,40153.7,40161.7,40124.5,40133.5,0
2019-11-14 12:40:00,40134.9,40161.3,40133.4,40150.1,0
2019-11-14 12:45:00,40147.1,40148.9,40119.1,40120.7,0
2019-11-14 12:50:00,40121.3,40125.6,40107.2,40125.5,0
2019-11-14 12:55:00,40125.9,40143.7,40123.3,40142.7,0
2019-11-14 13:00:00,40141.8,40145.6,40120.5,40134.7,0
2019-11-14 13:05:00,40134.7,40139.3,40118.8,40129.8,0
2019-11-14 13:10:00,40131.1,40140.3,40128.3,40128.3,0
2019-11-14 13:15:00,40130.3,40132.1,40118.6,40127.9,0
2019-11-14 13:20:00,40128.5,40202.6,40127.6,40191.0,0
2019-11-14 13:25:00,40190.1,40190.1,40160.9,40161.0,0
2019-11-14 13:30:00,40161.1,40164.5,40144.3,40153.8,0
2019-11-14 13:35:00,40154.6,40196.3,40154.6,40192.5,0
2019-11-14 13:40:00,40192.1,40192.7,40163.3,40167.2,0
2019-11-14 13:45:00,40167.3,40181.2,40154.6,40171.3,0
2019-11-14 13:50:00,40170.8,40215.7,40170.2,40215.7,0
2019-11-14 13:55:00,40219.0,40223.6,40194.2,40199.1,0
2019-11-14 14:00:00,40199.0,40247.9,40199.0,40234.9,0
2019-11-14 14:05:00,40234.6,40263.9,40214.1,40238.7,0
2019-11-14 14:10:00,40238.7,40267.8,40238.0,40263.8,0
2019-11-14 14:15:00,40264.7,40265.1,40201.7,40206.3,0
2019-11-14 14:20:00,40206.9,40219.7,40164.0,40186.2,0
2019-11-14 14:25:00,40189.0,40234.0,40184.6,40208.5,0
2019-11-14 14:30:00,40210.8,40218.3,40199.6,40203.3,0
2019-11-14 14:35:00,40204.5,40239.7,40190.3,40220.4,0
2019-11-14 14:40:00,40220.4,40241.8,40212.4,40222.9,0
2019-11-14 14:45:00,40222.1,40259.8,40216.2,40259.0,0
2019-11-14 14:50:00,40259.9,40259.9,40239.4,40257.7,0
2019-11-14 14:55:00,40257.4,40321.3,40249.2,40298.6,0
2019-11-14 15:00:00,40303.8,40330.6,40285.8,40285.8,0
2019-11-14 15:05:00,40284.5,40305.6,40247.3,40302.7,0
2019-11-14 15:10:00,40306.2,40315.7,40286.7,40295.5,0
2019-11-14 15:15:00,40294.0,40310.4,40287.8,40291.9,0
2019-11-14 15:20:00,40290.5,40294.4,40276.7,40280.7,0
2019-11-14 15:25:00,40281.8,40287.9,40245.8,40274.4,0
2019-11-15 09:15:00,40408.2,40472.3,40396.9,40432.0,0
2019-11-15 09:20:00,40431.1,40500.2,40431.1,40496.3,0
2019-11-15 09:25:00,40493.8,40527.7,40492.6,40511.7,0
2019-11-15 09:30:00,40511.8,40540.0,40488.7,40490.8,0
2019-11-15 09:35:00,40489.7,40495.2,40455.6,40487.5,0
2019-11-15 09:40:00,40486.1,40496.6,40472.2,40491.2,0
2019-11-15 09:45:00,40492.4,40502.9,40460.5,40468.4,0
2019-11-15 09:50:00,40466.6,40469.5,40444.4,40458.8,0
2019-11-15 09:55:00,40459.7,40485.8,40450.1,40485.8,0
2019-11-15 10:00:00,40488.3,40512.4,40484.3,40488.0,0
2019-11-15 10:05:00,40490.4,40503.3,40472.4,40499.6,0
2019-11-15 10:10:00,40497.6,40519.4,40481.3,40501.4,0
2019-11-15 10:15:00,40500.4,40623.3,40491.2,40623.0,0
2019-11-15 10:20:00,40620.2,40650.1,40590.8,40600.9,0
2019-11-15 10:25:00,40596.4,40622.9,40591.6,40592.7,0
2019-11-15 10:30:00,40591.6,40596.1,40563.1,40579.7,0
2019-11-15 10:35:00,40583.8,40606.3,40498.3,40509.6,0
2019-11-15 10:40:00,40514.0,40540.0,40446.1,40520.6,0
2019-11-15 10:45:00,40524.4,40569.1,40514.6,40549.2,0
2019-11-15 10:50:00,40554.0,40560.6,40516.0,40526.5,0
2019-11-15 10:55:00,40530.0,40532.4,40515.0,40516.2,0
2019-11-15 11:00:00,40516.5,40516.5,40446.2,40467.2,0
2019-11-15 11:05:00,40468.9,40495.1,40457.0,40490.1,0
2019-11-15 11:10:00,40489.5,40509.6,40488.8,40506.8,0
2019-11-15 11:15:00,40507.2,40533.2,40506.5,40508.1,0
2019-11-15 11:20:00,40505.9,40513.3,40488.1,40508.2,0
2019-11-15 11:25:00,40508.7,40516.3,40494.6,40498.6,0
2019-11-15 11:30:00,40496.0,40501.6,40475.8,40489.4,0
2019-11-15 11:35:00,40489.8,40489.9,40464.6,40471.1,0
2019-11-15 11:40:00,40470.9,40498.1,40458.0,40498.1,0
2019-11-15 11:45:00,40494.7,40497.3,40476.2,40493.5,0
2019-11-15 11:50:00,40493.9,40513.1,40493.6,40499.1,0
2019-11-15 11:55:00,40499.1,40521.4,40493.8,40512.8,0
2019-11-15 12:00:00,40513.0,40528.0,40510.5,40511.9,0
2019-11-15 12:05:00,40513.1,40529.7,40496.1,40529.2,0
2019-11-15 12:10:00,40530.2,40530.2,40511.3,40511.3,0
2019-11-15 12:15:00,40515.8,40520.2,40483.1,40486.9,0
2019-11-15 12:20:00,40485.6,40509.6,40483.1,40500.9,0
2019-11-15 12:25:00,40499.2,40502.7,40490.9,40495.9,0
2019-11-15 12:30:00,40495.9,40502.6,40485.1,40502.1,0
2019-11-15 12:35:00,40501.5,40534.6,40498.3,40525.5,0
2019-11-15 12:40:00,40524.6,40528.4,40496.4,40496.6,0
2019-11-15 12:45:00,40496.5,40503.9,40479.4,40483.2,0
2019-11-15 12:50:00,40484.0,40493.3,40475.9,40478.9,0
2019-11-15 12:55:00,40479.2,40483.1,40469.8,40472.8,0
2019-11-15 13:00:00,40472.1,40496.3,40458.2,40495.5,0
2019-11-15 13:05:00,40498.9,40512.6,40496.7,40505.9,0
2019-11-15 13:10:00,40504.9,40532.7,40503.9,40510.3,0
2019-11-15 13:15:00,40511.6,40514.5,40496.2,40496.9,0
2019-11-15 13:20:00,40496.5,40504.9,40482.5,40485.4,0
2019-11-15 13:25:00,40485.3,40503.7,40484.9,40500.5,0
2019-11-15 13:30:00,40500.6,40505.9,40486.6,40495.9,0
2019-11-15 13:35:00,40495.8,40650.1,40396.9,40538.4,0
2019-11-15 13:40:00,40543.6,40565.1,40527.7,40534.5,0
2019-11-15 13:45:00,40534.9,40580.1,40533.1,40579.6,0
2019-11-15 13:50:00,40579.7,40608.1,40559.1,40562.9,0
2019-11-15 13:55:00,40564.4,40570.7,40545.9,40545.9,0
2019-11-15 14:00:00,40543.2,40564.8,40531.9,40550.1,0
2019-11-15 14:05:00,40551.2,40561.3,40543.5,40561.3,0
2019-11-15 14:10:00,40561.4,40584.7,40561.4,40578.1,0
2019-11-15 14:15:00,40577.3,40597.2,40569.7,40572.5,0
2019-11-15 14:20:00,40575.1,40578.2,40546.1,40546.1,0
2019-11-15 14:25:00,40545.7,40586.8,40545.5,40568.7,0
2019-11-15 14:30:00,40568.7,40590.6,40566.4,40580.8,0
2019-11-15 14:35:00,40576.6,40586.6,40566.5,40578.3,0
2019-11-15 14:40:00,40579.9,40584.9,40519.1,40543.3,0
2019-11-15 14:45:00,40542.1,40576.4,40542.1,40564.6,0
2019-11-15 14:50:00,40561.4,40565.2,40527.8,40533.3,0
2019-11-15 14:55:00,40532.8,40547.7,40529.0,40536.1,0
2019-11-15 15:00:00,40536.6,40538.1,40419.1,40426.8,0
2019-11-15 15:05:00,40428.1,40452.6,40354.7,40369.1,0
2019-11-15 15:10:00,40366.3,40387.4,40341.3,40341.3,0
2019-11-15 15:15:00,40346.8,40351.1,40322.2,40324.6,0
2019-11-15 15:20:00,40324.4,40332.9,40308.1,40313.4,0
2019-11-15 15:25:00,40313.1,40359.4,40313.0,40346.7,0
2019-11-18 09:15:00,40431.1,40511.0,40370.6,40489.5,0
2019-11-18 09:20:00,40483.5,40542.4,40472.6,40495.7,0
2019-11-18 09:25:00,40497.7,40510.4,40446.1,40446.1,0
2019-11-18 09:30:00,40445.9,40445.9,40395.4,40395.6,0
2019-11-18 09:35:00,40392.4,40393.3,40333.0,40374.9,0
2019-11-18 09:40:00,40374.6,40395.5,40356.8,40395.0,0
2019-11-18 09:45:00,40398.4,40411.4,40381.3,40381.7,0
2019-11-18 09:50:00,40385.4,40396.0,40367.6,40368.0,0
2019-11-18 09:55:00,40368.8,40375.7,40336.4,40338.2,0
2019-11-18 10:00:00,40335.0,40348.1,40310.8,40312.0,0
2019-11-18 10:05:00,40310.8,40360.8,40308.4,40345.6,0
2019-11-18 10:10:00,40344.9,40385.8,40342.9,40374.5,0
2019-11-18 10:15:00,40375.0,40390.1,40305.8,40317.7,0
2019-11-18 10:20:00,40320.1,40331.3,40303.8,40325.5,0
2019-11-18 10:25:00,40325.7,40346.2,40321.6,40342.0,0
2019-11-18 10:30:00,40343.4,40371.4,40340.5,40363.9,0
2019-11-18 10:35:00,40366.4,40372.2,40344.3,40346.4,0
2019-11-18 10:40:00,40349.2,40353.1,40331.0,40334.3,0
2019-11-18 10:45:00,40337.2,40356.7,40337.2,40350.4,0
2019-11-18 10:50:00,40353.2,40357.6,40321.8,40321.8,0
2019-11-18 10:55:00,40321.4,40329.7,40309.1,40325.9,0
2019-11-18 11:00:00,40326.3,40358.0,40319.3,40350.4,0
2019-11-18 11:05:00,40350.7,40370.7,40341.8,40358.1,0
2019-11-18 11:10:00,40357.2,40359.5,40336.1,40344.5,0
2019-11-18 11:15:00,40343.2,40349.9,40335.1,40347.4,0
2019-11-18 11:20:00,40347.4,40349.6,40322.6,40324.9,0
2019-11-18 11:25:00,40326.2,40328.1,40295.1,40295.2,0
2019-11-18 11:30:00,40293.6,40297.7,40237.7,40249.1,0
2019-11-18 11:35:00,40251.9,40259.6,40247.9,40251.8,0
2019-11-18 11:40:00,40252.4,40279.5,40251.3,40273.0,0
2019-11-18 11:45:00,40273.0,40297.5,40269.6,40280.6,0
2019-11-18 11:50:00,40273.5,40280.8,40263.1,40263.1,0
2019-11-18 11:55:00,40263.1,40263.1,40235.1,40242.6,0
2019-11-18 12:00:00,40242.1,40259.8,40242.0,40255.2,0
2019-11-18 12:05:00,40255.2,40256.8,40232.0,40249.8,0
2019-11-18 12:10:00,40249.9,40269.1,40249.9,40258.4,0
2019-11-18 12:15:00,40258.0,40282.7,40250.3,40277.5,0
2019-11-18 12:20:00,40275.9,40277.9,40242.6,40242.6,0
2019-11-18 12:25:00,40242.2,40243.9,40222.0,40230.0,0
2019-11-18 12:30:00,40230.3,40252.5,40226.8,40230.4,0
2019-11-18 12:35:00,40233.4,40268.9,40222.7,40262.5,0
2019-11-18 12:40:00,40262.6,40289.9,40257.5,40275.9,0
2019-11-18 12:45:00,40278.2,40314.5,40265.4,40307.5,0
2019-11-18 12:50:00,40305.6,40348.4,40302.4,40304.8,0
2019-11-18 12:55:00,40305.1,40316.5,40287.4,40288.2,0
2019-11-18 13:00:00,40288.1,40314.5,40288.1,40296.5,0
2019-11-18 13:05:00,40294.2,40297.3,40283.3,40295.3,0
2019-11-18 13:10:00,40295.8,40313.4,40294.9,40309.3,0
2019-11-18 13:15:00,40308.9,40315.6,40295.1,40307.2,0
2019-11-18 13:20:00,40307.0,40307.0,40286.4,40292.5,0
2019-11-18 13:25:00,40292.4,40295.5,40264.5,40264.5,0
2019-11-18 13:30:00,40264.7,40273.7,40243.7,40257.9,0
2019-11-18 13:35:00,40260.0,40287.4,40257.6,40286.3,0
2019-11-18 13:40:00,40286.8,40294.8,40274.2,40281.2,0
2019-11-18 13:45:00,40281.4,40289.1,40260.9,40264.8,0
2019-11-18 13:50:00,40264.2,40285.5,40263.7,40272.6,0
2019-11-18 13:55:00,40273.1,40283.7,40270.0,40275.4,0
2019-11-18 14:00:00,40275.4,40297.6,40270.4,40291.4,0
2019-11-18 14:05:00,40291.5,40291.6,40269.4,40269.4,0
2019-11-18 14:10:00,40269.5,40329.7,40267.6,40329.2,0
2019-11-18 14:15:00,40329.0,40342.4,40305.8,40309.9,0
2019-11-18 14:20:00,40312.1,40326.6,40305.8,40324.5,0
2019-11-18 14:25:00,40325.2,40329.8,40306.8,40311.4,0
2019-11-18 14:30:00,40302.6,40328.7,40294.9,40313.0,0
2019-11-18 14:35:00,40312.7,40349.8,40308.5,40343.9,0
2019-11-18 14:40:00,40346.2,40346.3,40308.2,40308.3,0
2019-11-18 14:45:00,40303.9,40304.5,40261.5,40284.6,0
2019-11-18 14:50:00,40282.9,40316.6,40272.1,40302.7,0
2019-11-18 14:55:00,40302.4,40303.1,40282.6,40282.6,0
2019-11-18 15:00:00,40283.5,40315.0,40283.5,40297.2,0
2019-11-18 15:05:00,40297.6,40297.8,40273.8,40275.0,0
2019-11-18 15:10:00,40275.9,40287.6,40256.6,40285.3,0
2019-11-18 15:15:00,40280.2,40285.6,40263.5,40277.2,0
2019-11-18 15:20:00,40277.2,40542.4,40222.0,40287.9,0
2019-11-18 15:25:00,40288.7,40335.3,40288.7,40325.2,0
2019-11-19 09:15:00,40455.4,40455.4,40330.4,40381.9,0
2019-11-19 09:20:00,40385.9,40388.2,40358.9,40378.8,0
2019-11-19 09:25:00,40375.6,40408.3,40354.2,40408.3,0
2019-11-19 09:30:00,40404.9,40407.3,40373.0,40378.6,0
2019-11-19 09:35:00,40379.0,40385.0,40333.4,40348.5,0
2019-11-19 09:40:00,40347.3,40348.5,40320.4,40344.7,0
2019-11-19 09:45:00,40343.2,40348.2,40323.4,40323.7,0
2019-11-19 09:50:00,40322.6,40322.6,40290.2,40312.2,0
2019-11-19 09:55:00,40310.0,40319.7,40304.9,40309.4,0
2019-11-19 10:00:00,40310.0,40350.6,40302.4,40332.8,0
2019-11-19 10:05:00,40331.7,40351.3,40330.6,40333.1,0
2019-11-19 10:10:00,40334.1,40343.8,40330.8,40334.9,0
2019-11-19 10:15:00,40336.3,40340.9,40320.2,40329.9,0
2019-11-19 10:20:00,40330.4,40351.0,40327.9,40350.0,0
2019-11-19 10:25:00,40349.8,40365.0,40346.6,40356.1,0
2019-11-19 10:30:00,40355.7,40384.0,40346.5,40378.1,0
2019-11-19 10:35:00,40380.9,40414.1,40379.2,40406.4,0
2019-11-19 10:40:00,40406.6,40444.4,40397.0,40423.7,0
2019-11-19 10:45:00,40423.8,40426.2,40399.9,40402.1,0
2019-11-19 10:50:00,40399.7,40409.0,40392.6,40400.5,0
2019-11-19 10:55:00,40398.5,40403.3,40388.0,40395.5,0
2019-11-19 11:00:00,40395.4,40409.2,40388.0,40405.5,0
2019-11-19 11:05:00,40404.3,40416.2,40399.7,40409.6,0
2019-11-19 11:10:00,40411.2,40412.6,40380.0,40381.1,0
2019-11-19 11:15:00,40382.2,40388.7,40375.0,40382.3,0
2019-11-19 11:20:00,40382.2,40392.3,40376.4,40388.5,0
2019-11-19 11:25:00,40390.9,40408.2,40389.3,40389.9,0
2019-11-19 11:30:00,40388.2,40436.4,40387.4,40427.7,0
2019-11-19 11:35:00,40426.9,40454.6,40423.0,40436.8,0
2019-11-19 11:40:00,40436.2,40443.2,40415.8,40421.2,0
2019-11-19 11:45:00,40419.9,40453.4,40416.0,40451.0,0
2019-11-19 11:50:00,40452.1,40465.8,40445.9,40452.9,0
2019-11-19 11:55:00,40455.1,40459.4,40438.1,40448.1,0
2019-11-19 12:00:00,40448.8,40491.7,40448.8,40462.3,0
2019-11-19 12:05:00,40462.1,40470.7,40455.4,40468.7,0
2019-11-19 12:10:00,40468.7,40468.7,40436.8,40447.2,0
2019-11-19 12:15:00,40448.6,40472.8,40447.8,40462.2,0
2019-11-19 12:20:00,40462.2,40466.2,40447.9,40457.1,0
2019-11-19 12:25:00,40464.9,40486.7,40461.7,40480.2,0
2019-11-19 12:30:00,40483.2,40483.9,40464.1,40471.0,0
2019-11-19 12:35:00,40471.5,40476.8,40463.1,40469.1,0
2019-11-19 12:40:00,40470.5,40494.1,40470.5,40476.1,0
2019-11-19 12:45:00,40473.9,40495.6,40466.1,40486.0,0
2019-11-19 12:50:00,40485.1,40489.8,40399.8,40408.3,0
2019-11-19 12:55:00,40407.2,40421.0,40403.5,40408.0,0
2019-11-19 13:00:00,40406.3,40449.9,40398.5,40434.6,0
2019-11-19 13:05:00,40432.2,40456.6,40431.8,40448.9,0
2019-11-19 13:10:00,40444.5,40463.6,40437.9,40463.4,0
2019-11-19 13:15:00,40463.0,40465.5,40444.9,40447.6,0
2019-11-19 13:20:00,40448.6,40448.6,40432.4,40438.7,0
2019-11-19 13:25:00,40438.0,40463.6,40436.5,40445.2,0
2019-11-19 13:30:00,40445.2,40451.3,40415.8,40424.4,0
2019-11-19 13:35:00,40426.3,40457.9,40424.8,40450.0,0
2019-11-19 13:40:00,40449.4,40455.2,40432.4,40440.8,0
2019-11-19 13:45:00,40441.3,40468.6,40435.6,40442.9,0
2019-11-19 13:50:00,40443.3,40461.1,40429.1,40453.3,0
2019-11-19 13:55:00,40454.3,40468.4,40442.8,40456.6,0
2019-11-19 14:00:00,40458.5,40470.5,40431.4,40440.7,0
2019-11-19 14:05:00,40441.2,40444.2,40419.7,40429.0,0
2019-11-19 14:10:00,40432.2,40433.6,40413.3,40420.4,0
2019-11-19 14:15:00,40420.3,40457.0,40415.9,40451.3,0
2019-11-19 14:20:00,40449.4,40463.1,40439.9,40445.6,0
2019-11-19 14:25:00,40446.6,40457.7,40440.7,40446.5,0
2019-11-19 14:30:00,40446.5,40460.7,40428.7,40442.8,0
2019-11-19 14:35:00,40441.8,40446.0,40432.1,40433.0,0
2019-11-19 14:40:00,40431.1,40440.2,40404.0,40416.8,0
2019-11-19 14:45:00,40416.6,40420.9,40363.5,40363.7,0
2019-11-19 14:50:00,40365.2,40369.6,40339.7,40351.4,0
2019-11-19 14:55:00,40348.5,40378.6,40337.1,40364.4,0
2019-11-19 15:00:00,40364.3,40431.7,40364.3,40431.7,0
2019-11-19 15:05:00,40430.0,40440.8,40420.4,40422.0,0
2019-11-19 15:10:00,40423.8,40448.7,40409.9,40447.3,0
2019-11-19 15:15:00,40447.4,40507.4,40446.7,40506.8,0
2019-11-19 15:20:00,40509.9,40523.2,40506.7,40521.7,0
2019-11-19 15:25:00,40520.1,40544.1,40513.0,40540.9,0
2019-11-20 09:15:00,40729.8,40736.1,40576.0,40652.7,0
2019-11-20 09:20:00,40647.1,40665.8,40627.9,40628.1,0
2019-11-20 09:25:00,40624.0,40655.1,40617.9,40632.2,0
2019-11-20 09:30:00,40631.9,40658.7,40626.1,40643.5,0
2019-11-20 09:35:00,40642.6,40662.9,40630.3,40635.2,0
2019-11-20 09:40:00,40636.9,40647.9,40610.5,40620.4,0
2019-11-20 09:45:00,40621.3,40648.1,40613.0,40642.6,0
2019-11-20 09:50:00,40643.4,40660.9,40639.8,40658.8,0
2019-11-20 09:55:00,40657.6,40698.9,40647.6,40696.2,0
2019-11-20 10:00:00,40702.8,40754.5,40700.8,40727.3,0
2019-11-20 10:05:00,40726.1,40740.5,40715.0,40732.9,0
2019-11-20 10:10:00,40732.2,40750.7,40706.4,40745.5,0
2019-11-20 10:15:00,40747.1,40751.0,40730.4,40748.6,0
2019-11-20 10:20:00,40751.4,40768.8,40735.4,40737.5,0
2019-11-20 10:25:00,40741.9,40768.4,40738.8,40742.7,0
2019-11-20 10:30:00,40745.3,40762.9,40736.7,40762.4,0
2019-11-20 10:35:00,40760.9,40773.7,40757.8,40767.6,0
2019-11-20 10:40:00,40771.6,40805.0,40769.5,40783.2,0
2019-11-20 10:45:00,40781.7,40789.3,40773.8,40776.7,0
2019-11-20 10:50:00,40780.5,40805.3,40775.9,40800.5,0
2019-11-20 10:55:00,40802.1,40816.4,40788.1,40789.0,0
2019-11-20 11:00:00,40787.9,40797.1,40774.6,40777.2,0
2019-11-20 11:05:00,40777.8,40780.8,40748.3,40759.9,0
2019-11-20 11:10:00,40758.9,40767.5,40748.2,40750.3,0
2019-11-20 11:15:00,40755.4,40768.0,40743.1,40758.6,0
2019-11-20 11:20:00,40759.9,40760.9,40731.8,40737.5,0
2019-11-20 11:25:00,40737.4,40753.8,40735.0,40750.5,0
2019-11-20 11:30:00,40751.2,40756.1,40742.5,40754.8,0
2019-11-20 11:35:00,40753.1,40758.0,40743.9,40756.5,0
2019-11-20 11:40:00,40756.2,40764.9,40753.1,40761.7,0
2019-11-20 11:45:00,40764.4,40776.8,40759.1,40764.9,0
2019-11-20 11:50:00,40766.6,40770.4,40756.4,40768.9,0
2019-11-20 11:55:00,40768.9,40774.9,40756.4,40759.4,0
2019-11-20 12:00:00,40758.2,40768.9,40753.2,40758.9,0
2019-11-20 12:05:00,40757.7,40779.5,40757.7,40758.3,0
2019-11-20 12:10:00,40761.5,40775.7,40758.4,40775.7,0
2019-11-20 12:15:00,40776.7,40792.7,40773.1,40775.4,0
2019-11-20 12:20:00,40775.4,40785.9,40772.1,40779.9,0
2019-11-20 12:25:00,40779.4,40784.1,40768.4,40771.2,0
2019-11-20 12:30:00,40770.4,40783.6,40766.1,40766.8,0
2019-11-20 12:35:00,40766.6,40775.5,40762.7,40770.0,0
2019-11-20 12:40:00,40769.7,40774.4,40756.1,40767.4,0
2019-11-20 12:45:00,40768.0,40769.3,40752.8,40760.6,0
2019-11-20 12:50:00,40766.0,40767.2,40755.9,40758.2,0
2019-11-20 12:55:00,40757.9,40760.8,40749.9,40756.6,0
2019-11-20 13:00:00,40756.0,40784.8,40755.6,40779.2,0
2019-11-20 13:05:00,40779.2,40788.9,40772.4,40788.9,0
2019-11-20 13:10:00,40789.3,40799.6,40745.7,40755.5,0
2019-11-20 13:15:00,40755.8,40775.5,40750.9,40761.8,0
2019-11-20 13:20:00,40754.6,40774.1,40712.7,40722.8,0
2019-11-20 13:25:00,40722.6,40727.1,40690.4,40698.1,0
2019-11-20 13:30:00,40696.6,40706.8,40679.0,40691.6,0
2019-11-20 13:35:00,40691.0,40697.5,40640.8,40671.1,0
2019-11-20 13:40:00,40671.8,40687.9,40662.2,40685.5,0
2019-11-20 13:45:00,40686.5,40717.3,40685.8,40706.6,0
2019-11-20 13:50:00,40706.2,40714.4,40690.0,40690.0,0
2019-11-20 13:55:00,40689.1,40698.5,40662.8,40697.5,0
2019-11-20 14:00:00,40694.9,40696.6,40684.7,40687.5,0
2019-11-20 14:05:00,40686.9,40706.5,40680.7,40688.6,0
2019-11-20 14:10:00,40687.9,40696.6,40673.5,40688.1,0
2019-11-20 14:15:00,40688.2,40691.0,40643.8,40676.9,0
2019-11-20 14:20:00,40674.4,40679.2,40649.8,40653.1,0
2019-11-20 14:25:00,40652.5,40666.2,40638.7,40651.0,0
2019-11-20 14:30:00,40647.1,40691.6,40646.7,40685.3,0
2019-11-20 14:35:00,40684.3,40684.3,40640.7,40647.7,0
2019-11-20 14:40:00,40646.5,40667.2,40640.6,40640.6,0
2019-11-20 14:45:00,40640.7,40642.4,40603.7,40623.3,0
2019-11-20 14:50:00,40623.1,40658.4,40623.1,40649.9,0
2019-11-20 14:55:00,40650.9,40662.8,40640.1,40659.1,0
2019-11-20 15:00:00,40660.1,40704.2,40659.6,40683.7,0
2019-11-20 15:05:00,40684.4,40690.5,40677.5,40682.6,0
2019-11-20 15:10:00,40680.8,40686.9,40645.0,40663.6,0
2019-11-20 15:15:00,40665.4,40674.1,40641.9,40651.4,0
2019-11-20 15:20:00,40651.1,40651.5,40617.3,40626.3,0
2019-11-20 15:25:00,40627.6,40644.5,40613.7,40644.5,0
2019-11-21 09:15:00,40737.3,40744.9,40636.3,40648.7,0
2019-11-21 09:20:00,40650.3,40654.4,40615.1,40628.8,0
2019-11-21 09:25:00,40630.2,40651.8,40610.7,40648.0,0
2019-11-21 09:30:00,40646.3,40646.3,40619.0,40629.9,0
2019-11-21 09:35:00,40630.2,40639.9,40608.5,40625.9,0
2019-11-21 09:40:00,40625.9,40672.6,40622.0,40665.0,0
2019-11-21 09:45:00,40666.1,40699.3,40666.1,40677.4,0
2019-11-21 09:50:00,40677.5,40689.1,40659.6,40669.1,0
2019-11-21 09:55:00,40667.9,40671.5,40632.3,40654.1,0
2019-11-21 10:00:00,40655.9,40665.4,40642.6,40647.8,0
2019-11-21 10:05:00,40649.1,40656.2,40640.3,40644.2,0
2019-11-21 10:10:00,40644.1,40653.8,40630.2,40630.9,0
2019-11-21 10:15:00,40631.2,40641.8,40627.0,40641.5,0
2019-11-21 10:20:00,40642.6,40645.2,40587.8,40601.6,0
2019-11-21 10:25:00,40599.4,40613.0,40594.6,40594.6,0
2019-11-21 10:30:00,40591.7,40605.1,40588.4,40592.1,0
2019-11-21 10:35:00,40592.3,40617.3,40586.4,40611.1,0
2019-11-21 10:40:00,40609.6,40612.8,40584.1,40591.0,0
2019-11-21 10:45:00,40589.8,40590.1,40561.5,40572.8,0
2019-11-21 10:50:00,40572.8,40581.6,40558.8,40559.0,0
2019-11-21 10:55:00,40559.5,40593.3,40558.5,40581.1,0
2019-11-21 11:00:00,40581.3,40583.2,40567.9,40572.9,0
2019-11-21 11:05:00,40574.7,40599.6,40569.6,40598.2,0
2019-11-21 11:10:00,40598.2,40619.1,40583.0,40586.4,0
2019-11-21 11:15:00,40587.0,40593.5,40572.6,40575.4,0
2019-11-21 11:20:00,40574.6,40588.6,40570.6,40586.5,0
2019-11-21 11:25:00,40587.9,40611.1,40583.4,40602.6,0
2019-11-21 11:30:00,40602.7,40608.7,40578.2,40588.1,0
2019-11-21 11:35:00,40585.9,40598.5,40578.4,40579.0,0
2019-11-21 11:40:00,40578.4,40585.5,40571.3,40572.6,0
2019-11-21 11:45:00,40572.8,40618.0,40572.0,40612.9,0
2019-11-21 11:50:00,40613.0,40624.7,40605.4,40618.2,0
2019-11-21 11:55:00,40617.4,40634.3,40612.1,40622.8,0
2019-11-21 12:00:00,40622.9,40627.2,40611.4,40620.7,0
2019-11-21 12:05:00,40623.4,40650.7,40619.3,40632.5,0
2019-11-21 12:10:00,40633.0,40659.1,40633.0,40640.9,0
2019-11-21 12:15:00,40639.6,40642.3,40623.2,40639.5,0
2019-11-21 12:20:00,40639.9,40654.3,40638.1,40648.3,0
2019-11-21 12:25:00,40647.0,40678.6,40640.0,40678.6,0
2019-11-21 12:30:00,40678.6,40678.6,40627.9,40632.9,0
2019-11-21 12:35:00,40632.7,40672.0,40616.2,40655.6,0
2019-11-21 12:40:00,40655.7,40656.0,40646.5,40650.3,0
2019-11-21 12:45:00,40651.6,40666.9,40644.3,40644.3,0
2019-11-21 12:50:00,40644.4,40644.6,40636.0,40639.5,0
2019-11-21 12:55:00,40640.8,40671.6,40640.8,40664.9,0
2019-11-21 13:00:00,40664.9,40670.6,40644.4,40661.6,0
2019-11-21 13:05:00,40661.9,40676.2,40658.4,40665.8,0
2019-11-21 13:10:00,40666.8,40690.3,40660.7,40680.9,0
2019-11-21 13:15:00,40681.0,40704.6,40673.8,40691.0,0
2019-11-21 13:20:00,40692.2,40695.7,40683.9,40690.8,0
2019-11-21 13:25:00,40688.1,40688.1,40631.6,40637.4,0
2019-11-21 13:30:00,40640.4,40667.1,40628.3,40661.2,0
2019-11-21 13:35:00,40663.2,40668.6,40656.3,40658.8,0
2019-11-21 13:40:00,40657.1,40665.9,40627.5,40633.9,0
2019-11-21 13:45:00,40636.8,40672.1,40634.3,40660.2,0
2019-11-21 13:50:00,40661.2,40665.9,40637.5,40657.4,0
2019-11-21 13:55:00,40659.9,40665.5,40649.4,40656.7,0
2019-11-21 14:00:00,40657.6,40692.9,40657.6,40683.9,0
2019-11-21 14:05:00,40683.9,40684.3,40651.1,40652.9,0
2019-11-21 14:10:00,40652.9,40653.1,40619.5,40642.4,0
2019-11-21 14:15:00,40642.3,40666.7,40639.4,40662.0,0
2019-11-21 14:20:00,40662.3,40672.2,40648.9,40665.2,0
2019-11-21 14:25:00,40665.3,40666.1,40649.5,40658.4,0
2019-11-21 14:30:00,40658.4,40717.2,40657.7,40706.4,0
2019-11-21 14:35:00,40706.6,40706.6,40679.5,40688.7,0
2019-11-21 14:40:00,40688.5,40703.1,40668.7,40669.1,0
2019-11-21 14:45:00,40669.6,40684.5,40656.6,40668.9,0
2019-11-21 14:50:00,40669.1,40669.3,40619.4,40621.4,0
2019-11-21 14:55:00,40622.6,40624.6,40578.8,40579.7,0
2019-11-21 15:00:00,40582.6,40611.1,40570.6,40571.9,0
2019-11-21 15:05:00,40573.1,40591.0,40534.1,40591.0,0
2019-11-21 15:10:00,40589.8,40592.7,40571.5,40586.4,0
2019-11-21 15:15:00,40585.9,40592.3,40576.3,40584.4,0
2019-11-21 15:20:00,40582.8,40585.1,40563.7,40568.2,0
2019-11-21 15:25:00,40567.6,40591.5,40553.7,40559.8,0
2019-11-22 09:15:00,40653.2,40653.2,40508.0,40559.9,0
2019-11-22 09:20:00,40561.1,40591.3,40536.9,40578.9,0
2019-11-22 09:25:00,40574.8,40584.1,40543.7,40552.5,0
2019-11-22 09:30:00,40547.6,40551.6,40493.4,40548.8,0
2019-11-22 09:35:00,40548.2,40548.2,40498.8,40532.1,0
2019-11-22 09:40:00,40529.6,40540.9,40507.7,40509.9,0
2019-11-22 09:45:00,40509.0,40509.0,40468.9,40482.6,0
2019-11-22 09:50:00,40484.2,40497.9,40481.6,40485.6,0
2019-11-22 09:55:00,40485.8,40502.5,40476.8,40501.8,0
2019-11-22 10:00:00,40501.7,40525.5,40486.6,40499.7,0
2019-11-22 10:05:00,40500.2,40506.1,40478.6,40482.1,0
2019-11-22 10:10:00,40481.6,40490.9,40437.0,40448.0,0
2019-11-22 10:15:00,40448.5,40453.1,40405.9,40415.8,0
2019-11-22 10:20:00,40417.3,40452.7,40416.8,40452.3,0
2019-11-22 10:25:00,40453.5,40458.6,40422.9,40430.1,0
2019-11-22 10:30:00,40431.0,40446.6,40420.6,40437.8,0
2019-11-22 10:35:00,40438.7,40473.8,40435.6,40450.7,0
2019-11-22 10:40:00,40451.3,40458.4,40443.2,40455.4,0
2019-11-22 10:45:00,40456.6,40456.6,40433.5,40442.4,0
2019-11-22 10:50:00,40444.1,40469.5,40444.1,40466.6,0
2019-11-22 10:55:00,40467.1,40487.2,40467.1,40478.3,0
2019-11-22 11:00:00,40477.8,40491.8,40476.5,40489.3,0
2019-11-22 11:05:00,40488.8,40494.8,40444.7,40457.0,0
2019-11-22 11:10:00,40457.0,40463.1,40443.1,40451.4,0
2019-11-22 11:15:00,40452.3,40458.6,40426.6,40430.7,0
2019-11-22 11:20:00,40429.8,40436.0,40393.9,40406.7,0
2019-11-22 11:25:00,40406.5,40419.7,40403.8,40404.3,0
2019-11-22 11:30:00,40404.0,40404.5,40309.7,40329.7,0
2019-11-22 11:35:00,40330.3,40359.4,40327.1,40327.8,0
2019-11-22 11:40:00,40325.7,40360.0,40295.8,40350.5,0
2019-11-22 11:45:00,40350.3,40377.7,40349.2,40369.4,0
2019-11-22 11:50:00,40369.9,40379.8,40358.3,40367.4,0
2019-11-22 11:55:00,40367.5,40369.1,40355.6,40355.7,0
2019-11-22 12:00:00,40355.8,40355.8,40332.9,40336.7,0
2019-11-22 12:05:00,40338.6,40364.6,40334.4,40358.4,0
2019-11-22 12:10:00,40355.7,40357.6,40346.4,40348.3,0
2019-11-22 12:15:00,40348.3,40354.1,40340.3,40342.3,0
2019-11-22 12:20:00,40341.6,40370.4,40340.4,40360.0,0
2019-11-22 12:25:00,40359.8,40363.2,40342.3,40360.1,0
2019-11-22 12:30:00,40357.6,40365.2,40345.2,40349.6,0
2019-11-22 12:35:00,40349.7,40349.9,40319.0,40332.9,0
2019-11-22 12:40:00,40332.9,40332.9,40316.1,40321.9,0
2019-11-22 12:45:00,40321.8,40358.2,40316.3,40345.3,0
2019-11-22 12:50:00,40346.4,40366.2,40340.9,40341.0,0
2019-11-22 12:55:00,40340.3,40353.1,40334.9,40343.0,0
2019-11-22 13:00:00,40345.8,40355.5,40335.9,40347.9,0
2019-11-22 13:05:00,40347.1,40348.1,40278.4,40284.5,0
2019-11-22 13:10:00,40284.3,40302.7,40276.8,40301.1,0
2019-11-22 13:15:00,40301.5,40330.1,40297.1,40320.0,0
2019-11-22 13:20:00,40319.2,40352.8,40319.2,40333.5,0
2019-11-22 13:25:00,40337.3,40345.3,40335.5,40344.4,0
2019-11-22 13:30:00,40344.4,40367.0,40341.6,40363.9,0
2019-11-22 13:35:00,40364.6,40381.7,40348.6,40379.8,0
2019-11-22 13:40:00,40379.7,40391.2,40345.8,40347.8,0
2019-11-22 13:45:00,40347.8,40376.6,40347.8,40375.7,0
2019-11-22 13:50:00,40376.2,40381.1,40358.4,40365.9,0
2019-11-22 13:55:00,40361.7,40653.2,40276.8,40352.4,0
2019-11-22 14:00:00,40353.0,40415.3,40353.0,40402.0,0
2019-11-22 14:05:00,40401.6,40408.6,40388.6,40390.0,0
2019-11-22 14:10:00,40389.8,40396.9,40364.6,40364.9,0
2019-11-22 14:15:00,40365.1,40373.8,40339.6,40371.1,0
2019-11-22 14:20:00,40370.9,40386.6,40355.4,40355.9,0
2019-11-22 14:25:00,40357.2,40373.9,40349.4,40366.0,0
2019-11-22 14:30:00,40365.4,40388.3,40347.5,40354.3,0
2019-11-22 14:35:00,40354.6,40362.7,40338.2,40339.9,0
2019-11-22 14:40:00,40340.1,40356.3,40339.1,40350.0,0
2019-11-22 14:45:00,40349.4,40349.4,40295.5,40310.7,0
2019-11-22 14:50:00,40308.4,40332.2,40300.5,40327.1,0
2019-11-22 14:55:00,40325.7,40340.8,40325.7,40333.6,0
2019-11-22 15:00:00,40331.0,40389.1,40323.8,40384.9,0
2019-11-22 15:05:00,40383.7,40400.4,40377.5,40383.0,0
2019-11-22 15:10:00,40380.4,40382.5,40339.3,40351.6,0
2019-11-22 15:15:00,40356.0,40366.5,40343.4,40361.1,0
2019-11-22 15:20:00,40363.0,40376.6,40352.8,40366.7,0
2019-11-22 15:25:00,40368.0,40382.7,40357.9,40382.7,0
2019-11-25 09:15:00,40439.7,40489.7,40393.9,40484.4,0
2019-11-25 09:20:00,40479.3,40502.8,40463.2,40478.9,0
2019-11-25 09:25:00,40478.8,40506.0,40446.9,40501.4,0
2019-11-25 09:30:00,40501.4,40591.7,40499.9,40585.2,0
2019-11-25 09:35:00,40588.1,40596.9,40546.8,40574.2,0
2019-11-25 09:40:00,40575.8,40583.9,40538.6,40539.9,0
2019-11-25 09:45:00,40544.0,40606.6,40393.9,40598.4,0
2019-11-25 09:50:00,40594.5,40600.0,40576.7,40588.2,0
2019-11-25 09:55:00,40587.2,40609.1,40577.9,40603.7,0
2019-11-25 10:00:00,40603.6,40613.2,40580.7,40583.8,0
2019-11-25 10:05:00,40584.0,40589.0,40573.7,40575.1,0
2019-11-25 10:10:00,40576.6,40580.3,40560.4,40571.7,0
2019-11-25 10:15:00,40573.1,40576.1,40546.4,40575.9,0
2019-11-25 10:20:00,40578.0,40582.7,40571.1,40579.5,0
2019-11-25 10:25:00,40578.7,40588.2,40566.4,40574.9,0
2019-11-25 10:30:00,40574.1,40605.3,40573.8,40591.1,0
2019-11-25 10:35:00,40586.4,40610.1,40586.4,40598.2,0
2019-11-25 10:40:00,40600.1,40652.3,40597.0,40645.4,0
2019-11-25 10:45:00,40643.6,40644.9,40606.9,40617.1,0
2019-11-25 10:50:00,40617.6,40625.6,40615.1,40622.9,0
2019-11-25 10:55:00,40623.0,40626.8,40611.7,40622.0,0
2019-11-25 11:00:00,40623.1,40628.6,40613.8,40620.0,0
2019-11-25 11:05:00,40619.8,40638.8,40615.8,40636.6,0
2019-11-25 11:10:00,40635.9,40638.6,40611.6,40616.3,0
2019-11-25 11:15:00,40614.8,40639.8,40608.7,40630.2,0
2019-11-25 11:20:00,40629.1,40652.3,40393.9,40635.2,0
2019-11-25 11:25:00,40638.5,40670.8,40637.8,40669.3,0
2019-11-25 11:30:00,40670.5,40695.5,40666.1,40668.1,0
2019-11-25 11:35:00,40668.1,40680.8,40664.9,40665.5,0
2019-11-25 11:40:00,40665.3,40702.9,40661.1,40701.4,0
2019-11-25 11:45:00,40703.2,40707.1,40678.2,40682.5,0
2019-11-25 11:50:00,40683.2,40685.1,40676.8,40679.8,0
2019-11-25 11:55:00,40679.4,40686.7,40671.0,40674.7,0
2019-11-25 12:00:00,40675.1,40689.8,40665.0,40678.3,0
2019-11-25 12:05:00,40678.4,40704.2,40678.4,40703.5,0
2019-11-25 12:10:00,40702.9,40710.7,40695.3,40698.7,0
2019-11-25 12:15:00,40697.3,40722.2,40697.3,40716.6,0
2019-11-25 12:20:00,40717.3,40739.4,40706.4,40739.2,0
2019-11-25 12:25:00,40739.2,40739.2,40722.4,40737.6,0
2019-11-25 12:30:00,40737.5,40747.5,40734.0,40741.3,0
2019-11-25 12:35:00,40741.6,40746.0,40722.4,40722.7,0
2019-11-25 12:40:00,40722.8,40738.6,40722.6,40730.1,0
2019-11-25 12:45:00,40732.8,40747.7,40730.8,40745.6,0
2019-11-25 12:50:00,40745.9,40764.4,40722.6,40735.4,0
2019-11-25 12:55:00,40735.4,40735.8,40716.5,40716.5,0
2019-11-25 13:00:00,40716.1,40742.9,40714.9,40734.6,0
2019-11-25 13:05:00,40734.7,40743.4,40728.7,40739.2,0
2019-11-25 13:10:00,40739.5,40747.2,40723.0,40726.2,0
2019-11-25 13:15:00,40723.4,40732.9,40720.3,40731.1,0
2019-11-25 13:20:00,40730.8,40745.3,40713.4,40718.1,0
2019-11-25 13:25:00,40718.3,40740.8,40718.3,40726.2,0
2019-11-25 13:30:00,40725.5,40794.2,40725.1,40784.4,0
2019-11-25 13:35:00,40785.7,40822.2,40785.7,40811.7,0
2019-11-25 13:40:00,40810.7,40845.9,40810.1,40820.4,0
2019-11-25 13:45:00,40819.6,40831.8,40809.0,40830.1,0
2019-11-25 13:50:00,40829.4,40857.7,40825.1,40829.3,0
2019-11-25 13:55:00,40828.2,40832.8,40809.1,40821.0,0
2019-11-25 14:00:00,40821.6,40843.8,40816.8,40843.8,0
2019-11-25 14:05:00,40843.9,40866.0,40833.9,40836.9,0
2019-11-25 14:10:00,40839.8,40844.6,40829.9,40835.6,0
2019-11-25 14:15:00,40835.3,40841.9,40830.2,40834.1,0
2019-11-25 14:20:00,40834.1,40868.3,40831.8,40859.2,0
2019-11-25 14:25:00,40858.8,40858.8,40835.0,40839.1,0
2019-11-25 14:30:00,40840.4,40840.4,40819.6,40833.7,0
2019-11-25 14:35:00,40831.1,40832.1,40783.6,40796.1,0
2019-11-25 14:40:00,40796.1,40826.8,40788.7,40795.6,0
2019-11-25 14:45:00,40796.4,40823.3,40792.9,40823.3,0
2019-11-25 14:50:00,40826.4,40830.4,40810.4,40815.8,0
2019-11-25 14:55:00,40814.9,40820.5,40803.9,40815.9,0
2019-11-25 15:00:00,40817.0,40855.4,40817.0,40854.1,0
2019-11-25 15:05:00,40854.2,40899.4,40851.4,40893.5,0
2019-11-25 15:10:00,40894.5,40908.8,40890.0,40900.9,0
2019-11-25 15:15:00,40903.9,40913.2,40889.5,40899.1,0
2019-11-25 15:20:00,40898.8,40931.7,40897.7,40920.1,0
2019-11-25 15:25:00,40919.4,40921.6,40896.6,40918.0,0
2019-11-26 09:15:00,41022.9,41102.0,40991.9,41079.7,0
2019-11-26 09:20:00,41079.1,41108.0,41077.2,41105.5,0
2019-11-26 09:25:00,41108.1,41120.3,41077.4,41081.6,0
2019-11-26 09:30:00,41078.5,41083.2,41030.0,41079.6,0
2019-11-26 09:35:00,41081.4,41093.4,41051.0,41059.4,0
2019-11-26 09:40:00,41060.2,41085.5,41049.8,41063.7,0
2019-11-26 09:45:00,41067.8,41073.4,41054.0,41061.8,0
2019-11-26 09:50:00,41062.0,41081.9,41061.4,41079.5,0
2019-11-26 09:55:00,41079.0,41084.0,41061.1,41065.6,0
2019-11-26 10:00:00,41064.0,41072.4,41055.0,41059.2,0
2019-11-26 10:05:00,41061.2,41078.9,41059.9,41078.0,0
2019-11-26 10:10:00,41078.1,41088.0,40960.2,40999.9,0
2019-11-26 10:15:00,40998.6,41120.3,40945.8,40971.2,0
2019-11-26 10:20:00,40972.3,40997.2,40959.3,40993.5,0
2019-11-26 10:25:00,40994.2,40998.3,40971.2,40971.2,0
2019-11-26 10:30:00,40971.7,40978.3,40965.2,40966.8,0
2019-11-26 10:35:00,40966.8,40970.2,40917.2,40930.8,0
2019-11-26 10:40:00,40934.5,40937.5,40888.2,40915.0,0
2019-11-26 10:45:00,40915.0,40966.3,40912.1,40956.8,0
2019-11-26 10:50:00,40953.4,40981.4,40951.4,40978.1,0
2019-11-26 10:55:00,40978.1,40981.1,40947.6,40947.8,0
2019-11-26 11:00:00,40947.6,40947.6,40908.8,40924.9,0
2019-11-26 11:05:00,40924.5,40954.5,40914.7,40945.7,0
2019-11-26 11:10:00,40945.2,40945.5,40930.3,40938.1,0
2019-11-26 11:15:00,40936.4,40958.8,40932.2,40943.0,0
2019-11-26 11:20:00,40942.0,40959.8,40940.7,40946.9,0
2019-11-26 11:25:00,40945.9,40946.7,40912.6,40925.0,0
2019-11-26 11:30:00,40924.7,40961.0,40924.6,40944.6,0
2019-11-26 11:35:00,40944.7,40951.7,40928.9,40936.6,0
2019-11-26 11:40:00,40937.1,40950.1,40934.0,40936.6,0
2019-11-26 11:45:00,40937.9,40941.9,40915.0,40921.5,0
2019-11-26 11:50:00,40921.6,40941.0,40916.0,40934.8,0
2019-11-26 11:55:00,40932.2,40932.2,40918.7,40920.9,0
2019-11-26 12:00:00,40918.8,40935.1,40914.4,40924.3,0
2019-11-26 12:05:00,40924.9,40953.2,40922.0,40942.4,0
2019-11-26 12:10:00,40942.3,40946.9,40923.6,40928.6,0
2019-11-26 12:15:00,40928.0,40933.1,40916.4,40926.1,0
2019-11-26 12:20:00,40927.5,40978.7,40925.9,40968.9,0
2019-11-26 12:25:00,40967.6,40977.1,40953.4,40958.9,0
2019-11-26 12:30:00,40959.9,40979.8,40959.0,40970.3,0
2019-11-26 12:35:00,40971.7,40989.2,40971.7,40981.9,0
2019-11-26 12:40:00,40981.8,41013.8,40981.3,41002.3,0
2019-11-26 12:45:00,41003.3,41031.7,40999.5,41030.7,0
2019-11-26 12:50:00,41029.6,41034.5,41009.8,41018.2,0
2019-11-26 12:55:00,41017.3,41026.9,40988.9,40994.9,0
2019-11-26 13:00:00,40993.9,41009.8,40989.7,40993.5,0
2019-11-26 13:05:00,40993.9,41011.7,40992.8,41008.2,0
2019-11-26 13:10:00,41007.7,41019.1,40997.6,41006.4,0
2019-11-26 13:15:00,41005.6,41005.6,40947.9,40956.0,0
2019-11-26 13:20:00,40955.2,40980.9,40942.8,40945.7,0
2019-11-26 13:25:00,40946.9,40956.6,40934.1,40947.6,0
2019-11-26 13:30:00,40947.9,40979.1,40947.9,40979.1,0
2019-11-26 13:35:00,40979.2,40996.2,40974.9,40975.3,0
2019-11-26 13:40:00,40978.0,40995.6,40963.7,40993.1,0
2019-11-26 13:45:00,40994.0,40994.3,40937.4,40954.5,0
2019-11-26 13:50:00,40957.1,40959.7,40891.1,40926.2,0
2019-11-26 13:55:00,40927.1,40968.7,40925.7,40968.7,0
2019-11-26 14:00:00,40965.6,40965.6,40941.6,40952.7,0
2019-11-26 14:05:00,40949.3,40956.9,40931.9,40937.7,0
2019-11-26 14:10:00,40937.1,40953.3,40915.2,40915.7,0
2019-11-26 14:15:00,40916.2,40948.7,40898.2,40940.6,0
2019-11-26 14:20:00,40939.7,40943.9,40884.5,40892.9,0
2019-11-26 14:25:00,40893.4,40900.7,40857.8,40870.3,0
2019-11-26 14:30:00,40871.6,40874.9,40822.1,40823.9,0
2019-11-26 14:35:00,40822.6,40825.8,40747.9,40752.7,0
2019-11-26 14:40:00,40753.7,40797.9,40710.2,40791.4,0
2019-11-26 14:45:00,40793.4,40834.3,40768.3,40834.3,0
2019-11-26 14:50:00,40842.8,40849.8,40809.1,40847.3,0
2019-11-26 14:55:00,40848.2,40902.3,40835.5,40902.3,0
2019-11-26 15:00:00,40902.0,40907.4,40826.4,40826.4,0
2019-11-26 15:05:00,40823.9,40837.4,40790.6,40799.1,0
2019-11-26 15:10:00,40802.2,40811.9,40776.6,40807.5,0
2019-11-26 15:15:00,40804.8,40818.2,40780.4,40786.0,0
2019-11-26 15:20:00,40786.1,40845.5,40786.1,40830.4,0
2019-11-26 15:25:00,40825.6,40914.6,40806.4,40847.6,0
2019-11-27 09:15:00,40979.4,41037.4,40924.5,41033.4,0
2019-11-27 09:20:00,41037.2,41075.8,40924.5,41020.3,0
2019-11-27 09:25:00,41019.0,41043.8,41016.1,41036.2,0
2019-11-27 09:30:00,41041.2,41070.1,41038.2,41063.9,0
2019-11-27 09:35:00,41064.9,41064.9,41009.5,41029.4,0
2019-11-27 09:40:00,41030.4,41030.4,40975.8,41016.2,0
2019-11-27 09:45:00,41013.8,41025.1,40990.6,40990.7,0
2019-11-27 09:50:00,40992.2,40996.3,40962.9,40965.6,0
2019-11-27 09:55:00,40966.4,40987.5,40966.4,40974.1,0
2019-11-27 10:00:00,40973.6,40991.1,40949.0,40990.9,0
2019-11-27 10:05:00,40991.3,40997.3,40969.4,40972.5,0
2019-11-27 10:10:00,40974.8,41024.5,40974.1,41021.4,0
2019-11-27 10:15:00,41019.6,41034.5,41009.4,41027.6,0
2019-11-27 10:20:00,41027.7,41038.7,41013.5,41022.5,0
2019-11-27 10:25:00,41023.2,41027.5,40990.7,40994.7,0
2019-11-27 10:30:00,40993.6,41018.6,40985.9,41011.1,0
2019-11-27 10:35:00,41012.8,41024.6,41000.6,41004.5,0
2019-11-27 10:40:00,41005.0,41015.6,40987.0,40996.6,0
2019-11-27 10:45:00,40995.7,41004.6,40992.4,40999.8,0
2019-11-27 10:50:00,40999.5,41003.1,40962.6,40971.5,0
2019-11-27 10:55:00,40969.2,40972.4,40945.5,40951.8,0
2019-11-27 11:00:00,40951.2,40958.5,40935.9,40950.5,0
2019-11-27 11:05:00,40950.2,40967.1,40943.4,40943.4,0
2019-11-27 11:10:00,40941.0,40943.3,40921.9,40939.9,0
2019-11-27 11:15:00,40941.6,40946.4,40931.4,40938.2,0
2019-11-27 11:20:00,40938.6,40959.3,40932.6,40935.0,0
2019-11-27 11:25:00,40933.4,40939.3,40919.8,40931.8,0
2019-11-27 11:30:00,40931.8,40951.8,40931.8,40951.3,0
2019-11-27 11:35:00,40950.7,40953.6,40941.6,40952.4,0
2019-11-27 11:40:00,40955.9,40963.8,40942.7,40943.9,0
2019-11-27 11:45:00,40945.0,40956.3,40938.2,40954.1,0
2019-11-27 11:50:00,40954.8,40966.0,40936.7,40940.4,0
2019-11-27 11:55:00,40939.9,40940.2,40915.7,40918.2,0
2019-11-27 12:00:00,40917.6,40921.7,40903.9,40903.9,0
2019-11-27 12:05:00,40905.6,40907.3,40878.8,40894.5,0
2019-11-27 12:10:00,40894.7,40897.3,40877.8,40887.9,0
2019-11-27 12:15:00,40886.9,40914.1,40870.4,40871.5,0
2019-11-27 12:20:00,40871.0,40889.6,40861.7,40889.3,0
2019-11-27 12:25:00,40889.9,40892.7,40865.4,40874.3,0
2019-11-27 12:30:00,40873.9,40887.4,40869.5,40884.2,0
2019-11-27 12:35:00,40883.0,40890.3,40880.8,40882.6,0
2019-11-27 12:40:00,40883.1,40883.4,40868.0,40872.5,0
2019-11-27 12:45:00,40871.9,40873.1,40848.7,40850.2,0
2019-11-27 12:50:00,40857.3,40946.7,40857.3,40922.4,0
2019-11-27 12:55:00,40924.1,40924.1,40906.2,40906.2,0
2019-11-27 13:00:00,40906.2,40925.0,40905.7,40921.0,0
2019-11-27 13:05:00,40918.5,40918.5,40888.1,40891.5,0
2019-11-27 13:10:00,40891.4,40922.6,40886.0,40903.1,0
2019-11-27 13:15:00,40905.9,40912.4,40893.9,40902.0,0
2019-11-27 13:20:00,40901.2,40914.6,40893.4,40909.1,0
2019-11-27 13:25:00,40910.6,40929.4,40910.4,40918.2,0
2019-11-27 13:30:00,40918.1,40940.1,40911.1,40930.6,0
2019-11-27 13:35:00,40929.7,40936.3,40910.8,40913.4,0
2019-11-27 13:40:00,40911.4,40921.8,40910.5,40916.5,0
2019-11-27 13:45:00,40917.4,40918.4,40902.8,40912.9,0
2019-11-27 13:50:00,40912.3,40915.2,40902.7,40905.6,0
2019-11-27 13:55:00,40903.1,40908.6,40888.1,40893.3,0
2019-11-27 14:00:00,40893.3,40911.4,40889.7,40899.8,0
2019-11-27 14:05:00,40898.4,40928.0,40897.8,40921.5,0
2019-11-27 14:10:00,40921.9,40934.7,40914.4,40916.2,0
2019-11-27 14:15:00,40915.5,40927.6,40908.2,40925.4,0
2019-11-27 14:20:00,40925.5,40936.5,40920.5,40926.6,0
2019-11-27 14:25:00,40925.8,40976.2,40925.8,40963.6,0
2019-11-27 14:30:00,40965.0,40979.0,40963.6,40966.4,0
2019-11-27 14:35:00,40962.7,40972.1,40944.4,40958.9,0
2019-11-27 14:40:00,40957.7,40964.7,40943.4,40958.2,0
2019-11-27 14:45:00,40956.0,40968.2,40946.6,40959.1,0
2019-11-27 14:50:00,40956.8,40962.1,40943.8,40962.1,0
2019-11-27 14:55:00,40961.4,41075.8,40848.7,40964.7,0
2019-11-27 15:00:00,40964.1,41075.8,40848.7,40971.1,0
2019-11-27 15:05:00,40969.9,41009.1,40969.9,41006.0,0
2019-11-27 15:10:00,41004.9,41011.5,40992.5,41010.9,0
2019-11-27 15:15:00,41014.7,41051.4,41010.6,41040.2,0
2019-11-27 15:20:00,41038.6,41059.4,41036.1,41042.8,0
2019-11-27 15:25:00,41047.3,41067.2,41044.7,41056.2,0
2019-11-28 09:15:00,41161.5,41163.8,41051.9,41056.1,0
2019-11-28 09:20:00,41056.9,41080.3,41045.8,41067.5,0
2019-11-28 09:25:00,41065.5,41069.2,41022.8,41049.6,0
2019-11-28 09:30:00,41052.3,41070.2,41045.6,41067.2,0
2019-11-28 09:35:00,41068.0,41069.3,41036.4,41037.9,0
2019-11-28 09:40:00,41036.9,41060.8,41033.8,41058.6,0
2019-11-28 09:45:00,41058.2,41058.6,41035.8,41041.5,0
2019-11-28 09:50:00,41040.9,41066.9,41034.3,41064.3,0
2019-11-28 09:55:00,41065.2,41082.3,41064.2,41078.4,0
2019-11-28 10:00:00,41078.4,41087.9,41065.1,41087.9,0
2019-11-28 10:05:00,41088.5,41113.2,41088.5,41096.3,0
2019-11-28 10:10:00,41095.0,41099.6,41079.8,41089.9,0
2019-11-28 10:15:00,41089.2,41100.7,41082.1,41083.3,0
2019-11-28 10:20:00,41083.5,41094.0,41072.7,41081.6,0
2019-11-28 10:25:00,41081.4,41089.3,41067.8,41082.5,0
2019-11-28 10:30:00,41082.5,41085.4,41070.8,41074.1,0
2019-11-28 10:35:00,41075.5,41079.7,41054.6,41069.4,0
2019-11-28 10:40:00,41071.0,41081.0,41064.6,41068.5,0
2019-11-28 10:45:00,41069.3,41080.3,41055.3,41055.3,0
2019-11-28 10:50:00,41054.8,41064.9,41050.9,41056.5,0
2019-11-28 10:55:00,41055.6,41058.2,41042.9,41045.1,0
2019-11-28 11:00:00,41045.5,41053.5,41040.2,41051.6,0
2019-11-28 11:05:00,41053.0,41058.4,41026.9,41037.1,0
2019-11-28 11:10:00,41037.1,41049.1,41029.8,41044.9,0
2019-11-28 11:15:00,41045.0,41057.2,41043.8,41048.9,0
2019-11-28 11:20:00,41048.9,41049.6,41033.8,41038.1,0
2019-11-28 11:25:00,41038.4,41073.5,41031.4,41071.6,0
2019-11-28 11:30:00,41071.0,41071.9,41045.0,41060.8,0
2019-11-28 11:35:00,41060.5,41070.1,41050.9,41065.2,0
2019-11-28 11:40:00,41064.9,41086.7,41061.6,41085.2,0
2019-11-28 11:45:00,41086.1,41125.1,41079.3,41111.6,0
2019-11-28 11:50:00,41109.9,41110.2,41092.5,41099.4,0
2019-11-28 11:55:00,41098.9,41112.1,41097.8,41106.9,0
2019-11-28 12:00:00,41106.9,41141.5,41104.8,41138.3,0
2019-11-28 12:05:00,41138.8,41147.3,41124.5,41134.6,0
2019-11-28 12:10:00,41136.1,41136.1,41108.2,41108.7,0
2019-11-28 12:15:00,41108.4,41118.4,41101.5,41113.8,0
2019-11-28 12:20:00,41114.4,41120.0,41107.1,41117.6,0
2019-11-28 12:25:00,41117.4,41121.2,41104.8,41112.5,0
2019-11-28 12:30:00,41112.5,41126.8,41107.8,41110.4,0
2019-11-28 12:35:00,41112.2,41120.7,41100.7,41106.2,0
2019-11-28 12:40:00,41105.3,41126.9,41100.9,41121.3,0
2019-11-28 12:45:00,41120.8,41121.7,41085.0,41089.7,0
2019-11-28 12:50:00,41089.9,41092.2,41071.1,41077.1,0
2019-11-28 12:55:00,41074.1,41081.3,41067.2,41080.9,0
2019-11-28 13:00:00,41080.1,41080.1,41048.7,41050.4,0
2019-11-28 13:05:00,41050.6,41070.5,41050.6,41068.8,0
2019-11-28 13:10:00,41069.6,41106.2,41067.0,41105.7,0
2019-11-28 13:15:00,41105.8,41108.9,41086.0,41089.9,0
2019-11-28 13:20:00,41090.4,41106.6,41084.3,41092.8,0
2019-11-28 13:25:00,41090.7,41093.5,41078.5,41078.8,0
2019-11-28 13:30:00,41080.6,41086.9,41059.9,41075.7,0
2019-11-28 13:35:00,41076.6,41088.2,41074.5,41088.2,0
2019-11-28 13:40:00,41088.4,41094.7,41070.6,41079.4,0
2019-11-28 13:45:00,41078.0,41083.1,41028.2,41035.0,0
2019-11-28 13:50:00,41035.6,41059.9,41035.6,41037.7,0
2019-11-28 13:55:00,41037.0,41042.4,41001.0,41007.4,0
2019-11-28 14:00:00,41006.0,41035.8,40996.1,41035.8,0
2019-11-28 14:05:00,41035.3,41058.3,41034.0,41052.3,0
2019-11-28 14:10:00,41051.7,41063.2,41046.0,41053.9,0
2019-11-28 14:15:00,41054.0,41071.9,41041.4,41059.0,0
2019-11-28 14:20:00,41060.5,41062.3,41047.5,41056.6,0
2019-11-28 14:25:00,41054.7,41061.5,41020.7,41027.1,0
2019-11-28 14:30:00,41029.6,41050.1,41020.6,41049.3,0
2019-11-28 14:35:00,41048.1,41063.7,41041.9,41060.4,0
2019-11-28 14:40:00,41062.5,41076.1,41056.8,41070.0,0
2019-11-28 14:45:00,41070.1,41071.9,41032.4,41037.0,0
2019-11-28 14:50:00,41035.8,41044.1,41028.1,41043.0,0
2019-11-28 14:55:00,41044.2,41052.5,41035.2,41046.4,0
2019-11-28 15:00:00,41050.5,41117.0,41050.5,41109.4,0
2019-11-28 15:05:00,41107.7,41158.1,41107.7,41143.6,0
2019-11-28 15:10:00,41143.1,41146.9,41127.0,41132.1,0
2019-11-28 15:15:00,41134.1,41138.7,41113.6,41137.1,0
2019-11-28 15:20:00,41138.4,41153.7,41130.4,41144.4,0
2019-11-28 15:25:00,41146.9,41158.5,41134.3,41143.4,0
2019-11-29 09:15:00,41138.3,41143.2,41009.7,41039.8,0
2019-11-29 09:20:00,41038.8,41039.6,40986.6,40999.2,0
2019-11-29 09:25:00,40999.5,41000.6,40961.6,40992.3,0
2019-11-29 09:30:00,40991.4,40991.5,40963.9,40976.1,0
2019-11-29 09:35:00,40974.4,41002.8,40968.6,40998.1,0
2019-11-29 09:40:00,40993.9,40997.1,40968.0,40971.9,0
2019-11-29 09:45:00,40975.1,40975.3,40915.9,40920.6,0
2019-11-29 09:50:00,40920.9,40941.1,40917.4,40928.4,0
2019-11-29 09:55:00,40928.8,40930.6,40892.2,40901.1,0
2019-11-29 10:00:00,40899.7,40910.5,40877.6,40903.5,0
2019-11-29 10:05:00,40896.3,40917.6,40896.3,40909.0,0
2019-11-29 10:10:00,40907.3,40907.3,40887.1,40896.1,0
2019-11-29 10:15:00,40893.6,40903.5,40886.8,40897.3,0
2019-11-29 10:20:00,40896.2,40912.0,40887.2,40899.9,0
2019-11-29 10:25:00,40899.7,40907.2,40892.9,40904.0,0
2019-11-29 10:30:00,40903.8,40903.8,40858.5,40867.2,0
2019-11-29 10:35:00,40865.8,40877.5,40851.0,40855.2,0
2019-11-29 10:40:00,40855.9,40862.7,40845.4,40852.3,0
2019-11-29 10:45:00,40851.9,40865.0,40847.1,40848.4,0
2019-11-29 10:50:00,40849.2,40849.2,40828.1,40838.9,0
2019-11-29 10:55:00,40837.6,40849.6,40827.5,40832.5,0
2019-11-29 11:00:00,40832.6,40836.3,40798.0,40802.1,0
2019-11-29 11:05:00,40805.2,40811.9,40792.4,40803.7,0
2019-11-29 11:10:00,40802.7,40811.0,40780.6,40807.9,0
2019-11-29 11:15:00,40807.8,40808.2,40781.9,40797.4,0
2019-11-29 11:20:00,40798.3,40815.1,40796.4,40800.2,0
2019-11-29 11:25:00,40799.7,40799.7,40763.8,40771.4,0
2019-11-29 11:30:00,40773.6,40781.5,40766.9,40770.7,0
2019-11-29 11:35:00,40770.2,40790.6,40767.8,40786.9,0
2019-11-29 11:40:00,40788.2,40788.2,40746.5,40752.8,0
2019-11-29 11:45:00,40753.1,40761.9,40747.3,40752.1,0
2019-11-29 11:50:00,40752.4,40752.7,40732.9,40733.0,0
2019-11-29 11:55:00,40732.8,40738.6,40719.7,40720.4,0
2019-11-29 12:00:00,40701.6,40708.4,40664.2,40707.2,0
2019-11-29 12:05:00,40706.1,40754.4,40704.0,40754.4,0
2019-11-29 12:10:00,40753.9,40753.9,40730.0,40739.6,0
2019-11-29 12:15:00,40738.2,40780.4,40736.3,40776.2,0
2019-11-29 12:20:00,40776.2,40778.8,40744.2,40757.5,0
2019-11-29 12:25:00,40758.1,40758.1,40737.8,40743.2,0
2019-11-29 12:30:00,40743.3,40760.0,40742.4,40759.6,0
2019-11-29 12:35:00,40759.7,40759.7,40745.2,40750.8,0
2019-11-29 12:40:00,40751.8,40768.0,40751.8,40763.5,0
2019-11-29 12:45:00,40763.0,40785.6,40746.6,40785.6,0
2019-11-29 12:50:00,40784.3,40814.7,40784.3,40799.9,0
2019-11-29 12:55:00,40799.6,40799.9,40768.8,40769.0,0
2019-11-29 13:00:00,40766.0,40775.0,40760.4,40773.7,0
2019-11-29 13:05:00,40772.4,40772.8,40752.6,40756.2,0
2019-11-29 13:10:00,40756.2,40765.0,40749.9,40750.1,0
2019-11-29 13:15:00,40749.2,40750.5,40727.5,40734.4,0
2019-11-29 13:20:00,40733.6,40773.1,40733.6,40760.7,0
2019-11-29 13:25:00,40760.7,40767.5,40742.7,40753.1,0
2019-11-29 13:30:00,40753.3,40757.7,40726.7,40732.3,0
2019-11-29 13:35:00,40732.0,40779.5,40732.0,40760.2,0
2019-11-29 13:40:00,40759.7,40762.2,40734.5,40745.5,0
2019-11-29 13:45:00,40746.7,41143.2,40664.2,40727.6,0
2019-11-29 13:50:00,40726.5,40749.4,40708.2,40737.4,0
2019-11-29 13:55:00,40737.4,40738.2,40711.9,40731.6,0
2019-11-29 14:00:00,40733.0,40748.8,40717.7,40744.2,0
2019-11-29 14:05:00,40744.7,40761.1,40734.1,40738.1,0
2019-11-29 14:10:00,40738.0,40741.5,40701.7,40701.7,0
2019-11-29 14:15:00,40699.3,40716.3,40676.3,40699.3,0
2019-11-29 14:20:00,40699.8,40741.7,40697.1,40728.4,0
2019-11-29 14:25:00,40730.1,40735.8,40714.1,40714.5,0
2019-11-29 14:30:00,40714.5,40790.8,40707.2,40790.8,0
2019-11-29 14:35:00,40788.6,40812.8,40788.6,40791.4,0
2019-11-29 14:40:00,40793.9,40800.4,40763.0,40770.4,0
2019-11-29 14:45:00,40770.4,40796.6,40764.0,40794.9,0
2019-11-29 14:50:00,40797.5,40798.6,40781.0,40781.0,0
2019-11-29 14:55:00,40780.0,40784.5,40762.5,40764.7,0
2019-11-29 15:00:00,40765.0,40843.0,40763.0,40837.6,0
2019-11-29 15:05:00,40840.4,40865.9,40811.1,40830.8,0
2019-11-29 15:10:00,40835.9,40837.2,40793.0,40805.4,0
2019-11-29 15:15:00,40810.0,40820.0,40765.7,40778.5,0
2019-11-29 15:20:00,40781.2,40799.8,40778.2,40793.5,0
2019-11-29 15:25:00,40793.0,40816.0,40784.4,40800.7,0
2019-12-02 09:15:00,41072.9,41094.0,40835.6,40895.8,0
2019-12-02 09:20:00,40892.8,40925.2,40870.9,40922.9,0
2019-12-02 09:25:00,40920.1,40947.0,40910.9,40929.8,0
2019-12-02 09:30:00,40928.4,40947.7,40908.6,40942.2,0
2019-12-02 09:35:00,40944.7,40998.3,40934.6,40998.3,0
2019-12-02 09:40:00,41004.8,41022.1,40977.6,40996.9,0
2019-12-02 09:45:00,41000.6,41005.9,40956.1,40956.8,0
2019-12-02 09:50:00,40955.7,40965.6,40924.4,40965.0,0
2019-12-02 09:55:00,40964.7,40976.2,40937.1,40937.9,0
2019-12-02 10:00:00,40936.1,40944.7,40907.6,40918.8,0
2019-12-02 10:05:00,40920.9,40933.6,40896.9,40905.1,0
2019-12-02 10:10:00,40900.6,40903.3,40878.1,40885.8,0
2019-12-02 10:15:00,40886.8,40889.7,40825.6,40839.5,0
2019-12-02 10:20:00,40839.8,40842.9,40806.4,40842.2,0
2019-12-02 10:25:00,40839.4,40874.8,40832.6,40835.9,0
2019-12-02 10:30:00,40832.9,40843.2,40800.4,40810.8,0
2019-12-02 10:35:00,40810.7,40810.7,40781.7,40781.9,0
2019-12-02 10:40:00,40783.0,40789.8,40744.1,40779.2,0
2019-12-02 10:45:00,40779.8,40815.9,40776.4,40805.6,0
2019-12-02 10:50:00,40805.9,40813.0,40794.1,40805.2,0
2019-12-02 10:55:00,40806.5,40833.7,40800.8,40819.9,0
2019-12-02 11:00:00,40819.7,40825.4,40783.7,40786.7,0
2019-12-02 11:05:00,40784.6,40789.1,40763.2,40787.2,0
2019-12-02 11:10:00,40787.6,40794.4,40771.0,40792.0,0
2019-12-02 11:15:00,40793.3,40800.3,40778.6,40783.9,0
2019-12-02 11:20:00,40788.3,40837.7,40784.9,40837.7,0
2019-12-02 11:25:00,40832.1,40860.6,40823.2,40855.8,0
2019-12-02 11:30:00,40854.9,40863.7,40846.4,40860.8,0
2019-12-02 11:35:00,40859.9,40897.2,40854.3,40854.3,0
2019-12-02 11:40:00,40854.7,40858.3,40837.1,40848.1,0
2019-12-02 11:45:00,40850.7,40863.9,40847.3,40855.3,0
2019-12-02 11:50:00,40857.2,40860.1,40839.3,40846.6,0
2019-12-02 11:55:00,40846.7,40847.2,40811.1,40814.3,0
2019-12-02 12:00:00,40813.9,40823.3,40810.4,40823.0,0
2019-12-02 12:05:00,40822.0,40842.0,40821.7,40841.8,0
2019-12-02 12:10:00,40842.6,40842.6,40818.9,40833.7,0
2019-12-02 12:15:00,40833.5,40841.1,40822.6,40826.5,0
2019-12-02 12:20:00,40827.1,40843.3,40823.5,40833.3,0
2019-12-02 12:25:00,40832.0,40832.0,40791.2,40791.2,0
2019-12-02 12:30:00,40789.5,40790.9,40762.7,40788.7,0
2019-12-02 12:35:00,40787.1,40825.4,40778.3,40812.4,0
2019-12-02 12:40:00,40809.4,40810.3,40779.0,40779.2,0
2019-12-02 12:45:00,40778.6,40778.6,40752.2,40773.8,0
2019-12-02 12:50:00,40772.7,40776.1,40753.8,40754.4,0
2019-12-02 12:55:00,40744.8,40744.8,40714.8,40735.9,0
2019-12-02 13:00:00,40735.4,40758.7,40725.9,40743.8,0
2019-12-02 13:05:00,40745.2,40752.8,40742.0,40743.7,0
2019-12-02 13:10:00,40741.8,40742.5,40730.1,40736.4,0
2019-12-02 13:15:00,40736.9,40750.5,40714.3,40714.6,0
2019-12-02 13:20:00,40712.7,40727.6,40707.6,40726.0,0
2019-12-02 13:25:00,40727.1,40746.4,40722.0,40727.3,0
2019-12-02 13:30:00,40727.4,40792.2,40726.0,40781.0,0
2019-12-02 13:35:00,40781.2,40798.8,40776.6,40786.9,0
2019-12-02 13:40:00,40786.9,40803.3,40785.0,40791.6,0
2019-12-02 13:45:00,40790.2,40803.1,40789.7,40797.1,0
2019-12-02 13:50:00,40796.6,40815.0,40787.0,40808.3,0
2019-12-02 13:55:00,40818.2,40822.3,40792.3,40796.3,0
2019-12-02 14:00:00,40796.8,40814.9,40794.1,40811.5,0
2019-12-02 14:05:00,40809.4,40849.8,40799.6,40836.7,0
2019-12-02 14:10:00,40837.3,40855.9,40828.1,40833.0,0
2019-12-02 14:15:00,40834.1,40837.5,40788.8,40789.8,0
2019-12-02 14:20:00,40785.4,40793.4,40775.6,40781.4,0
2019-12-02 14:25:00,40780.6,40808.7,40779.2,40780.2,0
2019-12-02 14:30:00,40780.1,40812.9,40779.8,40801.6,0
2019-12-02 14:35:00,40803.8,40813.2,40786.4,40795.6,0
2019-12-02 14:40:00,40795.2,40833.0,40794.0,40832.2,0
2019-12-02 14:45:00,40832.0,40833.7,40795.9,40798.6,0
2019-12-02 14:50:00,40799.9,40805.1,40776.0,40776.0,0
2019-12-02 14:55:00,40775.9,40775.9,40725.4,40744.2,0
2019-12-02 15:00:00,40744.5,40802.8,40744.5,40790.0,0
2019-12-02 15:05:00,40792.1,40800.6,40771.1,40789.6,0
2019-12-02 15:10:00,40790.3,40799.8,40773.0,40797.1,0
2019-12-02 15:15:00,40799.2,40817.6,40775.6,40805.6,0
2019-12-02 15:20:00,40811.8,40825.6,40808.0,40816.1,0
2019-12-02 15:25:00,40821.5,40838.1,40787.4,40806.9,0
2019-12-03 09:15:00,40852.6,40885.0,40733.1,40751.7,0
2019-12-03 09:20:00,40751.1,40759.9,40720.4,40728.6,0
2019-12-03 09:25:00,40730.2,40770.9,40727.2,40762.3,0
2019-12-03 09:30:00,40768.2,40787.7,40762.0,40780.2,0
2019-12-03 09:35:00,40779.2,40779.2,40727.6,40736.8,0
2019-12-03 09:40:00,40732.8,40751.9,40730.7,40737.8,0
2019-12-03 09:45:00,40737.9,40752.2,40732.6,40737.3,0
2019-12-03 09:50:00,40739.0,40740.1,40698.6,40711.6,0
2019-12-03 09:55:00,40710.7,40710.7,40690.8,40703.1,0
2019-12-03 10:00:00,40703.3,40710.5,40687.6,40695.0,0
2019-12-03 10:05:00,40696.6,40719.8,40687.8,40719.0,0
2019-12-03 10:10:00,40718.8,40736.1,40712.4,40722.8,0
2019-12-03 10:15:00,40723.7,40732.2,40708.9,40717.7,0
2019-12-03 10:20:00,40716.0,40756.3,40714.2,40749.4,0
2019-12-03 10:25:00,40748.4,40758.5,40741.3,40746.9,0
2019-12-03 10:30:00,40747.5,40753.7,40724.2,40737.3,0
2019-12-03 10:35:00,40736.5,40742.7,40711.6,40712.4,0
2019-12-03 10:40:00,40713.6,40718.7,40689.5,40697.7,0
2019-12-03 10:45:00,40695.8,40710.1,40685.9,40710.1,0
2019-12-03 10:50:00,40715.0,40715.0,40686.2,40690.4,0
2019-12-03 10:55:00,40689.2,40691.4,40661.7,40675.2,0
2019-12-03 11:00:00,40674.1,40700.2,40670.4,40693.5,0
2019-12-03 11:05:00,40693.9,40713.7,40690.0,40706.1,0
2019-12-03 11:10:00,40707.8,40718.9,40696.4,40699.6,0
2019-12-03 11:15:00,40698.4,40705.4,40684.3,40686.9,0
2019-12-03 11:20:00,40687.2,40688.1,40655.9,40659.2,0
2019-12-03 11:25:00,40660.1,40661.5,40625.6,40633.8,0
2019-12-03 11:30:00,40634.1,40645.6,40633.1,40641.8,0
2019-12-03 11:35:00,40641.9,40645.1,40593.6,40604.0,0
2019-12-03 11:40:00,40604.1,40620.5,40579.4,40614.5,0
2019-12-03 11:45:00,40615.5,40628.2,40613.1,40626.0,0
2019-12-03 11:50:00,40626.0,40631.4,40614.3,40617.7,0
2019-12-03 11:55:00,40618.8,40634.0,40607.1,40623.2,0
2019-12-03 12:00:00,40623.7,40623.7,40588.5,40600.0,0
2019-12-03 12:05:00,40599.7,40599.7,40577.1,40581.6,0
2019-12-03 12:10:00,40581.3,40601.5,40576.8,40596.9,0
2019-12-03 12:15:00,40597.2,40613.2,40588.6,40600.7,0
2019-12-03 12:20:00,40599.9,40618.4,40596.8,40611.1,0
2019-12-03 12:25:00,40611.8,40621.1,40610.8,40612.4,0
2019-12-03 12:30:00,40611.9,40646.2,40609.3,40635.5,0
2019-12-03 12:35:00,40636.2,40637.8,40611.4,40611.4,0
2019-12-03 12:40:00,40612.1,40614.7,40595.2,40609.3,0
2019-12-03 12:45:00,40608.1,40608.1,40569.4,40570.2,0
2019-12-03 12:50:00,40569.0,40583.9,40566.6,40575.3,0
2019-12-03 12:55:00,40573.5,40590.6,40568.8,40575.2,0
2019-12-03 13:00:00,40573.6,40579.6,40557.7,40565.8,0
2019-12-03 13:05:00,40566.6,40587.1,40561.6,40581.7,0
2019-12-03 13:10:00,40581.8,40885.0,40554.0,40567.0,0
2019-12-03 13:15:00,40566.9,40579.5,40562.1,40579.5,0
2019-12-03 13:20:00,40579.5,40622.1,40579.5,40621.1,0
2019-12-03 13:25:00,40621.3,40631.7,40613.1,40627.7,0
2019-12-03 13:30:00,40626.3,40650.4,40625.1,40636.5,0
2019-12-03 13:35:00,40640.2,40647.1,40621.8,40636.5,0
2019-12-03 13:40:00,40636.6,40654.1,40616.2,40616.2,0
2019-12-03 13:45:00,40615.1,40646.4,40605.2,40631.1,0
2019-12-03 13:50:00,40631.0,40639.1,40626.2,40639.0,0
2019-12-03 13:55:00,40640.1,40640.1,40610.7,40611.4,0
2019-12-03 14:00:00,40611.0,40616.8,40593.7,40609.1,0
2019-12-03 14:05:00,40610.5,40621.7,40608.4,40611.8,0
2019-12-03 14:10:00,40612.4,40622.9,40610.5,40618.1,0
2019-12-03 14:15:00,40618.3,40651.7,40615.6,40632.6,0
2019-12-03 14:20:00,40632.5,40641.5,40624.4,40626.8,0
2019-12-03 14:25:00,40625.6,40628.7,40556.9,40577.4,0
2019-12-03 14:30:00,40577.2,40610.4,40576.4,40598.4,0
2019-12-03 14:35:00,40601.1,40625.9,40601.1,40614.7,0
2019-12-03 14:40:00,40614.2,40653.1,40612.3,40653.1,0
2019-12-03 14:45:00,40653.2,40711.7,40646.8,40688.3,0
2019-12-03 14:50:00,40687.7,40706.9,40669.5,40673.1,0
2019-12-03 14:55:00,40673.0,40673.3,40634.5,40644.7,0
2019-12-03 15:00:00,40645.2,40678.3,40644.9,40662.0,0
2019-12-03 15:05:00,40660.6,40672.6,40652.5,40661.8,0
2019-12-03 15:10:00,40660.6,40679.0,40653.7,40678.2,0
2019-12-03 15:15:00,40668.6,40686.1,40654.0,40683.9,0
2019-12-03 15:20:00,40685.0,40698.1,40680.6,40688.4,0
2019-12-03 15:25:00,40686.8,40711.5,40682.3,40692.4,0
2019-12-04 09:15:00,40606.0,40615.7,40547.9,40608.8,0
2019-12-04 09:20:00,40611.1,40620.7,40559.6,40568.8,0
2019-12-04 09:25:00,40566.0,40572.6,40544.8,40571.4,0
2019-12-04 09:30:00,40575.8,40581.9,40555.3,40578.9,0
2019-12-04 09:35:00,40578.3,40616.2,40571.4,40603.6,0
2019-12-04 09:40:00,40602.2,40697.2,40598.2,40697.2,0
2019-12-04 09:45:00,40696.6,40750.3,40696.6,40731.6,0
2019-12-04 09:50:00,40732.0,40735.2,40696.9,40733.8,0
2019-12-04 09:55:00,40733.2,40738.0,40695.7,40736.5,0
2019-12-04 10:00:00,40736.8,40780.9,40713.8,40744.3,0
2019-12-04 10:05:00,40745.8,40766.9,40723.4,40728.0,0
2019-12-04 10:10:00,40729.1,40781.2,40729.0,40780.4,0
2019-12-04 10:15:00,40778.6,40790.1,40758.4,40758.9,0
2019-12-04 10:20:00,40757.2,40767.2,40733.3,40734.7,0
2019-12-04 10:25:00,40734.0,40757.5,40731.9,40736.0,0
2019-12-04 10:30:00,40738.4,40740.1,40710.6,40710.6,0
2019-12-04 10:35:00,40710.1,40719.3,40697.4,40710.3,0
2019-12-04 10:40:00,40713.1,40790.1,40544.8,40730.4,0
2019-12-04 10:45:00,40729.5,40749.4,40726.1,40740.8,0
2019-12-04 10:50:00,40741.0,40741.2,40726.5,40730.1,0
2019-12-04 10:55:00,40728.8,40745.9,40726.0,40739.8,0
2019-12-04 11:00:00,40739.9,40741.6,40696.6,40704.6,0
2019-12-04 11:05:00,40707.3,40714.4,40669.1,40679.8,0
2019-12-04 11:10:00,40680.2,40713.5,40670.8,40712.1,0
2019-12-04 11:15:00,40711.3,40711.3,40660.7,40664.3,0
2019-12-04 11:20:00,40662.3,40667.7,40647.5,40667.4,0
2019-12-04 11:25:00,40668.2,40676.2,40655.3,40676.2,0
2019-12-04 11:30:00,40678.9,40685.4,40656.9,40670.4,0
2019-12-04 11:35:00,40670.8,40671.2,40660.1,40661.6,0
2019-12-04 11:40:00,40662.7,40675.4,40655.9,40663.2,0
2019-12-04 11:45:00,40662.7,40662.7,40625.8,40628.6,0
2019-12-04 11:50:00,40629.7,40636.7,40620.5,40625.6,0
2019-12-04 11:55:00,40626.4,40646.3,40623.4,40643.0,0
2019-12-04 12:00:00,40642.6,40664.1,40638.1,40647.6,0
2019-12-04 12:05:00,40647.9,40647.9,40621.9,40622.5,0
2019-12-04 12:10:00,40622.0,40623.7,40603.8,40614.7,0
2019-12-04 12:15:00,40613.8,40623.2,40596.6,40598.1,0
2019-12-04 12:20:00,40597.2,40609.7,40594.0,40598.5,0
2019-12-04 12:25:00,40597.4,40602.0,40587.4,40591.1,0
2019-12-04 12:30:00,40590.7,40640.1,40590.7,40638.6,0
2019-12-04 12:35:00,40638.7,40638.7,40618.8,40628.5,0
2019-12-04 12:40:00,40626.9,40629.9,40587.4,40593.9,0
2019-12-04 12:45:00,40595.6,40619.8,40590.2,40606.0,0
2019-12-04 12:50:00,40605.8,40612.5,40552.5,40552.5,0
2019-12-04 12:55:00,40553.5,40558.8,40531.2,40540.7,0
2019-12-04 13:00:00,40538.3,40538.3,40485.6,40504.3,0
2019-12-04 13:05:00,40506.9,40507.0,40478.5,40485.9,0
2019-12-04 13:10:00,40494.0,40521.6,40491.2,40503.4,0
2019-12-04 13:15:00,40502.6,40539.1,40490.6,40538.6,0
2019-12-04 13:20:00,40540.0,40540.0,40475.8,40493.1,0
2019-12-04 13:25:00,40492.8,40510.7,40481.0,40500.6,0
2019-12-04 13:30:00,40497.1,40541.2,40482.3,40533.2,0
2019-12-04 13:35:00,40532.3,40555.6,40521.1,40521.1,0
2019-12-04 13:40:00,40519.7,40548.6,40512.0,40538.6,0
2019-12-04 13:45:00,40537.5,40566.3,40530.8,40561.8,0
2019-12-04 13:50:00,40562.0,40603.6,40562.0,40571.5,0
2019-12-04 13:55:00,40572.1,40612.3,40572.1,40593.9,0
2019-12-04 14:00:00,40594.2,40623.8,40593.4,40606.5,0
2019-12-04 14:05:00,40600.8,40609.3,40591.3,40593.5,0
2019-12-04 14:10:00,40595.9,40629.6,40559.5,40559.5,0
2019-12-04 14:15:00,40559.7,40589.6,40538.0,40589.6,0
2019-12-04 14:20:00,40596.7,40620.7,40585.9,40616.9,0
2019-12-04 14:25:00,40609.4,40609.4,40580.7,40592.9,0
2019-12-04 14:30:00,40593.6,40639.5,40580.2,40632.2,0
2019-12-04 14:35:00,40633.4,40700.1,40597.3,40687.6,0
2019-12-04 14:40:00,40689.2,40729.2,40687.5,40704.9,0
2019-12-04 14:45:00,40705.4,40744.2,40705.4,40712.9,0
2019-12-04 14:50:00,40712.4,40753.2,40709.9,40748.1,0
2019-12-04 14:55:00,40749.1,40777.8,40737.6,40766.3,0
2019-12-04 15:00:00,40762.8,40848.9,40762.8,40819.1,0
2019-12-04 15:05:00,40821.2,40873.4,40819.9,40872.7,0
2019-12-04 15:10:00,40871.3,40886.9,40832.9,40853.8,0
2019-12-04 15:15:00,40856.3,40886.9,40475.8,40851.3,0
2019-12-04 15:20:00,40851.4,40858.0,40836.5,40841.5,0
2019-12-04 15:25:00,40843.3,40846.2,40812.6,40821.9,0
2019-12-05 09:15:00,40988.1,41002.4,40909.3,40931.6,0
2019-12-05 09:20:00,40931.3,40944.9,40923.0,40935.7,0
2019-12-05 09:25:00,40935.9,40960.6,40935.4,40938.1,0
2019-12-05 09:30:00,40933.9,40940.1,40878.2,40885.6,0
2019-12-05 09:35:00,40883.5,40900.2,40870.5,40871.8,0
2019-12-05 09:40:00,40869.3,40939.4,40865.4,40930.3,0
2019-12-05 09:45:00,40927.9,40946.5,40913.6,40914.5,0
2019-12-05 09:50:00,40916.0,40921.8,40887.7,40900.1,0
2019-12-05 09:55:00,40896.0,40927.9,40894.6,40925.2,0
2019-12-05 10:00:00,40924.4,40949.1,40919.8,40945.5,0
2019-12-05 10:05:00,40944.9,40950.5,40930.1,40935.0,0
2019-12-05 10:10:00,40935.1,40954.8,40929.9,40935.9,0
2019-12-05 10:15:00,40935.0,40943.6,40927.9,40930.5,0
2019-12-05 10:20:00,40928.9,40949.4,40925.3,40937.5,0
2019-12-05 10:25:00,40936.8,40951.6,40934.6,40944.0,0
2019-12-05 10:30:00,40942.7,40945.5,40920.7,40923.3,0
2019-12-05 10:35:00,40925.2,40941.5,40920.1,40940.0,0
2019-12-05 10:40:00,40939.8,40955.7,40926.3,40928.5,0
2019-12-05 10:45:00,40929.1,40950.2,40925.9,40931.6,0
2019-12-05 10:50:00,40931.5,40957.1,40931.5,40949.7,0
2019-12-05 10:55:00,40955.6,41001.7,40949.9,40982.1,0
2019-12-05 11:00:00,40982.7,40996.4,40977.5,40991.7,0
2019-12-05 11:05:00,40991.5,40994.0,40948.7,40956.0,0
2019-12-05 11:10:00,40957.1,40973.4,40952.8,40967.1,0
2019-12-05 11:15:00,40966.1,40977.8,40957.6,40970.5,0
2019-12-05 11:20:00,40969.5,40976.6,40960.4,40964.8,0
2019-12-05 11:25:00,40961.1,40963.3,40948.4,40961.5,0
2019-12-05 11:30:00,40964.0,40968.9,40950.9,40955.1,0
2019-12-05 11:35:00,40956.4,40961.7,40944.0,40947.1,0
2019-12-05 11:40:00,40948.2,40982.4,40946.1,40963.4,0
2019-12-05 11:45:00,40963.4,40968.7,40730.6,40751.6,0
2019-12-05 11:50:00,40749.7,40830.1,40739.5,40824.5,0
2019-12-05 11:55:00,40824.6,40871.5,40821.3,40837.5,0
2019-12-05 12:00:00,40839.8,40858.4,40814.7,40818.3,0
2019-12-05 12:05:00,40821.1,40847.5,40806.0,40841.8,0
2019-12-05 12:10:00,40841.9,40848.4,40815.0,40822.7,0
2019-12-05 12:15:00,40827.1,40827.1,40739.8,40776.8,0
2019-12-05 12:20:00,40776.1,40811.9,40775.6,40811.2,0
2019-12-05 12:25:00,40809.5,40856.4,40804.6,40841.6,0
2019-12-05 12:30:00,40841.4,40911.8,40830.0,40888.8,0
2019-12-05 12:35:00,40886.5,40908.1,40877.8,40878.7,0
2019-12-05 12:40:00,40876.5,40887.8,40854.2,40887.5,0
2019-12-05 12:45:00,40886.2,40894.7,40873.5,40883.6,0
2019-12-05 12:50:00,40881.0,40897.7,40878.5,40882.4,0
2019-12-05 12:55:00,40882.4,40883.4,40861.1,40873.8,0
2019-12-05 13:00:00,40871.9,40879.4,40857.5,40875.3,0
2019-12-05 13:05:00,40873.9,40920.6,40864.4,40915.3,0
2019-12-05 13:10:00,40915.6,40927.8,40900.5,40908.9,0
2019-12-05 13:15:00,40908.1,40931.9,40906.6,40920.9,0
2019-12-05 13:20:00,40920.3,40934.4,40890.3,40896.6,0
2019-12-05 13:25:00,40897.5,40922.5,40897.5,40908.0,0
2019-12-05 13:30:00,40909.5,40950.6,40909.4,40942.7,0
2019-12-05 13:35:00,40942.0,40962.7,40932.7,40955.8,0
2019-12-05 13:40:00,40955.8,40989.0,40949.8,40980.2,0
2019-12-05 13:45:00,40980.7,40981.1,40948.0,40952.0,0
2019-12-05 13:50:00,40950.5,40950.5,40918.1,40949.8,0
2019-12-05 13:55:00,40948.9,40958.1,40939.0,40957.9,0
2019-12-05 14:00:00,40957.4,40957.7,40922.2,40928.6,0
2019-12-05 14:05:00,40928.5,40938.3,40889.4,40890.8,0
2019-12-05 14:10:00,40892.2,40932.6,40885.7,40931.9,0
2019-12-05 14:15:00,40931.8,40945.1,40921.7,40940.8,0
2019-12-05 14:20:00,40937.9,40948.3,40901.9,40902.3,0
2019-12-05 14:25:00,40899.5,40917.9,40870.9,40874.7,0
2019-12-05 14:30:00,40882.5,40885.8,40811.8,40823.4,0
2019-12-05 14:35:00,40825.6,40825.6,40782.1,40783.7,0
2019-12-05 14:40:00,40782.3,40784.2,40749.5,40772.0,0
2019-12-05 14:45:00,40772.2,40775.5,40720.2,40726.3,0
2019-12-05 14:50:00,40724.8,40753.9,40724.8,40744.9,0
2019-12-05 14:55:00,40745.2,40796.5,40739.8,40775.3,0
2019-12-05 15:00:00,40771.5,40861.5,40770.9,40838.0,0
2019-12-05 15:05:00,40838.6,40865.7,40819.4,40859.4,0
2019-12-05 15:10:00,40860.8,40871.2,40839.7,40841.3,0
2019-12-05 15:15:00,40839.3,40846.2,40757.3,40760.5,0
2019-12-05 15:20:00,40763.7,40772.2,40727.6,40737.7,0
2019-12-05 15:25:00,40736.6,40761.4,40724.1,40751.5,0
2019-12-06 09:15:00,40952.13,40952.13,40862.82,40881.14,0
2019-12-06 09:20:00,40880.71,40890.22,40856.4,40888.76,0
2019-12-06 09:25:00,40888.71,40893.87,40856.82,40857.83,0
2019-12-06 09:30:00,40855.45,40888.16,40855.45,40886.26,0
2019-12-06 09:35:00,40885.26,40915.48,40884.83,40886.33,0
2019-12-06 09:40:00,40884.31,40891.22,40862.07,40863.21,0
2019-12-06 09:45:00,40863.02,40863.02,40815.13,40852.14,0
2019-12-06 09:50:00,40851.38,40878.01,40848.81,40868.3,0
2019-12-06 09:55:00,40868.3,40903.62,40862.53,40902.61,0
2019-12-06 10:00:00,40902.55,40902.9,40856.85,40857.43,0
2019-12-06 10:05:00,40857.03,40863.06,40846.11,40850.54,0
2019-12-06 10:10:00,40850.54,40858.05,40838.67,40842.61,0
2019-12-06 10:15:00,40842.61,40845.23,40805.3,40825.37,0
2019-12-06 10:20:00,40825.19,40825.6,40795.41,40796.04,0
2019-12-06 10:25:00,40796.14,40796.55,40775.17,40793.47,0
2019-12-06 10:30:00,40793.91,40833.59,40791.14,40821.04,0
2019-12-06 10:35:00,40819.81,40825.83,40788.17,40788.17,0
2019-12-06 10:40:00,40787.98,40789.18,40760.73,40776.76,0
2019-12-06 10:45:00,40774.16,40780.66,40752.32,40779.29,0
2019-12-06 10:50:00,40779.72,40795.63,40756.7,40756.7,0
2019-12-06 10:55:00,40757.56,40768.91,40752.73,40755.34,0
2019-12-06 11:00:00,40755.24,40757.43,40736.35,40756.16,0
2019-12-06 11:05:00,40756.23,40766.81,40738.26,40743.84,0
2019-12-06 11:10:00,40743.46,40746.3,40709.88,40730.02,0
2019-12-06 11:15:00,40729.59,40730.1,40698.92,40701.4,0
2019-12-06 11:20:00,40701.75,40720.57,40670.02,40670.91,0
2019-12-06 11:25:00,40672.14,40672.14,40629.99,40630.91,0
2019-12-06 11:30:00,40629.33,40643.76,40593.09,40641.48,0
2019-12-06 11:35:00,40641.95,40648.61,40626.48,40640.18,0
2019-12-06 11:40:00,40640.01,40644.2,40598.81,40609.66,0
2019-12-06 11:45:00,40610.03,40613.42,40582.33,40601.48,0
2019-12-06 11:50:00,40600.91,40617.17,40588.84,40603.58,0
2019-12-06 11:55:00,40603.31,40644.08,40590.65,40643.87,0
2019-12-06 12:00:00,40644.11,40682.02,40642.91,40650.79,0
2019-12-06 12:05:00,40649.21,40658.36,40625.56,40635.87,0
2019-12-06 12:10:00,40634.63,40644.77,40619.34,40625.22,0
2019-12-06 12:15:00,40625.22,40625.22,40607.74,40620.63,0
2019-12-06 12:20:00,40621.89,40661.85,40619.76,40659.64,0
2019-12-06 12:25:00,40658.98,40688.31,40651.46,40682.55,0
2019-12-06 12:30:00,40681.37,40683.77,40667.6,40679.23,0
2019-12-06 12:35:00,40679.44,40687.93,40659.04,40665.85,0
2019-12-06 12:40:00,40665.85,40675.63,40654.98,40668.99,0
2019-12-06 12:45:00,40668.89,40671.41,40624.19,40639.94,0
2019-12-06 12:50:00,40641.39,40645.33,40614.23,40626.18,0
2019-12-06 12:55:00,40626.18,40647.54,40615.84,40634.33,0
2019-12-06 13:00:00,40634.33,40634.33,40578.97,40598.42,0
2019-12-06 13:05:00,40598.31,40610.78,40587.0,40595.78,0
2019-12-06 13:10:00,40596.6,40620.76,40596.2,40616.59,0
2019-12-06 13:15:00,40615.91,40630.76,40584.41,40618.78,0
2019-12-06 13:20:00,40620.77,40650.5,40615.55,40622.87,0
2019-12-06 13:25:00,40622.87,40625.0,40582.61,40582.74,0
2019-12-06 13:30:00,40578.85,40590.05,40554.12,40563.4,0
2019-12-06 13:35:00,40563.21,40607.31,40553.21,40600.6,0
2019-12-06 13:40:00,40600.6,40602.64,40572.35,40579.68,0
2019-12-06 13:45:00,40580.05,40580.05,40560.7,40569.49,0
2019-12-06 13:50:00,40569.53,40611.57,40508.99,40525.72,0
2019-12-06 13:55:00,40522.97,40522.97,40444.89,40452.77,0
2019-12-06 14:00:00,40455.37,40507.77,40436.87,40489.71,0
2019-12-06 14:05:00,40488.98,40489.71,40416.99,40434.08,0
2019-12-06 14:10:00,40434.22,40452.38,40400.52,40403.21,0
2019-12-06 14:15:00,40407.42,40454.24,40393.78,40417.76,0
2019-12-06 14:20:00,40417.58,40430.98,40376.84,40404.43,0
2019-12-06 14:25:00,40405.5,40423.51,40389.35,40394.4,0
2019-12-06 14:30:00,40394.4,40397.33,40337.58,40353.08,0
2019-12-06 14:35:00,40352.47,40386.26,40348.84,40372.56,0
2019-12-06 14:40:00,40371.56,40438.31,40359.25,40424.14,0
2019-12-06 14:45:00,40424.14,40468.26,40410.82,40456.08,0
2019-12-06 14:50:00,40460.02,40472.26,40448.07,40449.33,0
2019-12-06 14:55:00,40448.72,40451.22,40406.19,40437.22,0
2019-12-06 15:00:00,40437.89,40501.49,40437.89,40470.94,0
2019-12-06 15:05:00,40471.41,40484.82,40453.4,40474.29,0
2019-12-06 15:10:00,40475.68,40484.49,40434.66,40446.87,0
2019-12-06 15:15:00,40446.31,40459.54,40412.8,40429.01,0
2019-12-06 15:20:00,40428.4,40443.21,40407.07,40420.7,0
2019-12-06 15:25:00,40420.11,40448.31,40412.84,40434.81,0
2019-12-09 09:15:00,40527.2,40536.4,40391.0,40405.5,0
2019-12-09 09:20:00,40401.5,40425.5,40383.2,40425.0,0
2019-12-09 09:25:00,40423.5,40425.3,40336.6,40373.1,0
2019-12-09 09:30:00,40376.1,40421.3,40370.4,40378.9,0
2019-12-09 09:35:00,40381.8,40449.2,40381.4,40439.1,0
2019-12-09 09:40:00,40438.7,40473.1,40429.6,40443.3,0
2019-12-09 09:45:00,40444.6,40502.0,40444.6,40495.3,0
2019-12-09 09:50:00,40496.8,40496.9,40419.4,40428.8,0
2019-12-09 09:55:00,40427.8,40446.6,40410.2,40429.3,0
2019-12-09 10:00:00,40430.1,40474.2,40420.1,40465.6,0
2019-12-09 10:05:00,40464.9,40488.2,40453.9,40480.1,0
2019-12-09 10:10:00,40481.2,40495.1,40442.1,40455.8,0
2019-12-09 10:15:00,40456.7,40463.6,40445.4,40447.8,0
2019-12-09 10:20:00,40450.5,40455.5,40416.4,40416.4,0
2019-12-09 10:25:00,40416.2,40423.0,40389.5,40396.3,0
2019-12-09 10:30:00,40393.9,40445.6,40383.2,40425.6,0
2019-12-09 10:35:00,40424.7,40437.1,40407.6,40431.0,0
2019-12-09 10:40:00,40432.2,40434.4,40399.4,40405.4,0
2019-12-09 10:45:00,40406.5,40449.7,40401.3,40444.2,0
2019-12-09 10:50:00,40445.8,40482.6,40441.9,40480.4,0
2019-12-09 10:55:00,40482.0,40500.8,40479.9,40496.2,0
2019-12-09 11:00:00,40502.3,40530.1,40500.8,40511.3,0
2019-12-09 11:05:00,40509.9,40566.6,40507.3,40555.8,0
2019-12-09 11:10:00,40554.7,40562.9,40535.8,40536.4,0
2019-12-09 11:15:00,40536.7,40576.8,40532.8,40568.2,0
2019-12-09 11:20:00,40568.7,40582.7,40554.2,40554.2,0
2019-12-09 11:25:00,40552.5,40571.5,40518.1,40518.9,0
2019-12-09 11:30:00,40517.7,40544.7,40517.6,40530.7,0
2019-12-09 11:35:00,40530.8,40542.8,40529.8,40529.8,0
2019-12-09 11:40:00,40527.9,40539.6,40509.0,40510.4,0
2019-12-09 11:45:00,40510.0,40543.7,40496.1,40538.9,0
2019-12-09 11:50:00,40540.9,40547.0,40530.3,40535.4,0
2019-12-09 11:55:00,40535.4,40539.5,40529.6,40534.9,0
2019-12-09 12:00:00,40534.9,40555.7,40528.7,40549.9,0
2019-12-09 12:05:00,40548.5,40551.0,40521.8,40524.5,0
2019-12-09 12:10:00,40525.0,40528.7,40507.1,40514.8,0
2019-12-09 12:15:00,40516.2,40524.5,40513.4,40523.9,0
2019-12-09 12:20:00,40523.9,40549.0,40521.1,40542.5,0
2019-12-09 12:25:00,40543.2,40557.9,40539.8,40553.2,0
2019-12-09 12:30:00,40554.5,40554.5,40517.6,40547.0,0
2019-12-09 12:35:00,40547.4,40560.6,40540.4,40551.9,0
2019-12-09 12:40:00,40552.2,40574.6,40552.2,40561.4,0
2019-12-09 12:45:00,40561.7,40561.7,40546.2,40549.9,0
2019-12-09 12:50:00,40549.8,40566.8,40538.2,40560.9,0
2019-12-09 12:55:00,40564.6,40624.2,40557.7,40617.8,0
2019-12-09 13:00:00,40617.8,40645.6,40611.4,40612.0,0
2019-12-09 13:05:00,40612.8,40633.3,40582.3,40591.5,0
2019-12-09 13:10:00,40587.9,40640.8,40585.4,40613.7,0
2019-12-09 13:15:00,40612.2,40631.6,40598.3,40630.4,0
2019-12-09 13:20:00,40630.3,40639.4,40613.4,40623.4,0
2019-12-09 13:25:00,40624.1,40640.9,40607.6,40616.6,0
2019-12-09 13:30:00,40619.7,40641.7,40590.7,40590.7,0
2019-12-09 13:35:00,40590.7,40594.4,40559.5,40590.3,0
2019-12-09 13:40:00,40589.9,40611.3,40579.2,40579.2,0
2019-12-09 13:45:00,40577.9,40645.6,40336.6,40548.2,0
2019-12-09 13:50:00,40547.9,40551.9,40499.3,40539.8,0
2019-12-09 13:55:00,40535.9,40550.9,40526.8,40532.6,0
2019-12-09 14:00:00,40532.8,40549.5,40506.4,40526.2,0
2019-12-09 14:05:00,40525.6,40569.6,40524.1,40528.0,0
2019-12-09 14:10:00,40526.3,40526.3,40474.9,40485.9,0
2019-12-09 14:15:00,40483.0,40483.2,40440.1,40445.0,0
2019-12-09 14:20:00,40444.9,40523.3,40444.2,40479.6,0
2019-12-09 14:25:00,40479.6,40491.2,40441.2,40479.4,0
2019-12-09 14:30:00,40478.6,40567.6,40464.9,40555.9,0
2019-12-09 14:35:00,40548.6,40552.3,40515.6,40525.8,0
2019-12-09 14:40:00,40525.1,40528.3,40495.2,40514.4,0
2019-12-09 14:45:00,40512.8,40514.1,40482.9,40497.2,0
2019-12-09 14:50:00,40498.5,40507.8,40484.0,40505.4,0
2019-12-09 14:55:00,40508.2,40522.1,40499.0,40511.4,0
2019-12-09 15:00:00,40509.9,40518.6,40475.1,40476.9,0
2019-12-09 15:05:00,40476.8,40487.9,40467.3,40471.3,0
2019-12-09 15:10:00,40472.3,40492.8,40472.2,40489.7,0
2019-12-09 15:15:00,40488.5,40498.6,40482.1,40498.6,0
2019-12-09 15:20:00,40500.9,40509.1,40488.8,40495.0,0
2019-12-09 15:25:00,40494.5,40497.9,40472.1,40489.3,0
2019-12-10 09:15:00,40588.8,40588.8,40465.0,40482.3,0
2019-12-10 09:20:00,40485.3,40485.3,40438.6,40463.9,0
2019-12-10 09:25:00,40464.4,40472.9,40444.5,40451.2,0
2019-12-10 09:30:00,40447.3,40460.1,40414.8,40417.4,0
2019-12-10 09:35:00,40417.9,40467.5,40415.7,40429.3,0
2019-12-10 09:40:00,40426.9,40455.1,40405.6,40452.9,0
2019-12-10 09:45:00,40453.5,40457.2,40434.3,40437.8,0
2019-12-10 09:50:00,40434.2,40477.6,40422.7,40474.4,0
2019-12-10 09:55:00,40472.7,40496.7,40467.4,40478.6,0
2019-12-10 10:00:00,40475.5,40500.3,40444.8,40480.3,0
2019-12-10 10:05:00,40480.1,40505.0,40471.2,40472.1,0
2019-12-10 10:10:00,40470.9,40480.4,40456.9,40466.1,0
2019-12-10 10:15:00,40465.4,40472.3,40426.8,40432.3,0
2019-12-10 10:20:00,40430.0,40441.4,40420.1,40428.0,0
2019-12-10 10:25:00,40427.5,40428.1,40391.7,40401.5,0
2019-12-10 10:30:00,40401.5,40421.1,40400.2,40407.1,0
2019-12-10 10:35:00,40407.6,40407.6,40383.1,40400.7,0
2019-12-10 10:40:00,40402.2,40422.0,40383.9,40422.0,0
2019-12-10 10:45:00,40420.9,40438.4,40407.9,40408.5,0
2019-12-10 10:50:00,40406.6,40409.4,40384.8,40384.9,0
2019-12-10 10:55:00,40384.3,40402.8,40382.9,40395.6,0
2019-12-10 11:00:00,40395.6,40396.0,40368.4,40374.9,0
2019-12-10 11:05:00,40377.5,40396.5,40369.8,40370.2,0
2019-12-10 11:10:00,40374.5,40376.4,40342.1,40350.9,0
2019-12-10 11:15:00,40350.9,40371.8,40349.5,40371.2,0
2019-12-10 11:20:00,40370.3,40387.0,40364.2,40364.2,0
2019-12-10 11:25:00,40366.9,40367.6,40330.3,40341.2,0
2019-12-10 11:30:00,40338.4,40358.0,40334.1,40357.3,0
2019-12-10 11:35:00,40357.3,40371.1,40357.3,40357.7,0
2019-12-10 11:40:00,40357.6,40393.7,40342.4,40385.2,0
2019-12-10 11:45:00,40386.3,40413.1,40382.7,40393.8,0
2019-12-10 11:50:00,40394.9,40396.6,40376.0,40378.7,0
2019-12-10 11:55:00,40378.9,40380.7,40353.4,40364.9,0
2019-12-10 12:00:00,40365.9,40373.1,40348.5,40354.4,0
2019-12-10 12:05:00,40352.7,40355.1,40307.4,40329.9,0
2019-12-10 12:10:00,40328.8,40339.9,40322.8,40338.9,0
2019-12-10 12:15:00,40338.6,40352.6,40325.3,40339.1,0
2019-12-10 12:20:00,40340.0,40355.6,40321.9,40323.8,0
2019-12-10 12:25:00,40325.6,40328.0,40309.6,40324.7,0
2019-12-10 12:30:00,40324.2,40331.6,40309.1,40312.1,0
2019-12-10 12:35:00,40313.2,40331.9,40304.8,40305.0,0
2019-12-10 12:40:00,40307.2,40321.3,40286.0,40321.3,0
2019-12-10 12:45:00,40323.4,40343.2,40314.3,40331.2,0
2019-12-10 12:50:00,40330.8,40355.1,40328.0,40331.6,0
2019-12-10 12:55:00,40328.5,40340.6,40313.0,40334.6,0
2019-12-10 13:00:00,40331.9,40393.4,40331.9,40393.0,0
2019-12-10 13:05:00,40394.8,40394.8,40363.8,40377.1,0
2019-12-10 13:10:00,40375.9,40375.9,40337.3,40360.3,0
2019-12-10 13:15:00,40358.3,40362.0,40338.6,40355.4,0
2019-12-10 13:20:00,40355.6,40356.3,40339.2,40339.2,0
2019-12-10 13:25:00,40338.1,40366.6,40335.4,40366.6,0
2019-12-10 13:30:00,40371.0,40385.5,40344.9,40347.1,0
2019-12-10 13:35:00,40348.0,40351.4,40305.8,40310.5,0
2019-12-10 13:40:00,40308.5,40316.9,40299.6,40305.1,0
2019-12-10 13:45:00,40305.8,40348.0,40305.8,40336.0,0
2019-12-10 13:50:00,40335.5,40350.6,40325.5,40339.1,0
2019-12-10 13:55:00,40339.4,40352.0,40312.7,40312.8,0
2019-12-10 14:00:00,40311.9,40312.8,40275.0,40276.9,0
2019-12-10 14:05:00,40274.5,40294.8,40264.0,40275.1,0
2019-12-10 14:10:00,40276.4,40286.6,40265.4,40268.1,0
2019-12-10 14:15:00,40264.9,40278.6,40252.9,40258.8,0
2019-12-10 14:20:00,40258.3,40266.9,40242.9,40256.1,0
2019-12-10 14:25:00,40255.1,40257.3,40231.0,40255.8,0
2019-12-10 14:30:00,40256.2,40258.7,40213.3,40218.2,0
2019-12-10 14:35:00,40218.1,40262.0,40216.6,40262.0,0
2019-12-10 14:40:00,40263.4,40281.0,40254.2,40264.4,0
2019-12-10 14:45:00,40264.4,40267.2,40249.1,40250.0,0
2019-12-10 14:50:00,40249.3,40253.1,40208.7,40214.5,0
2019-12-10 14:55:00,40213.8,40232.9,40212.5,40224.6,0
2019-12-10 15:00:00,40225.0,40588.8,40208.7,40260.8,0
2019-12-10 15:05:00,40259.5,40263.4,40227.0,40228.0,0
2019-12-10 15:10:00,40229.2,40233.1,40212.3,40231.9,0
2019-12-10 15:15:00,40237.4,40256.3,40230.1,40249.0,0
2019-12-10 15:20:00,40245.5,40255.4,40236.5,40246.8,0
2019-12-10 15:25:00,40247.5,40271.1,40240.8,40261.0,0
2019-12-11 09:15:00,40285.2,40347.3,40135.4,40302.2,0
2019-12-11 09:20:00,40305.3,40336.5,40299.4,40331.0,0
2019-12-11 09:25:00,40327.1,40344.8,40305.7,40308.4,0
2019-12-11 09:30:00,40307.4,40320.4,40271.6,40316.0,0
2019-12-11 09:35:00,40315.2,40357.6,40307.6,40339.7,0
2019-12-11 09:40:00,40341.9,40386.0,40326.8,40385.3,0
2019-12-11 09:45:00,40384.0,40422.3,40378.2,40405.2,0
2019-12-11 09:50:00,40408.7,40418.1,40393.4,40393.4,0
2019-12-11 09:55:00,40360.9,40422.3,40135.4,40372.0,0
2019-12-11 10:00:00,40372.5,40400.1,40369.1,40400.0,0
2019-12-11 10:05:00,40399.3,40423.1,40398.2,40403.2,0
2019-12-11 10:10:00,40401.6,40418.4,40396.4,40406.4,0
2019-12-11 10:15:00,40407.2,40414.3,40392.5,40392.6,0
2019-12-11 10:20:00,40391.1,40404.4,40378.9,40403.9,0
2019-12-11 10:25:00,40403.4,40405.2,40390.2,40392.6,0
2019-12-11 10:30:00,40392.3,40394.4,40370.6,40377.4,0
2019-12-11 10:35:00,40374.9,40382.0,40357.3,40370.4,0
2019-12-11 10:40:00,40368.8,40391.5,40368.8,40382.2,0
2019-12-11 10:45:00,40383.4,40383.4,40343.8,40355.8,0
2019-12-11 10:50:00,40355.6,40355.6,40333.1,40341.3,0
2019-12-11 10:55:00,40340.0,40345.2,40330.1,40334.6,0
2019-12-11 11:00:00,40334.8,40340.1,40309.0,40338.7,0
2019-12-11 11:05:00,40340.5,40351.3,40328.9,40342.0,0
2019-12-11 11:10:00,40341.8,40352.6,40337.0,40351.1,0
2019-12-11 11:15:00,40350.7,40350.7,40316.1,40320.4,0
2019-12-11 11:20:00,40320.4,40338.4,40306.3,40335.1,0
2019-12-11 11:25:00,40333.9,40336.8,40309.3,40312.6,0
2019-12-11 11:30:00,40310.9,40324.2,40304.4,40314.4,0
2019-12-11 11:35:00,40314.2,40326.7,40290.6,40291.6,0
2019-12-11 11:40:00,40290.2,40310.9,40276.1,40278.1,0
2019-12-11 11:45:00,40276.8,40287.4,40268.5,40278.0,0
2019-12-11 11:50:00,40277.0,40286.3,40249.5,40254.6,0
2019-12-11 11:55:00,40257.6,40261.4,40236.7,40255.4,0
2019-12-11 12:00:00,40255.2,40296.5,40252.6,40280.7,0
2019-12-11 12:05:00,40282.2,40283.5,40267.5,40269.3,0
2019-12-11 12:10:00,40268.9,40291.4,40266.4,40275.0,0
2019-12-11 12:15:00,40274.6,40276.2,40247.7,40274.8,0
2019-12-11 12:20:00,40276.6,40279.6,40246.9,40255.0,0
2019-12-11 12:25:00,40257.6,40274.1,40254.5,40272.5,0
2019-12-11 12:30:00,40272.5,40314.8,40271.3,40277.7,0
2019-12-11 12:35:00,40278.2,40288.5,40265.0,40266.1,0
2019-12-11 12:40:00,40266.5,40284.9,40265.9,40277.8,0
2019-12-11 12:45:00,40277.0,40279.7,40251.5,40259.1,0
2019-12-11 12:50:00,40257.9,40273.4,40232.6,40246.0,0
2019-12-11 12:55:00,40245.6,40248.0,40225.3,40240.5,0
2019-12-11 13:00:00,40240.4,40252.0,40236.5,40240.4,0
2019-12-11 13:05:00,40241.4,40285.0,40240.3,40277.7,0
2019-12-11 13:10:00,40276.7,40285.2,40267.6,40271.2,0
2019-12-11 13:15:00,40271.8,40277.6,40258.5,40270.0,0
2019-12-11 13:20:00,40269.2,40310.0,40265.9,40296.5,0
2019-12-11 13:25:00,40294.6,40315.5,40289.4,40307.9,0
2019-12-11 13:30:00,40303.4,40344.5,40299.3,40332.3,0
2019-12-11 13:35:00,40330.8,40340.0,40303.3,40303.3,0
2019-12-11 13:40:00,40303.4,40327.9,40297.0,40297.0,0
2019-12-11 13:45:00,40296.6,40307.8,40288.7,40307.7,0
2019-12-11 13:50:00,40312.5,40328.6,40308.8,40324.1,0
2019-12-11 13:55:00,40322.5,40352.9,40316.4,40345.6,0
2019-12-11 14:00:00,40342.7,40343.0,40280.1,40280.1,0
2019-12-11 14:05:00,40278.3,40297.9,40277.2,40296.6,0
2019-12-11 14:10:00,40296.9,40311.1,40294.8,40301.2,0
2019-12-11 14:15:00,40299.7,40299.7,40227.0,40227.0,0
2019-12-11 14:20:00,40225.2,40231.6,40182.6,40193.2,0
2019-12-11 14:25:00,40192.6,40200.5,40178.7,40198.3,0
2019-12-11 14:30:00,40198.1,40200.5,40169.2,40191.5,0
2019-12-11 14:35:00,40191.0,40216.9,40184.3,40212.9,0
2019-12-11 14:40:00,40212.6,40233.9,40210.0,40218.4,0
2019-12-11 14:45:00,40217.3,40262.0,40217.2,40250.8,0
2019-12-11 14:50:00,40247.3,40250.6,40238.7,40244.5,0
2019-12-11 14:55:00,40246.0,40277.9,40245.2,40269.8,0
2019-12-11 15:00:00,40270.9,40340.3,40270.4,40336.5,0
2019-12-11 15:05:00,40341.0,40437.0,40340.7,40435.2,0
2019-12-11 15:10:00,40439.8,40466.1,40420.9,40431.7,0
2019-12-11 15:15:00,40431.6,40461.9,40424.9,40449.4,0
2019-12-11 15:20:00,40459.9,40461.0,40445.6,40445.6,0
2019-12-11 15:25:00,40444.8,40456.7,40428.0,40444.6,0
2019-12-12 09:15:00,40561.3,40561.3,40518.4,40536.9,0
2019-12-12 09:20:00,40533.3,40544.2,40496.8,40544.2,0
2019-12-12 09:25:00,40553.9,40565.6,40538.1,40544.0,0
2019-12-12 09:30:00,40543.1,40574.3,40539.2,40565.5,0
2019-12-12 09:35:00,40564.8,40578.2,40553.1,40560.8,0
2019-12-12 09:40:00,40561.8,40602.2,40560.9,40595.8,0
2019-12-12 09:45:00,40598.5,40637.0,40496.8,40603.4,0
2019-12-12 09:50:00,40601.8,40601.8,40567.7,40571.4,0
2019-12-12 09:55:00,40572.3,40582.1,40552.0,40580.3,0
2019-12-12 10:00:00,40583.0,40589.1,40554.0,40556.8,0
2019-12-12 10:05:00,40557.4,40566.4,40532.9,40563.2,0
2019-12-12 10:10:00,40561.9,40562.0,40539.7,40550.4,0
2019-12-12 10:15:00,40550.2,40550.2,40516.6,40520.2,0
2019-12-12 10:20:00,40518.9,40548.1,40518.9,40542.6,0
2019-12-12 10:25:00,40542.6,40544.8,40526.1,40533.1,0
2019-12-12 10:30:00,40534.8,40548.1,40530.4,40542.1,0
2019-12-12 10:35:00,40542.3,40552.1,40539.1,40543.4,0
2019-12-12 10:40:00,40542.6,40556.2,40534.0,40556.0,0
2019-12-12 10:45:00,40556.5,40583.2,40555.9,40560.2,0
2019-12-12 10:50:00,40559.1,40574.1,40551.8,40552.3,0
2019-12-12 10:55:00,40552.4,40570.1,40551.3,40567.4,0
2019-12-12 11:00:00,40567.1,40573.0,40549.3,40551.2,0
2019-12-12 11:05:00,40553.2,40560.9,40525.2,40530.5,0
2019-12-12 11:10:00,40530.3,40531.2,40506.1,40521.1,0
2019-12-12 11:15:00,40521.0,40522.4,40490.7,40511.4,0
2019-12-12 11:20:00,40511.1,40525.4,40504.0,40510.5,0
2019-12-12 11:25:00,40509.7,40527.0,40509.7,40518.9,0
2019-12-12 11:30:00,40519.6,40529.5,40510.2,40523.6,0
2019-12-12 11:35:00,40524.7,40526.9,40512.2,40516.6,0
2019-12-12 11:40:00,40520.1,40530.8,40514.1,40527.4,0
2019-12-12 11:45:00,40527.6,40555.4,40523.2,40549.2,0
2019-12-12 11:50:00,40550.9,40568.4,40541.8,40553.8,0
2019-12-12 11:55:00,40553.9,40555.8,40544.3,40548.8,0
2019-12-12 12:00:00,40549.2,40570.5,40545.6,40554.4,0
2019-12-12 12:05:00,40554.4,40560.5,40534.0,40541.0,0
2019-12-12 12:10:00,40541.9,40543.3,40526.9,40530.7,0
2019-12-12 12:15:00,40531.4,40538.8,40513.6,40538.0,0
2019-12-12 12:20:00,40538.5,40541.1,40520.5,40526.7,0
2019-12-12 12:25:00,40526.5,40526.5,40507.6,40520.9,0
2019-12-12 12:30:00,40522.1,40532.8,40519.4,40531.6,0
2019-12-12 12:35:00,40532.1,40533.8,40520.4,40530.7,0
2019-12-12 12:40:00,40529.2,40530.1,40504.9,40505.9,0
2019-12-12 12:45:00,40507.7,40517.4,40504.7,40508.6,0
2019-12-12 12:50:00,40508.6,40541.8,40506.1,40540.1,0
2019-12-12 12:55:00,40538.0,40541.4,40527.3,40534.5,0
2019-12-12 13:00:00,40535.1,40555.2,40530.4,40555.2,0
2019-12-12 13:05:00,40554.7,40574.2,40549.5,40558.3,0
2019-12-12 13:10:00,40560.4,40580.8,40556.8,40579.2,0
2019-12-12 13:15:00,40576.4,40603.9,40566.2,40569.9,0
2019-12-12 13:20:00,40568.6,40583.7,40545.4,40549.0,0
2019-12-12 13:25:00,40554.8,40574.7,40549.8,40572.8,0
2019-12-12 13:30:00,40572.6,40576.4,40564.5,40573.5,0
2019-12-12 13:35:00,40575.4,40584.7,40567.6,40569.4,0
2019-12-12 13:40:00,40570.2,40585.5,40562.2,40566.1,0
2019-12-12 13:45:00,40564.1,40637.0,40490.7,40584.2,0
2019-12-12 13:50:00,40582.8,40588.9,40568.5,40569.5,0
2019-12-12 13:55:00,40570.0,40590.5,40569.1,40580.1,0
2019-12-12 14:00:00,40580.2,40619.1,40570.7,40608.2,0
2019-12-12 14:05:00,40608.0,40629.4,40594.4,40625.8,0
2019-12-12 14:10:00,40626.3,40626.3,40608.6,40619.6,0
2019-12-12 14:15:00,40616.1,40638.3,40615.4,40623.0,0
2019-12-12 14:20:00,40623.8,40631.9,40608.2,40614.5,0
2019-12-12 14:25:00,40614.3,40641.5,40612.4,40635.5,0
2019-12-12 14:30:00,40636.2,40674.1,40626.2,40668.2,0
2019-12-12 14:35:00,40668.8,40669.4,40637.0,40659.1,0
2019-12-12 14:40:00,40654.6,40669.3,40648.9,40649.1,0
2019-12-12 14:45:00,40648.2,40696.7,40648.2,40694.9,0
2019-12-12 14:50:00,40696.8,40712.6,40673.6,40690.9,0
2019-12-12 14:55:00,40689.6,40694.1,40679.8,40688.7,0
2019-12-12 15:00:00,40691.5,40706.9,40650.5,40651.1,0
2019-12-12 15:05:00,40653.1,40712.6,40490.7,40643.3,0
2019-12-12 15:10:00,40643.3,40643.3,40598.9,40610.6,0
2019-12-12 15:15:00,40606.9,40648.2,40599.1,40630.7,0
2019-12-12 15:20:00,40627.7,40629.8,40573.3,40576.9,0
2019-12-12 15:25:00,40577.9,40600.2,40550.9,40585.5,0
2019-12-13 09:15:00,40754.8,40866.0,40736.7,40809.3,0
2019-12-13 09:20:00,40807.5,40828.6,40801.7,40818.9,0
2019-12-13 09:25:00,40819.5,40828.4,40790.6,40817.8,0
2019-12-13 09:30:00,40815.3,40866.0,40736.7,40843.5,0
2019-12-13 09:35:00,40845.3,40869.4,40836.1,40851.9,0
2019-12-13 09:40:00,40853.4,40864.1,40833.9,40848.6,0
2019-12-13 09:45:00,40848.3,40860.6,40827.3,40848.9,0
2019-12-13 09:50:00,40847.4,40857.0,40817.2,40817.9,0
2019-12-13 09:55:00,40816.1,40843.9,40811.7,40842.9,0
2019-12-13 10:00:00,40844.5,40859.2,40828.8,40859.2,0
2019-12-13 10:05:00,40856.4,40876.4,40842.8,40864.9,0
2019-12-13 10:10:00,40865.1,40905.5,40864.4,40903.7,0
2019-12-13 10:15:00,40905.0,40938.0,40904.2,40933.0,0
2019-12-13 10:20:00,40930.3,40939.1,40912.5,40936.8,0
2019-12-13 10:25:00,40934.6,40934.9,40895.1,40895.1,0
2019-12-13 10:30:00,40895.2,40923.4,40891.7,40919.0,0
2019-12-13 10:35:00,40918.1,40941.9,40908.6,40941.0,0
2019-12-13 10:40:00,40940.8,40947.0,40916.8,40917.6,0
2019-12-13 10:45:00,40918.3,40930.4,40911.9,40917.1,0
2019-12-13 10:50:00,40915.6,40947.0,40736.7,40919.8,0
2019-12-13 10:55:00,40919.2,40945.2,40914.4,40931.9,0
2019-12-13 11:00:00,40932.1,40944.9,40916.2,40918.3,0
2019-12-13 11:05:00,40917.9,40938.8,40912.2,40934.1,0
2019-12-13 11:10:00,40935.7,40940.3,40920.8,40921.9,0
2019-12-13 11:15:00,40921.4,40921.4,40889.9,40894.7,0
2019-12-13 11:20:00,40893.9,40907.9,40885.5,40889.4,0
2019-12-13 11:25:00,40889.1,40889.3,40857.3,40868.6,0
2019-12-13 11:30:00,40869.0,40874.7,40855.8,40870.7,0
2019-12-13 11:35:00,40871.8,40896.6,40862.5,40896.2,0
2019-12-13 11:40:00,40895.2,40897.2,40886.9,40890.8,0
2019-12-13 11:45:00,40890.5,40911.4,40890.5,40911.4,0
2019-12-13 11:50:00,40911.6,40913.4,40885.7,40888.3,0
2019-12-13 11:55:00,40889.2,40903.0,40887.6,40902.9,0
2019-12-13 12:00:00,40901.2,40921.9,40901.2,40912.0,0
2019-12-13 12:05:00,40910.7,40917.1,40902.7,40913.7,0
2019-12-13 12:10:00,40914.4,40931.7,40910.1,40931.7,0
2019-12-13 12:15:00,40932.4,40953.1,40932.4,40937.9,0
2019-12-13 12:20:00,40937.6,40959.0,40936.3,40947.8,0
2019-12-13 12:25:00,40946.3,40949.2,40927.7,40928.4,0
2019-12-13 12:30:00,40926.0,40926.0,40907.8,40918.6,0
2019-12-13 12:35:00,40918.6,40940.0,40918.6,40936.8,0
2019-12-13 12:40:00,40935.4,40936.7,40912.2,40912.4,0
2019-12-13 12:45:00,40913.2,40940.9,40909.1,40940.9,0
2019-12-13 12:50:00,40939.6,40963.8,40932.2,40950.2,0
2019-12-13 12:55:00,40950.4,40969.6,40950.4,40959.3,0
2019-12-13 13:00:00,40958.4,40994.7,40955.0,40994.6,0
2019-12-13 13:05:00,40996.9,41005.1,40960.7,40975.9,0
2019-12-13 13:10:00,40975.9,40985.7,40965.4,40967.5,0
2019-12-13 13:15:00,40969.5,41004.1,40969.4,41000.6,0
2019-12-13 13:20:00,40998.5,41009.7,40987.6,40995.3,0
2019-12-13 13:25:00,40996.1,41011.0,40990.2,41001.8,0
2019-12-13 13:30:00,41001.6,41008.5,40965.2,40977.4,0
2019-12-13 13:35:00,40977.6,40987.8,40952.8,40986.3,0
2019-12-13 13:40:00,40984.1,41029.1,40982.4,41011.9,0
2019-12-13 13:45:00,41010.8,41030.5,40996.8,40999.8,0
2019-12-13 13:50:00,40999.9,41013.3,40992.0,41003.0,0
2019-12-13 13:55:00,41005.5,41005.5,40981.3,40982.3,0
2019-12-13 14:00:00,40982.3,41026.5,40981.0,41023.8,0
2019-12-13 14:05:00,41023.9,41026.0,41005.9,41017.0,0
2019-12-13 14:10:00,41017.4,41020.3,40980.3,40980.3,0
2019-12-13 14:15:00,40981.6,41016.9,40957.3,41009.1,0
2019-12-13 14:20:00,41006.7,41007.6,40989.0,40998.2,0
2019-12-13 14:25:00,41011.0,41032.7,40998.4,41003.5,0
2019-12-13 14:30:00,41004.6,41020.9,40988.8,40989.9,0
2019-12-13 14:35:00,40988.2,41032.7,40736.7,40991.1,0
2019-12-13 14:40:00,40991.9,41019.2,40991.9,41002.5,0
2019-12-13 14:45:00,41002.7,41003.6,40969.4,40972.1,0
2019-12-13 14:50:00,40973.6,41032.7,40736.7,41009.8,0
2019-12-13 14:55:00,41021.2,41032.7,40736.7,41024.0,0
2019-12-13 15:00:00,41028.1,41055.8,41023.7,41031.9,0
2019-12-13 15:05:00,41034.3,41047.2,41023.9,41035.2,0
2019-12-13 15:10:00,41033.3,41054.4,41030.5,41042.6,0
2019-12-13 15:15:00,41042.5,41044.2,40976.9,40987.6,0
2019-12-13 15:20:00,40987.5,40999.0,40967.5,40995.1,0
2019-12-13 15:25:00,40994.6,41030.0,40992.0,41023.5,0
2019-12-16 09:15:00,41168.9,41185.0,41095.7,41102.6,0
2019-12-16 09:20:00,41105.2,41116.8,41064.8,41105.4,0
2019-12-16 09:25:00,41106.6,41110.8,41077.2,41085.9,0
2019-12-16 09:30:00,41085.5,41085.5,41019.7,41023.1,0
2019-12-16 09:35:00,41022.8,41052.1,41015.6,41051.5,0
2019-12-16 09:40:00,41050.7,41071.6,40986.1,40991.1,0
2019-12-16 09:45:00,40990.2,41019.7,40984.6,41012.0,0
2019-12-16 09:50:00,41007.6,41044.7,41003.2,41026.9,0
2019-12-16 09:55:00,41027.1,41049.3,41012.5,41037.0,0
2019-12-16 10:00:00,41036.6,41185.0,40984.6,41052.0,0
2019-12-16 10:05:00,41051.8,41070.9,41038.8,41039.2,0
2019-12-16 10:10:00,41037.6,41047.7,41019.1,41045.4,0
2019-12-16 10:15:00,41046.6,41052.7,41015.9,41016.6,0
2019-12-16 10:20:00,41016.2,41016.3,40994.6,40999.1,0
2019-12-16 10:25:00,40999.9,41025.2,40995.6,41003.6,0
2019-12-16 10:30:00,41008.2,41019.6,41001.0,41010.8,0
2019-12-16 10:35:00,41007.6,41020.3,41000.8,41009.4,0
2019-12-16 10:40:00,41008.0,41034.3,41005.7,41031.7,0
2019-12-16 10:45:00,41032.1,41047.1,41017.2,41028.7,0
2019-12-16 10:50:00,41028.7,41029.9,40999.0,40999.0,0
2019-12-16 10:55:00,40997.2,41010.0,40990.9,40994.6,0
2019-12-16 11:00:00,40993.3,41005.4,40976.2,41001.5,0
2019-12-16 11:05:00,41004.1,41027.8,41003.9,41010.4,0
2019-12-16 11:10:00,41011.4,41035.2,41005.9,41032.1,0
2019-12-16 11:15:00,41031.9,41046.2,41029.5,41039.6,0
2019-12-16 11:20:00,41039.1,41045.6,41018.5,41037.1,0
2019-12-16 11:25:00,41036.7,41045.2,41022.0,41025.0,0
2019-12-16 11:30:00,41025.1,41025.1,41010.0,41012.9,0
2019-12-16 11:35:00,41012.6,41012.6,40991.3,40998.6,0
2019-12-16 11:40:00,40999.8,41003.4,40982.7,41002.9,0
2019-12-16 11:45:00,41002.0,41018.6,40998.2,41017.1,0
2019-12-16 11:50:00,41018.6,41035.2,41018.6,41022.2,0
2019-12-16 11:55:00,41021.7,41031.7,41013.8,41027.5,0
2019-12-16 12:00:00,41025.9,41028.9,41013.8,41022.4,0
2019-12-16 12:05:00,41023.9,41030.8,41014.9,41017.9,0
2019-12-16 12:10:00,41018.9,41026.8,40964.9,40986.8,0
2019-12-16 12:15:00,40987.2,40988.9,40951.1,40971.2,0
2019-12-16 12:20:00,40969.6,40979.5,40965.7,40970.2,0
2019-12-16 12:25:00,40967.0,40986.7,40965.3,40983.5,0
2019-12-16 12:30:00,40983.8,41002.7,40977.1,40980.1,0
2019-12-16 12:35:00,40980.1,41003.1,40979.6,40991.8,0
2019-12-16 12:40:00,40992.8,41005.6,40987.4,41004.1,0
2019-12-16 12:45:00,41004.2,41018.0,40993.5,40996.2,0
2019-12-16 12:50:00,40997.7,41011.4,40995.6,41009.2,0
2019-12-16 12:55:00,41007.8,41022.4,41007.7,41016.0,0
2019-12-16 13:00:00,41017.2,41026.6,41015.0,41020.3,0
2019-12-16 13:05:00,41021.2,41024.2,40999.0,41010.8,0
2019-12-16 13:10:00,41012.6,41026.2,41001.7,41024.1,0
2019-12-16 13:15:00,41024.1,41078.6,41022.6,41049.7,0
2019-12-16 13:20:00,41049.7,41057.1,41038.8,41043.4,0
2019-12-16 13:25:00,41042.7,41057.5,41023.8,41030.2,0
2019-12-16 13:30:00,41028.9,41056.9,41027.5,41054.6,0
2019-12-16 13:35:00,41055.3,41077.5,41055.2,41065.0,0
2019-12-16 13:40:00,41065.0,41091.7,41057.4,41088.7,0
2019-12-16 13:45:00,41090.0,41101.4,41082.1,41082.8,0
2019-12-16 13:50:00,41083.2,41083.5,41061.1,41070.8,0
2019-12-16 13:55:00,41069.9,41080.9,41069.9,41077.1,0
2019-12-16 14:00:00,41074.4,41090.4,41070.8,41089.2,0
2019-12-16 14:05:00,41090.9,41091.3,41052.3,41057.1,0
2019-12-16 14:10:00,41057.4,41077.9,41054.9,41077.5,0
2019-12-16 14:15:00,41077.5,41080.0,41068.5,41072.6,0
2019-12-16 14:20:00,41072.0,41078.3,41068.5,41073.0,0
2019-12-16 14:25:00,41075.0,41075.5,41017.1,41024.9,0
2019-12-16 14:30:00,41024.5,41044.0,41020.1,41043.6,0
2019-12-16 14:35:00,41045.4,41066.3,41044.9,41046.2,0
2019-12-16 14:40:00,41046.5,41048.8,41011.4,41011.4,0
2019-12-16 14:45:00,41011.1,41025.4,41003.3,41017.6,0
2019-12-16 14:50:00,41015.6,41044.5,41010.0,41020.0,0
2019-12-16 14:55:00,41020.5,41029.1,41008.9,41019.5,0
2019-12-16 15:00:00,41019.5,41019.5,40937.6,40951.7,0
2019-12-16 15:05:00,40952.5,40959.5,40917.9,40950.2,0
2019-12-16 15:10:00,40947.2,40952.9,40924.3,40947.8,0
2019-12-16 15:15:00,40944.4,40946.0,40928.7,40938.1,0
2019-12-16 15:20:00,40938.2,40957.8,40923.8,40957.8,0
2019-12-16 15:25:00,40959.6,40973.2,40942.6,40967.4,0
2019-12-17 09:15:00,41052.4,41076.5,41005.2,41031.87,0
2019-12-17 09:20:00,41033.0,41099.8,41033.0,41099.8,0
2019-12-17 09:25:00,41103.2,41126.4,41093.7,41111.8,0
2019-12-17 09:30:00,41114.8,41150.5,41114.4,41135.3,0
2019-12-17 09:35:00,41135.7,41147.1,41121.6,41147.1,0
2019-12-17 09:40:00,41146.8,41164.1,41143.1,41150.9,0
2019-12-17 09:45:00,41149.3,41182.7,41148.0,41177.4,0
2019-12-17 09:50:00,41175.9,41208.0,41171.7,41203.6,0
2019-12-17 09:55:00,41203.6,41203.6,41176.3,41197.3,0
2019-12-17 10:00:00,41197.2,41201.6,41183.3,41195.9,0
2019-12-17 10:05:00,41197.2,41205.1,41181.6,41192.4,0
2019-12-17 10:10:00,41193.4,41236.3,41193.3,41214.7,0
2019-12-17 10:15:00,41215.3,41228.4,41215.3,41223.2,0
2019-12-17 10:20:00,41222.5,41243.5,41212.0,41233.4,0
2019-12-17 10:25:00,41234.9,41262.9,41234.4,41244.4,0
2019-12-17 10:30:00,41245.6,41251.0,41237.2,41238.8,0
2019-12-17 10:35:00,41239.4,41262.9,41005.2,41203.0,0
2019-12-17 10:40:00,41203.4,41228.5,41200.4,41221.1,0
2019-12-17 10:45:00,41223.1,41237.7,41222.7,41231.6,0
2019-12-17 10:50:00,41231.6,41243.5,41221.6,41241.8,0
2019-12-17 10:55:00,41245.7,41245.7,41228.1,41241.0,0
2019-12-17 11:00:00,41239.9,41250.0,41222.3,41222.3,0
2019-12-17 11:05:00,41224.7,41248.9,41223.8,41243.2,0
2019-12-17 11:10:00,41243.2,41252.0,41238.2,41249.4,0
2019-12-17 11:15:00,41249.4,41255.5,41239.0,41250.8,0
2019-12-17 11:20:00,41251.1,41259.9,41243.1,41253.9,0
2019-12-17 11:25:00,41254.2,41260.1,41242.0,41248.1,0
2019-12-17 11:30:00,41248.4,41263.4,41243.8,41244.5,0
2019-12-17 11:35:00,41243.7,41244.6,41197.5,41201.4,0
2019-12-17 11:40:00,41200.8,41219.7,41189.1,41214.4,0
2019-12-17 11:45:00,41212.6,41229.9,41212.5,41215.9,0
2019-12-17 11:50:00,41216.7,41224.9,41206.4,41224.9,0
2019-12-17 11:55:00,41225.3,41243.9,41225.3,41241.5,0
2019-12-17 12:00:00,41240.6,41241.8,41224.5,41230.1,0
2019-12-17 12:05:00,41228.3,41235.1,41217.8,41228.3,0
2019-12-17 12:10:00,41229.3,41253.5,41227.5,41251.4,0
2019-12-17 12:15:00,41252.1,41256.8,41241.1,41250.7,0
2019-12-17 12:20:00,41250.1,41259.3,41249.7,41253.5,0
2019-12-17 12:25:00,41254.3,41260.4,41245.6,41260.4,0
2019-12-17 12:30:00,41260.9,41292.6,41258.5,41285.0,0
2019-12-17 12:35:00,41286.5,41291.9,41268.5,41278.9,0
2019-12-17 12:40:00,41279.0,41293.0,41275.9,41278.8,0
2019-12-17 12:45:00,41276.1,41285.3,41272.0,41278.6,0
2019-12-17 12:50:00,41278.5,41287.8,41270.1,41284.1,0
2019-12-17 12:55:00,41282.7,41299.3,41274.5,41298.9,0
2019-12-17 13:00:00,41300.4,41308.6,41284.2,41289.9,0
2019-12-17 13:05:00,41290.3,41296.7,41269.9,41276.1,0
2019-12-17 13:10:00,41276.9,41277.4,41257.4,41263.6,0
2019-12-17 13:15:00,41263.1,41278.8,41259.8,41273.9,0
2019-12-17 13:20:00,41272.7,41297.2,41267.6,41296.6,0
2019-12-17 13:25:00,41297.6,41302.8,41288.2,41295.8,0
2019-12-17 13:30:00,41296.4,41307.3,41276.0,41280.8,0
2019-12-17 13:35:00,41283.4,41286.0,41264.9,41271.2,0
2019-12-17 13:40:00,41269.2,41288.5,41268.7,41284.6,0
2019-12-17 13:45:00,41285.7,41290.0,41260.0,41271.3,0
2019-12-17 13:50:00,41271.4,41305.3,41270.9,41287.9,0
2019-12-17 13:55:00,41288.1,41303.9,41270.9,41270.9,0
2019-12-17 14:00:00,41275.7,41282.0,41235.6,41255.6,0
2019-12-17 14:05:00,41252.7,41289.6,41247.3,41271.5,0
2019-12-17 14:10:00,41271.0,41271.0,41247.5,41262.2,0
2019-12-17 14:15:00,41263.6,41267.7,41245.0,41267.7,0
2019-12-17 14:20:00,41267.6,41270.6,41254.6,41268.6,0
2019-12-17 14:25:00,41265.9,41289.7,41261.0,41280.1,0
2019-12-17 14:30:00,41280.9,41289.3,41268.8,41273.6,0
2019-12-17 14:35:00,41272.0,41282.7,41246.6,41257.0,0
2019-12-17 14:40:00,41259.8,41280.4,41254.7,41263.7,0
2019-12-17 14:45:00,41262.9,41276.0,41260.5,41268.1,0
2019-12-17 14:50:00,41268.3,41272.5,41252.1,41264.2,0
2019-12-17 14:55:00,41264.3,41295.1,41264.1,41286.1,0
2019-12-17 15:00:00,41288.6,41324.2,41288.4,41322.4,0
2019-12-17 15:05:00,41322.0,41339.6,41310.8,41320.8,0
2019-12-17 15:10:00,41322.6,41356.2,41320.3,41354.8,0
2019-12-17 15:15:00,41348.8,41358.3,41336.7,41355.8,0
2019-12-17 15:20:00,41355.9,41379.3,41347.8,41377.0,0
2019-12-17 15:25:00,41373.1,41401.6,41005.2,41380.2,0
2019-12-18 09:15:00,41442.8,41480.9,41374.9,41411.0,0
2019-12-18 09:20:00,41411.0,41431.3,41377.3,41431.3,0
2019-12-18 09:25:00,41429.1,41445.8,41408.6,41428.7,0
2019-12-18 09:30:00,41428.1,41429.2,41395.5,41396.2,0
2019-12-18 09:35:00,41395.8,41434.0,41393.9,41427.1,0
2019-12-18 09:40:00,41428.5,41474.5,41427.9,41458.0,0
2019-12-18 09:45:00,41458.2,41469.8,41431.3,41448.4,0
2019-12-18 09:50:00,41445.8,41455.5,41434.7,41437.4,0
2019-12-18 09:55:00,41437.4,41452.2,41424.3,41435.0,0
2019-12-18 10:00:00,41436.2,41443.9,41411.2,41423.5,0
2019-12-18 10:05:00,41422.8,41429.6,41388.3,41390.1,0
2019-12-18 10:10:00,41390.0,41425.2,41384.0,41421.6,0
2019-12-18 10:15:00,41422.6,41428.8,41412.7,41415.5,0
2019-12-18 10:20:00,41416.2,41421.1,41378.7,41384.9,0
2019-12-18 10:25:00,41387.8,41389.1,41358.5,41375.0,0
2019-12-18 10:30:00,41372.9,41409.2,41372.9,41393.1,0
2019-12-18 10:35:00,41393.8,41410.8,41386.6,41407.2,0
2019-12-18 10:40:00,41406.4,41420.1,41405.9,41406.9,0
2019-12-18 10:45:00,41406.0,41423.5,41405.3,41423.5,0
2019-12-18 10:50:00,41421.3,41435.1,41409.2,41428.6,0
2019-12-18 10:55:00,41430.0,41433.4,41409.9,41412.8,0
2019-12-18 11:00:00,41412.3,41435.0,41406.0,41426.1,0
2019-12-18 11:05:00,41426.2,41428.6,41408.7,41409.7,0
2019-12-18 11:10:00,41410.6,41414.5,41398.9,41413.5,0
2019-12-18 11:15:00,41413.2,41416.8,41393.1,41396.5,0
2019-12-18 11:20:00,41396.2,41414.4,41392.2,41414.1,0
2019-12-18 11:25:00,41414.3,41435.5,41413.0,41432.1,0
2019-12-18 11:30:00,41432.1,41436.2,41421.5,41423.1,0
2019-12-18 11:35:00,41423.9,41434.2,41416.2,41419.9,0
2019-12-18 11:40:00,41419.4,41428.0,41413.0,41427.6,0
2019-12-18 11:45:00,41425.8,41428.4,41400.6,41416.8,0
2019-12-18 11:50:00,41417.6,41430.8,41412.3,41426.6,0
2019-12-18 11:55:00,41426.6,41445.9,41425.3,41443.8,0
2019-12-18 12:00:00,41443.0,41443.0,41431.6,41436.0,0
2019-12-18 12:05:00,41436.0,41475.4,41430.6,41473.2,0
2019-12-18 12:10:00,41473.2,41491.0,41453.3,41462.3,0
2019-12-18 12:15:00,41463.4,41470.5,41444.6,41452.5,0
2019-12-18 12:20:00,41453.3,41453.4,41436.6,41453.2,0
2019-12-18 12:25:00,41455.1,41469.1,41439.6,41465.0,0
2019-12-18 12:30:00,41465.4,41485.8,41465.4,41482.7,0
2019-12-18 12:35:00,41482.9,41502.2,41482.9,41485.7,0
2019-12-18 12:40:00,41493.2,41507.3,41482.1,41495.3,0
2019-12-18 12:45:00,41494.9,41500.9,41478.1,41484.2,0
2019-12-18 12:50:00,41485.5,41521.0,41483.2,41507.6,0
2019-12-18 12:55:00,41508.8,41536.4,41507.1,41517.2,0
2019-12-18 13:00:00,41518.3,41542.0,41510.4,41538.8,0
2019-12-18 13:05:00,41538.9,41553.4,41516.9,41526.9,0
2019-12-18 13:10:00,41529.3,41544.9,41515.5,41517.4,0
2019-12-18 13:15:00,41518.1,41520.2,41482.6,41484.7,0
2019-12-18 13:20:00,41487.8,41501.4,41483.7,41489.5,0
2019-12-18 13:25:00,41491.1,41501.9,41458.9,41463.9,0
2019-12-18 13:30:00,41463.2,41473.8,41453.6,41464.5,0
2019-12-18 13:35:00,41463.6,41474.4,41450.1,41467.5,0
2019-12-18 13:40:00,41468.0,41505.2,41465.4,41484.0,0
2019-12-18 13:45:00,41484.3,41511.2,41484.3,41506.7,0
2019-12-18 13:50:00,41505.4,41507.1,41482.8,41485.5,0
2019-12-18 13:55:00,41485.9,41508.8,41475.4,41476.2,0
2019-12-18 14:00:00,41475.8,41483.6,41466.5,41468.4,0
2019-12-18 14:05:00,41468.7,41493.3,41461.6,41465.3,0
2019-12-18 14:10:00,41467.1,41469.2,41445.5,41465.7,0
2019-12-18 14:15:00,41467.3,41530.0,41463.3,41513.8,0
2019-12-18 14:20:00,41514.4,41522.1,41487.2,41488.7,0
2019-12-18 14:25:00,41487.5,41493.3,41477.7,41484.2,0
2019-12-18 14:30:00,41485.8,41521.7,41483.2,41503.6,0
2019-12-18 14:35:00,41503.3,41517.9,41494.5,41494.5,0
2019-12-18 14:40:00,41496.5,41506.2,41476.7,41503.7,0
2019-12-18 14:45:00,41500.9,41513.1,41481.9,41513.1,0
2019-12-18 14:50:00,41515.8,41539.2,41502.1,41523.9,0
2019-12-18 14:55:00,41523.5,41528.8,41497.5,41522.8,0
2019-12-18 15:00:00,41521.2,41579.2,41520.3,41562.9,0
2019-12-18 15:05:00,41565.9,41614.8,41564.6,41611.7,0
2019-12-18 15:10:00,41606.3,41606.3,41492.7,41533.3,0
2019-12-18 15:15:00,41536.0,41548.3,41504.5,41538.6,0
2019-12-18 15:20:00,41540.4,41583.3,41531.1,41580.1,0
2019-12-18 15:25:00,41580.0,41614.8,41358.5,41570.3,0
2019-12-19 09:15:00,41571.8,41591.2,41488.3,41509.8,0
2019-12-19 09:20:00,41509.7,41554.3,41502.6,41543.9,0
2019-12-19 09:25:00,41545.8,41563.9,41528.0,41538.5,0
2019-12-19 09:30:00,41539.0,41541.0,41487.5,41491.5,0
2019-12-19 09:35:00,41498.2,41502.9,41469.6,41495.0,0
2019-12-19 09:40:00,41494.7,41495.6,41456.4,41487.3,0
2019-12-19 09:45:00,41491.5,41497.4,41471.9,41484.3,0
2019-12-19 09:50:00,41484.2,41509.6,41484.1,41502.1,0
2019-12-19 09:55:00,41500.9,41502.7,41483.6,41484.9,0
2019-12-19 10:00:00,41482.9,41506.3,41469.2,41503.4,0
2019-12-19 10:05:00,41505.8,41516.6,41487.3,41489.3,0
2019-12-19 10:10:00,41489.4,41521.1,41489.3,41520.3,0
2019-12-19 10:15:00,41519.2,41519.2,41496.2,41510.7,0
2019-12-19 10:20:00,41512.4,41512.4,41460.5,41470.8,0
2019-12-19 10:25:00,41469.4,41484.3,41456.8,41456.8,0
2019-12-19 10:30:00,41457.7,41498.6,41457.7,41495.1,0
2019-12-19 10:35:00,41496.2,41515.7,41487.7,41487.7,0
2019-12-19 10:40:00,41487.8,41521.3,41487.8,41515.3,0
2019-12-19 10:45:00,41516.2,41517.1,41495.9,41500.8,0
2019-12-19 10:50:00,41500.0,41528.0,41492.5,41522.7,0
2019-12-19 10:55:00,41523.0,41540.1,41520.7,41538.4,0
2019-12-19 11:00:00,41540.4,41570.8,41536.9,41561.4,0
2019-12-19 11:05:00,41561.5,41579.1,41545.0,41575.6,0
2019-12-19 11:10:00,41576.4,41587.7,41575.6,41581.3,0
2019-12-19 11:15:00,41581.5,41581.6,41553.9,41559.2,0
2019-12-19 11:20:00,41558.8,41580.1,41552.3,41580.1,0
2019-12-19 11:25:00,41579.5,41606.0,41578.1,41602.9,0
2019-12-19 11:30:00,41601.7,41614.7,41586.1,41613.9,0
2019-12-19 11:35:00,41612.4,41617.3,41600.4,41608.7,0
2019-12-19 11:40:00,41609.4,41647.0,41606.0,41646.6,0
2019-12-19 11:45:00,41646.6,41654.3,41632.4,41653.9,0
2019-12-19 11:50:00,41653.6,41653.6,41622.4,41635.1,0
2019-12-19 11:55:00,41635.0,41635.0,41605.4,41629.9,0
2019-12-19 12:00:00,41629.7,41646.2,41622.1,41645.8,0
2019-12-19 12:05:00,41647.3,41669.9,41646.8,41658.9,0
2019-12-19 12:10:00,41658.6,41665.4,41636.2,41651.5,0
2019-12-19 12:15:00,41648.8,41654.4,41636.3,41642.2,0
2019-12-19 12:20:00,41644.3,41684.9,41644.3,41678.8,0
2019-12-19 12:25:00,41680.8,41685.8,41671.9,41684.4,0
2019-12-19 12:30:00,41686.2,41692.1,41670.8,41688.4,0
2019-12-19 12:35:00,41688.5,41698.4,41681.7,41687.7,0
2019-12-19 12:40:00,41686.8,41687.9,41653.4,41665.4,0
2019-12-19 12:45:00,41666.6,41679.3,41662.6,41665.2,0
2019-12-19 12:50:00,41664.9,41671.0,41656.4,41662.1,0
2019-12-19 12:55:00,41660.4,41670.8,41610.2,41622.4,0
2019-12-19 13:00:00,41623.0,41623.7,41580.6,41596.5,0
2019-12-19 13:05:00,41595.4,41617.3,41593.9,41615.4,0
2019-12-19 13:10:00,41614.0,41626.2,41595.0,41598.4,0
2019-12-19 13:15:00,41599.6,41638.1,41599.6,41627.6,0
2019-12-19 13:20:00,41631.9,41648.3,41627.5,41644.9,0
2019-12-19 13:25:00,41644.8,41646.7,41622.0,41634.9,0
2019-12-19 13:30:00,41636.1,41641.1,41633.3,41633.9,0
2019-12-19 13:35:00,41631.9,41657.3,41631.7,41653.3,0
2019-12-19 13:40:00,41653.3,41653.9,41640.9,41652.7,0
2019-12-19 13:45:00,41654.5,41698.4,41456.4,41671.8,0
2019-12-19 13:50:00,41673.3,41673.3,41659.4,41667.8,0
2019-12-19 13:55:00,41668.3,41668.3,41643.4,41647.8,0
2019-12-19 14:00:00,41648.5,41649.7,41633.3,41646.3,0
2019-12-19 14:05:00,41644.2,41655.0,41639.8,41655.0,0
2019-12-19 14:10:00,41651.7,41673.1,41651.7,41669.7,0
2019-12-19 14:15:00,41667.2,41688.3,41666.7,41688.3,0
2019-12-19 14:20:00,41688.1,41689.8,41649.9,41662.0,0
2019-12-19 14:25:00,41661.8,41689.1,41660.9,41677.3,0
2019-12-19 14:30:00,41676.8,41691.8,41667.2,41687.1,0
2019-12-19 14:35:00,41686.2,41686.4,41658.6,41663.7,0
2019-12-19 14:40:00,41662.5,41674.1,41662.0,41665.8,0
2019-12-19 14:45:00,41664.4,41666.9,41617.1,41625.9,0
2019-12-19 14:50:00,41627.4,41698.4,41456.4,41655.7,0
2019-12-19 14:55:00,41655.3,41657.0,41629.4,41639.6,0
2019-12-19 15:00:00,41642.7,41684.0,41642.5,41654.6,0
2019-12-19 15:05:00,41654.2,41670.8,41628.6,41670.8,0
2019-12-19 15:10:00,41672.5,41690.6,41670.6,41677.7,0
2019-12-19 15:15:00,41681.4,41719.3,41678.0,41710.7,0
2019-12-19 15:20:00,41710.9,41715.4,41688.6,41700.3,0
2019-12-19 15:25:00,41698.9,41711.4,41683.1,41694.1,0
2019-12-20 09:15:00,41746.2,41774.0,41676.6,41774.0,0
2019-12-20 09:20:00,41773.7,41810.0,41770.4,41784.0,0
2019-12-20 09:25:00,41786.2,41795.0,41761.5,41769.7,0
2019-12-20 09:30:00,41770.2,41774.2,41732.5,41753.7,0
2019-12-20 09:35:00,41756.3,41783.3,41750.1,41773.8,0
2019-12-20 09:40:00,41772.4,41798.4,41765.3,41786.9,0
2019-12-20 09:45:00,41785.8,41788.4,41759.2,41768.2,0
2019-12-20 09:50:00,41768.3,41774.6,41737.0,41737.6,0
2019-12-20 09:55:00,41735.9,41810.0,41676.6,41744.6,0
2019-12-20 10:00:00,41744.1,41771.9,41740.2,41768.0,0
2019-12-20 10:05:00,41769.2,41773.8,41746.9,41773.5,0
2019-12-20 10:10:00,41773.7,41774.1,41738.0,41740.5,0
2019-12-20 10:15:00,41740.4,41751.0,41719.8,41743.6,0
2019-12-20 10:20:00,41746.1,41752.7,41709.3,41713.4,0
2019-12-20 10:25:00,41712.2,41712.2,41676.4,41700.3,0
2019-12-20 10:30:00,41701.6,41709.8,41670.4,41677.9,0
2019-12-20 10:35:00,41677.9,41704.0,41656.1,41699.9,0
2019-12-20 10:40:00,41699.3,41730.9,41694.2,41730.0,0
2019-12-20 10:45:00,41730.1,41739.1,41718.4,41734.7,0
2019-12-20 10:50:00,41734.6,41759.8,41733.4,41751.1,0
2019-12-20 10:55:00,41750.7,41768.2,41747.2,41753.6,0
2019-12-20 11:00:00,41753.6,41761.5,41738.5,41740.6,0
2019-12-20 11:05:00,41739.2,41741.5,41718.5,41734.0,0
2019-12-20 11:10:00,41734.7,41745.0,41730.3,41738.4,0
2019-12-20 11:15:00,41737.3,41737.3,41720.4,41724.3,0
2019-12-20 11:20:00,41723.1,41751.1,41719.8,41749.1,0
2019-12-20 11:25:00,41749.5,41766.6,41745.6,41750.8,0
2019-12-20 11:30:00,41751.8,41770.0,41749.9,41762.8,0
2019-12-20 11:35:00,41763.7,41764.9,41741.5,41745.6,0
2019-12-20 11:40:00,41745.6,41756.0,41734.8,41745.1,0
2019-12-20 11:45:00,41744.6,41749.4,41730.6,41745.3,0
2019-12-20 11:50:00,41743.7,41748.6,41731.8,41735.0,0
2019-12-20 11:55:00,41735.4,41735.5,41701.6,41703.5,0
2019-12-20 12:00:00,41703.1,41810.0,41656.1,41717.6,0
2019-12-20 12:05:00,41716.6,41744.8,41713.2,41734.6,0
2019-12-20 12:10:00,41734.1,41745.2,41729.2,41745.2,0
2019-12-20 12:15:00,41744.2,41748.1,41726.7,41741.6,0
2019-12-20 12:20:00,41742.3,41756.5,41736.1,41747.9,0
2019-12-20 12:25:00,41747.8,41751.3,41738.0,41741.6,0
2019-12-20 12:30:00,41742.5,41748.2,41733.0,41733.0,0
2019-12-20 12:35:00,41734.9,41747.8,41728.4,41745.5,0
2019-12-20 12:40:00,41745.4,41810.0,41656.1,41732.5,0
2019-12-20 12:45:00,41728.8,41730.6,41721.8,41724.0,0
2019-12-20 12:50:00,41724.7,41745.9,41722.4,41740.3,0
2019-12-20 12:55:00,41740.5,41752.3,41721.4,41730.7,0
2019-12-20 13:00:00,41729.5,41741.0,41706.4,41721.1,0
2019-12-20 13:05:00,41719.3,41725.4,41709.2,41715.9,0
2019-12-20 13:10:00,41714.1,41725.7,41686.3,41687.7,0
2019-12-20 13:15:00,41688.1,41720.5,41685.9,41703.1,0
2019-12-20 13:20:00,41701.3,41711.5,41696.0,41701.2,0
2019-12-20 13:25:00,41700.7,41711.6,41693.3,41693.3,0
2019-12-20 13:30:00,41693.1,41693.1,41654.3,41656.4,0
2019-12-20 13:35:00,41654.7,41700.5,41646.7,41699.2,0
2019-12-20 13:40:00,41699.0,41710.1,41676.0,41706.8,0
2019-12-20 13:45:00,41705.3,41710.5,41690.5,41695.9,0
2019-12-20 13:50:00,41695.1,41695.3,41669.5,41671.6,0
2019-12-20 13:55:00,41671.8,41684.1,41668.7,41674.1,0
2019-12-20 14:00:00,41674.1,41689.1,41668.9,41675.2,0
2019-12-20 14:05:00,41676.2,41686.8,41661.7,41685.7,0
2019-12-20 14:10:00,41684.7,41734.7,41684.7,41726.9,0
2019-12-20 14:15:00,41725.7,41727.3,41699.7,41708.3,0
2019-12-20 14:20:00,41708.4,41722.7,41706.1,41714.2,0
2019-12-20 14:25:00,41714.7,41746.6,41713.3,41745.9,0
2019-12-20 14:30:00,41738.8,41810.0,41646.7,41702.8,0
2019-12-20 14:35:00,41701.7,41705.1,41666.6,41677.7,0
2019-12-20 14:40:00,41683.2,41698.8,41675.9,41698.8,0
2019-12-20 14:45:00,41698.3,41709.1,41665.3,41708.9,0
2019-12-20 14:50:00,41712.9,41720.3,41703.3,41713.6,0
2019-12-20 14:55:00,41713.1,41733.6,41703.2,41703.8,0
2019-12-20 15:00:00,41698.6,41731.7,41672.1,41676.0,0
2019-12-20 15:05:00,41671.1,41689.8,41665.0,41680.8,0
2019-12-20 15:10:00,41676.8,41676.8,41636.1,41660.3,0
2019-12-20 15:15:00,41651.7,41685.9,41650.7,41676.9,0
2019-12-20 15:20:00,41676.4,41689.6,41665.3,41683.0,0
2019-12-20 15:25:00,41674.8,41681.9,41652.4,41674.1,0
2019-12-23 09:15:00,41548.3,41651.2,41525.9,41630.4,0
2019-12-23 09:20:00,41628.7,41701.6,41625.9,41680.3,0
2019-12-23 09:25:00,41679.3,41680.9,41632.9,41632.9,0
2019-12-23 09:30:00,41635.0,41654.8,41613.2,41641.5,0
2019-12-23 09:35:00,41641.4,41650.1,41626.7,41647.4,0
2019-12-23 09:40:00,41646.7,41646.7,41608.0,41616.3,0
2019-12-23 09:45:00,41614.0,41668.7,41613.1,41667.6,0
2019-12-23 09:50:00,41667.5,41675.7,41655.6,41667.9,0
2019-12-23 09:55:00,41667.9,41673.1,41642.4,41658.1,0
2019-12-23 10:00:00,41657.4,41677.3,41647.7,41661.5,0
2019-12-23 10:05:00,41660.2,41666.9,41650.5,41658.7,0
2019-12-23 10:10:00,41658.1,41662.1,41643.3,41644.3,0
2019-12-23 10:15:00,41642.1,41653.1,41628.3,41637.9,0
2019-12-23 10:20:00,41637.1,41644.9,41625.0,41637.5,0
2019-12-23 10:25:00,41636.9,41662.2,41636.7,41660.6,0
2019-12-23 10:30:00,41670.1,41699.5,41670.1,41676.7,0
2019-12-23 10:35:00,41677.5,41687.1,41655.0,41662.4,0
2019-12-23 10:40:00,41661.6,41665.4,41649.8,41655.7,0
2019-12-23 10:45:00,41660.1,41661.1,41639.0,41639.0,0
2019-12-23 10:50:00,41636.8,41641.9,41618.1,41618.4,0
2019-12-23 10:55:00,41618.6,41627.3,41610.0,41622.8,0
2019-12-23 11:00:00,41623.3,41635.1,41616.2,41630.4,0
2019-12-23 11:05:00,41630.4,41640.9,41629.3,41635.9,0
2019-12-23 11:10:00,41634.6,41634.6,41619.7,41629.5,0
2019-12-23 11:15:00,41630.6,41640.7,41622.3,41627.2,0
2019-12-23 11:20:00,41625.4,41638.1,41618.3,41635.1,0
2019-12-23 11:25:00,41633.9,41636.8,41626.8,41633.6,0
2019-12-23 11:30:00,41633.0,41645.3,41624.1,41644.6,0
2019-12-23 11:35:00,41644.6,41666.3,41640.4,41654.6,0
2019-12-23 11:40:00,41655.3,41668.6,41650.5,41652.6,0
2019-12-23 11:45:00,41653.7,41655.5,41638.1,41640.0,0
2019-12-23 11:50:00,41639.6,41653.5,41639.6,41653.5,0
2019-12-23 11:55:00,41653.5,41661.9,41643.3,41643.6,0
2019-12-23 12:00:00,41643.9,41650.2,41636.3,41650.2,0
2019-12-23 12:05:00,41650.2,41651.2,41638.9,41639.6,0
2019-12-23 12:10:00,41639.8,41646.0,41633.5,41641.8,0
2019-12-23 12:15:00,41639.9,41662.5,41639.6,41657.4,0
2019-12-23 12:20:00,41658.0,41662.0,41650.2,41651.1,0
2019-12-23 12:25:00,41648.3,41659.7,41646.1,41653.9,0
2019-12-23 12:30:00,41653.9,41660.5,41643.2,41660.5,0
2019-12-23 12:35:00,41660.2,41667.9,41656.9,41664.6,0
2019-12-23 12:40:00,41664.6,41667.4,41657.4,41661.9,0
2019-12-23 12:45:00,41661.8,41666.3,41625.5,41631.2,0
2019-12-23 12:50:00,41635.4,41640.9,41629.9,41640.9,0
2019-12-23 12:55:00,41638.5,41639.9,41620.2,41628.2,0
2019-12-23 13:00:00,41629.4,41631.6,41613.4,41619.5,0
2019-12-23 13:05:00,41620.0,41624.4,41617.2,41620.4,0
2019-12-23 13:10:00,41621.0,41625.7,41592.2,41604.8,0
2019-12-23 13:15:00,41604.8,41701.6,41525.9,41589.3,0
2019-12-23 13:20:00,41589.7,41589.7,41537.5,41557.7,0
2019-12-23 13:25:00,41557.0,41578.3,41549.4,41573.1,0
2019-12-23 13:30:00,41571.2,41571.2,41544.3,41544.6,0
2019-12-23 13:35:00,41545.1,41545.1,41532.3,41535.6,0
2019-12-23 13:40:00,41537.0,41577.7,41533.9,41562.8,0
2019-12-23 13:45:00,41563.2,41576.3,41554.0,41569.9,0
2019-12-23 13:50:00,41568.5,41581.6,41553.3,41558.0,0
2019-12-23 13:55:00,41560.4,41564.7,41545.1,41553.6,0
2019-12-23 14:00:00,41552.0,41573.5,41549.0,41571.6,0
2019-12-23 14:05:00,41570.2,41582.6,41569.9,41575.0,0
2019-12-23 14:10:00,41576.0,41582.5,41565.6,41579.2,0
2019-12-23 14:15:00,41579.2,41591.9,41565.4,41565.4,0
2019-12-23 14:20:00,41566.7,41568.8,41525.7,41527.6,0
2019-12-23 14:25:00,41528.2,41528.6,41501.8,41506.2,0
2019-12-23 14:30:00,41506.2,41507.9,41474.8,41476.3,0
2019-12-23 14:35:00,41477.3,41504.7,41474.6,41487.1,0
2019-12-23 14:40:00,41491.0,41498.3,41476.4,41498.0,0
2019-12-23 14:45:00,41497.4,41515.7,41494.0,41504.2,0
2019-12-23 14:50:00,41503.6,41522.9,41503.2,41518.9,0
2019-12-23 14:55:00,41518.4,41523.0,41509.1,41516.6,0
2019-12-23 15:00:00,41515.8,41624.9,41515.8,41624.9,0
2019-12-23 15:05:00,41624.3,41641.3,41607.1,41616.4,0
2019-12-23 15:10:00,41617.1,41701.6,41474.6,41651.3,0
2019-12-23 15:15:00,41647.8,41681.1,41642.7,41675.2,0
2019-12-23 15:20:00,41673.4,41679.4,41655.4,41670.6,0
2019-12-23 15:25:00,41670.2,41676.4,41652.7,41655.1,0
2019-12-24 09:15:00,41684.5,41684.5,41603.9,41668.8,0
2019-12-24 09:20:00,41671.7,41686.9,41603.9,41675.1,0
2019-12-24 09:25:00,41684.5,41693.7,41671.8,41687.1,0
2019-12-24 09:30:00,41687.2,41703.0,41683.5,41696.9,0
2019-12-24 09:35:00,41696.4,41700.2,41669.8,41673.9,0
2019-12-24 09:40:00,41676.9,41693.2,41664.1,41688.6,0
2019-12-24 09:45:00,41688.8,41689.1,41651.9,41654.2,0
2019-12-24 09:50:00,41652.8,41661.3,41637.3,41648.9,0
2019-12-24 09:55:00,41649.2,41652.2,41633.8,41637.9,0
2019-12-24 10:00:00,41636.3,41654.5,41631.1,41649.4,0
2019-12-24 10:05:00,41650.0,41656.8,41636.9,41640.3,0
2019-12-24 10:10:00,41639.2,41645.9,41629.3,41631.1,0
2019-12-24 10:15:00,41631.9,41639.8,41615.3,41639.2,0
2019-12-24 10:20:00,41640.1,41645.9,41623.4,41627.6,0
2019-12-24 10:25:00,41626.4,41629.1,41608.3,41612.0,0
2019-12-24 10:30:00,41611.6,41613.7,41599.9,41606.8,0
2019-12-24 10:35:00,41608.1,41617.4,41604.4,41611.5,0
2019-12-24 10:40:00,41610.1,41627.8,41608.2,41611.6,0
2019-12-24 10:45:00,41613.5,41620.3,41599.2,41601.5,0
2019-12-24 10:50:00,41600.6,41605.0,41578.7,41588.8,0
2019-12-24 10:55:00,41590.4,41592.1,41574.0,41576.7,0
2019-12-24 11:00:00,41576.3,41594.3,41572.7,41582.3,0
2019-12-24 11:05:00,41582.1,41597.5,41581.6,41593.1,0
2019-12-24 11:10:00,41594.0,41595.9,41577.7,41582.2,0
2019-12-24 11:15:00,41581.6,41603.0,41581.5,41602.2,0
2019-12-24 11:20:00,41602.6,41607.0,41591.9,41597.9,0
2019-12-24 11:25:00,41598.0,41611.4,41596.5,41610.1,0
2019-12-24 11:30:00,41608.7,41625.1,41606.0,41624.7,0
2019-12-24 11:35:00,41622.1,41624.6,41611.6,41616.4,0
2019-12-24 11:40:00,41616.3,41619.2,41605.5,41612.4,0
2019-12-24 11:45:00,41610.1,41614.4,41593.1,41595.6,0
2019-12-24 11:50:00,41595.8,41602.7,41581.5,41593.8,0
2019-12-24 11:55:00,41594.3,41597.9,41583.1,41597.0,0
2019-12-24 12:00:00,41597.0,41600.2,41583.7,41589.9,0
2019-12-24 12:05:00,41590.4,41590.4,41573.9,41578.2,0
2019-12-24 12:10:00,41577.3,41584.4,41574.7,41581.2,0
2019-12-24 12:15:00,41581.7,41585.2,41570.4,41575.6,0
2019-12-24 12:20:00,41576.4,41577.6,41540.7,41542.6,0
2019-12-24 12:25:00,41546.9,41560.0,41539.7,41541.5,0
2019-12-24 12:30:00,41542.8,41551.8,41528.3,41546.8,0
2019-12-24 12:35:00,41547.7,41549.4,41536.8,41545.5,0
2019-12-24 12:40:00,41545.0,41569.3,41545.0,41567.1,0
2019-12-24 12:45:00,41566.2,41577.8,41564.1,41573.4,0
2019-12-24 12:50:00,41575.3,41589.0,41573.7,41587.6,0
2019-12-24 12:55:00,41587.9,41603.8,41580.7,41603.3,0
2019-12-24 13:00:00,41602.2,41607.3,41578.2,41578.2,0
2019-12-24 13:05:00,41578.2,41586.8,41575.4,41583.3,0
2019-12-24 13:10:00,41582.8,41584.1,41571.7,41574.1,0
2019-12-24 13:15:00,41574.1,41578.6,41568.3,41570.7,0
2019-12-24 13:20:00,41570.3,41575.5,41562.9,41573.4,0
2019-12-24 13:25:00,41573.4,41574.3,41550.1,41552.2,0
2019-12-24 13:30:00,41555.9,41560.2,41549.0,41550.8,0
2019-12-24 13:35:00,41551.7,41569.5,41551.7,41567.1,0
2019-12-24 13:40:00,41567.9,41578.8,41560.8,41578.4,0
2019-12-24 13:45:00,41578.4,41579.2,41557.5,41558.4,0
2019-12-24 13:50:00,41558.4,41561.2,41545.6,41552.9,0
2019-12-24 13:55:00,41551.9,41562.1,41541.3,41559.3,0
2019-12-24 14:00:00,41560.1,41607.8,41560.1,41596.4,0
2019-12-24 14:05:00,41597.3,41597.3,41574.8,41577.4,0
2019-12-24 14:10:00,41578.6,41579.5,41569.8,41572.1,0
2019-12-24 14:15:00,41571.9,41605.7,41566.8,41580.0,0
2019-12-24 14:20:00,41580.6,41588.0,41574.5,41574.7,0
2019-12-24 14:25:00,41576.5,41581.6,41573.0,41576.7,0
2019-12-24 14:30:00,41577.0,41577.0,41520.4,41529.8,0
2019-12-24 14:35:00,41530.3,41541.7,41524.7,41538.5,0
2019-12-24 14:40:00,41537.9,41537.9,41500.2,41502.5,0
2019-12-24 14:45:00,41502.7,41510.0,41493.1,41506.4,0
2019-12-24 14:50:00,41507.6,41525.8,41507.3,41518.6,0
2019-12-24 14:55:00,41517.5,41521.8,41502.4,41502.9,0
2019-12-24 15:00:00,41502.8,41550.0,41499.9,41534.0,0
2019-12-24 15:05:00,41532.8,41533.0,41484.2,41484.8,0
2019-12-24 15:10:00,41481.8,41483.6,41448.2,41456.2,0
2019-12-24 15:15:00,41457.1,41467.2,41429.9,41434.2,0
2019-12-24 15:20:00,41441.3,41444.1,41423.1,41444.1,0
2019-12-24 15:25:00,41436.2,41463.1,41434.1,41461.7,0
2019-12-26 09:15:00,41543.8,41543.8,41423.1,41443.1,0
2019-12-26 09:20:00,41440.1,41450.3,41417.0,41428.1,0
2019-12-26 09:25:00,41432.1,41433.2,41410.1,41429.9,0
2019-12-26 09:30:00,41436.1,41472.1,41434.0,41469.5,0
2019-12-26 09:35:00,41469.0,41474.9,41449.4,41460.1,0
2019-12-26 09:40:00,41458.7,41461.1,41436.9,41450.3,0
2019-12-26 09:45:00,41449.9,41473.7,41449.1,41461.6,0
2019-12-26 09:50:00,41463.1,41468.7,41453.0,41463.2,0
2019-12-26 09:55:00,41461.5,41466.0,41448.1,41448.4,0
2019-12-26 10:00:00,41448.4,41458.5,41438.9,41458.5,0
2019-12-26 10:05:00,41458.8,41467.5,41450.4,41462.4,0
2019-12-26 10:10:00,41461.7,41466.0,41447.2,41448.3,0
2019-12-26 10:15:00,41449.9,41464.3,41449.9,41464.3,0
2019-12-26 10:20:00,41464.1,41469.8,41455.4,41463.1,0
2019-12-26 10:25:00,41459.7,41460.4,41435.4,41443.6,0
2019-12-26 10:30:00,41444.9,41444.9,41431.4,41435.4,0
2019-12-26 10:35:00,41439.2,41440.0,41422.3,41433.7,0
2019-12-26 10:40:00,41434.3,41434.9,41425.4,41434.9,0
2019-12-26 10:45:00,41435.2,41442.6,41421.1,41421.8,0
2019-12-26 10:50:00,41421.2,41421.2,41395.9,41414.7,0
2019-12-26 10:55:00,41412.5,41414.5,41395.0,41405.9,0
2019-12-26 11:00:00,41405.4,41409.4,41399.4,41407.0,0
2019-12-26 11:05:00,41408.2,41412.7,41400.2,41402.9,0
2019-12-26 11:10:00,41402.9,41411.9,41395.5,41399.1,0
2019-12-26 11:15:00,41398.6,41399.5,41373.5,41392.8,0
2019-12-26 11:20:00,41394.4,41398.6,41385.7,41396.4,0
2019-12-26 11:25:00,41397.2,41397.7,41383.3,41387.9,0
2019-12-26 11:30:00,41384.1,41387.8,41364.9,41376.9,0
2019-12-26 11:35:00,41374.5,41384.6,41373.4,41375.8,0
2019-12-26 11:40:00,41375.8,41375.8,41364.2,41369.9,0
2019-12-26 11:45:00,41369.3,41370.1,41359.2,41361.7,0
2019-12-26 11:50:00,41362.8,41363.7,41349.7,41362.1,0
2019-12-26 11:55:00,41362.0,41366.3,41355.2,41359.3,0
2019-12-26 12:00:00,41361.5,41372.3,41355.1,41365.2,0
2019-12-26 12:05:00,41366.2,41367.5,41345.1,41353.5,0
2019-12-26 12:10:00,41353.9,41375.0,41353.4,41364.5,0
2019-12-26 12:15:00,41363.9,41368.0,41349.6,41358.2,0
2019-12-26 12:20:00,41358.5,41363.7,41349.9,41355.6,0
2019-12-26 12:25:00,41358.0,41364.6,41355.2,41362.3,0
2019-12-26 12:30:00,41362.5,41381.1,41354.5,41378.6,0
2019-12-26 12:35:00,41378.6,41395.0,41375.4,41394.7,0
2019-12-26 12:40:00,41395.5,41395.6,41377.9,41380.4,0
2019-12-26 12:45:00,41380.3,41380.3,41356.0,41359.4,0
2019-12-26 12:50:00,41360.0,41369.8,41357.9,41358.9,0
2019-12-26 12:55:00,41358.9,41373.6,41357.2,41371.6,0
2019-12-26 13:00:00,41371.1,41373.6,41359.9,41371.3,0
2019-12-26 13:05:00,41371.3,41372.8,41345.6,41345.6,0
2019-12-26 13:10:00,41345.0,41347.2,41322.2,41328.6,0
2019-12-26 13:15:00,41328.9,41341.8,41325.0,41339.9,0
2019-12-26 13:20:00,41338.6,41353.1,41337.5,41351.5,0
2019-12-26 13:25:00,41349.9,41355.9,41335.7,41354.9,0
2019-12-26 13:30:00,41358.0,41360.6,41332.2,41336.0,0
2019-12-26 13:35:00,41334.4,41345.0,41327.9,41340.1,0
2019-12-26 13:40:00,41339.7,41345.1,41322.0,41328.9,0
2019-12-26 13:45:00,41327.0,41334.3,41301.0,41311.1,0
2019-12-26 13:50:00,41312.0,41320.7,41303.7,41303.9,0
2019-12-26 13:55:00,41305.3,41318.7,41303.5,41309.9,0
2019-12-26 14:00:00,41317.1,41325.1,41296.9,41309.7,0
2019-12-26 14:05:00,41309.7,41310.8,41300.1,41306.2,0
2019-12-26 14:10:00,41306.7,41315.7,41286.1,41287.4,0
2019-12-26 14:15:00,41287.3,41293.7,41273.6,41273.6,0
2019-12-26 14:20:00,41282.6,41307.2,41282.6,41297.5,0
2019-12-26 14:25:00,41295.9,41298.2,41285.1,41294.4,0
2019-12-26 14:30:00,41294.1,41337.3,41287.2,41332.3,0
2019-12-26 14:35:00,41331.4,41352.1,41324.9,41324.9,0
2019-12-26 14:40:00,41328.7,41330.3,41299.0,41299.6,0
2019-12-26 14:45:00,41299.3,41299.3,41289.1,41294.3,0
2019-12-26 14:50:00,41293.2,41293.8,41234.9,41240.5,0
2019-12-26 14:55:00,41241.1,41258.2,41232.0,41240.4,0
2019-12-26 15:00:00,41239.7,41239.7,41147.8,41150.2,0
2019-12-26 15:05:00,41146.7,41172.0,41139.6,41171.0,0
2019-12-26 15:10:00,41169.6,41175.6,41156.7,41170.4,0
2019-12-26 15:15:00,41167.8,41178.2,41139.1,41156.0,0
2019-12-26 15:20:00,41150.7,41543.8,41139.1,41164.1,0
2019-12-26 15:25:00,41162.2,41543.8,41132.9,41158.7,0
2019-12-27 09:15:00,41297.1,41328.0,41275.3,41310.5,0
2019-12-27 09:20:00,41303.1,41313.5,41277.8,41284.5,0
2019-12-27 09:25:00,41283.3,41305.5,41278.2,41278.8,0
2019-12-27 09:30:00,41279.0,41320.2,41264.9,41320.2,0
2019-12-27 09:35:00,41317.6,41361.1,41317.6,41359.6,0
2019-12-27 09:40:00,41359.5,41370.4,41339.3,41342.7,0
2019-12-27 09:45:00,41342.1,41349.8,41334.7,41348.6,0
2019-12-27 09:50:00,41346.7,41369.4,41343.4,41367.3,0
2019-12-27 09:55:00,41367.7,41380.7,41362.5,41374.6,0
2019-12-27 10:00:00,41373.7,41381.3,41364.7,41376.8,0
2019-12-27 10:05:00,41375.5,41385.1,41358.7,41363.9,0
2019-12-27 10:10:00,41363.8,41374.9,41349.8,41363.2,0
2019-12-27 10:15:00,41362.7,41365.8,41343.1,41343.3,0
2019-12-27 10:20:00,41342.8,41342.8,41319.6,41339.1,0
2019-12-27 10:25:00,41338.0,41352.3,41336.3,41348.4,0
2019-12-27 10:30:00,41350.8,41365.9,41343.3,41361.6,0
2019-12-27 10:35:00,41363.3,41442.7,41362.0,41436.2,0
2019-12-27 10:40:00,41437.2,41453.5,41426.7,41430.8,0
2019-12-27 10:45:00,41430.6,41431.2,41412.9,41420.9,0
2019-12-27 10:50:00,41423.8,41450.7,41419.2,41426.8,0
2019-12-27 10:55:00,41429.9,41431.6,41416.1,41421.0,0
2019-12-27 11:00:00,41421.6,41424.4,41409.9,41424.1,0
2019-12-27 11:05:00,41423.1,41424.9,41410.9,41417.9,0
2019-12-27 11:10:00,41418.7,41454.4,41415.4,41454.4,0
2019-12-27 11:15:00,41452.8,41462.5,41436.4,41438.5,0
2019-12-27 11:20:00,41440.2,41443.4,41432.9,41437.7,0
2019-12-27 11:25:00,41435.3,41436.2,41413.9,41419.0,0
2019-12-27 11:30:00,41418.5,41423.9,41408.9,41420.9,0
2019-12-27 11:35:00,41421.0,41423.6,41414.9,41423.6,0
2019-12-27 11:40:00,41423.8,41428.8,41418.8,41419.5,0
2019-12-27 11:45:00,41419.6,41424.7,41399.9,41407.9,0
2019-12-27 11:50:00,41409.0,41426.5,41404.6,41418.1,0
2019-12-27 11:55:00,41417.1,41423.3,41408.8,41412.8,0
2019-12-27 12:00:00,41411.5,41428.9,41411.2,41427.9,0
2019-12-27 12:05:00,41428.9,41438.1,41425.1,41436.8,0
2019-12-27 12:10:00,41439.6,41454.9,41436.7,41454.2,0
2019-12-27 12:15:00,41454.4,41470.9,41454.1,41461.4,0
2019-12-27 12:20:00,41459.8,41462.0,41441.8,41443.9,0
2019-12-27 12:25:00,41444.1,41445.1,41435.8,41438.1,0
2019-12-27 12:30:00,41436.5,41452.4,41434.3,41447.2,0
2019-12-27 12:35:00,41447.3,41462.3,41444.7,41457.5,0
2019-12-27 12:40:00,41457.1,41466.3,41454.2,41462.3,0
2019-12-27 12:45:00,41466.5,41481.9,41465.4,41479.4,0
2019-12-27 12:50:00,41479.3,41479.9,41441.1,41442.0,0
2019-12-27 12:55:00,41442.4,41465.4,41439.8,41461.4,0
2019-12-27 13:00:00,41460.7,41471.6,41450.3,41469.7,0
2019-12-27 13:05:00,41468.7,41478.1,41458.4,41477.4,0
2019-12-27 13:10:00,41475.3,41487.9,41472.0,41473.4,0
2019-12-27 13:15:00,41472.9,41508.4,41471.5,41505.9,0
2019-12-27 13:20:00,41507.0,41509.6,41501.3,41504.9,0
2019-12-27 13:25:00,41505.2,41516.7,41499.9,41510.6,0
2019-12-27 13:30:00,41511.4,41518.2,41495.9,41510.2,0
2019-12-27 13:35:00,41510.1,41528.8,41509.2,41513.7,0
2019-12-27 13:40:00,41513.3,41523.9,41509.3,41509.5,0
2019-12-27 13:45:00,41509.1,41520.2,41501.0,41511.7,0
2019-12-27 13:50:00,41511.6,41516.3,41498.6,41500.0,0
2019-12-27 13:55:00,41498.0,41506.2,41484.8,41498.2,0
2019-12-27 14:00:00,41499.6,41513.1,41483.5,41490.0,0
2019-12-27 14:05:00,41490.0,41490.0,41454.6,41459.4,0
2019-12-27 14:10:00,41459.5,41482.1,41451.7,41473.0,0
2019-12-27 14:15:00,41474.2,41476.0,41458.6,41459.2,0
2019-12-27 14:20:00,41459.7,41470.8,41453.8,41470.7,0
2019-12-27 14:25:00,41471.5,41475.4,41462.8,41474.1,0
2019-12-27 14:30:00,41474.2,41497.6,41469.2,41484.4,0
2019-12-27 14:35:00,41482.7,41491.3,41481.3,41487.7,0
2019-12-27 14:40:00,41487.1,41489.4,41439.2,41441.2,0
2019-12-27 14:45:00,41441.7,41442.9,41421.3,41432.3,0
2019-12-27 14:50:00,41432.3,41453.6,41432.3,41445.3,0
2019-12-27 14:55:00,41445.2,41451.5,41430.6,41438.6,0
2019-12-27 15:00:00,41437.9,41543.9,41437.9,41543.7,0
2019-12-27 15:05:00,41543.7,41577.1,41543.5,41574.3,0
2019-12-27 15:10:00,41570.3,41583.7,41555.2,41557.2,0
2019-12-27 15:15:00,41558.7,41594.0,41558.1,41588.7,0
2019-12-27 15:20:00,41590.6,41611.3,41589.4,41600.8,0
2019-12-27 15:25:00,41596.4,41603.5,41581.1,41595.0,0
2019-12-30 09:15:00,41686.3,41696.5,41638.3,41660.0,0
2019-12-30 09:20:00,41656.5,41680.9,41647.5,41667.1,0
2019-12-30 09:25:00,41667.4,41684.3,41667.4,41678.6,0
2019-12-30 09:30:00,41678.1,41713.5,41677.6,41700.4,0
2019-12-30 09:35:00,41686.0,41714.7,41638.3,41694.1,0
2019-12-30 09:40:00,41692.8,41708.9,41688.2,41695.7,0
2019-12-30 09:45:00,41695.8,41711.0,41690.4,41698.1,0
2019-12-30 09:50:00,41695.6,41708.3,41679.8,41685.9,0
2019-12-30 09:55:00,41685.6,41685.6,41642.4,41645.0,0
2019-12-30 10:00:00,41646.2,41650.0,41608.5,41638.2,0
2019-12-30 10:05:00,41639.0,41664.0,41638.4,41661.0,0
2019-12-30 10:10:00,41657.5,41663.4,41642.4,41656.3,0
2019-12-30 10:15:00,41656.3,41688.7,41656.0,41687.1,0
2019-12-30 10:20:00,41687.1,41700.1,41673.7,41681.9,0
2019-12-30 10:25:00,41685.0,41692.5,41681.3,41690.1,0
2019-12-30 10:30:00,41692.9,41692.9,41677.5,41681.3,0
2019-12-30 10:35:00,41681.6,41687.8,41664.6,41668.6,0
2019-12-30 10:40:00,41669.0,41687.3,41667.6,41676.4,0
2019-12-30 10:45:00,41678.1,41687.2,41667.2,41683.9,0
2019-12-30 10:50:00,41686.7,41687.3,41671.2,41675.9,0
2019-12-30 10:55:00,41672.9,41676.1,41664.4,41672.3,0
2019-12-30 11:00:00,41672.2,41673.1,41642.9,41648.5,0
2019-12-30 11:05:00,41646.9,41652.9,41637.3,41643.0,0
2019-12-30 11:10:00,41642.7,41643.1,41623.1,41630.1,0
2019-12-30 11:15:00,41629.7,41632.0,41594.4,41609.0,0
2019-12-30 11:20:00,41610.0,41636.9,41605.8,41631.2,0
2019-12-30 11:25:00,41631.8,41631.8,41569.9,41569.9,0
2019-12-30 11:30:00,41570.2,41571.0,41528.2,41536.9,0
2019-12-30 11:35:00,41537.8,41544.2,41521.0,41538.2,0
2019-12-30 11:40:00,41526.5,41532.8,41498.8,41529.7,0
2019-12-30 11:45:00,41530.0,41530.0,41501.6,41513.3,0
2019-12-30 11:50:00,41512.7,41546.9,41510.4,41534.9,0
2019-12-30 11:55:00,41533.3,41553.8,41523.5,41553.8,0
2019-12-30 12:00:00,41554.1,41554.1,41520.3,41525.4,0
2019-12-30 12:05:00,41525.4,41534.7,41514.7,41514.7,0
2019-12-30 12:10:00,41511.7,41515.4,41474.1,41489.1,0
2019-12-30 12:15:00,41489.4,41493.1,41465.1,41469.1,0
2019-12-30 12:20:00,41469.9,41493.3,41457.7,41492.0,0
2019-12-30 12:25:00,41491.4,41501.1,41475.3,41484.9,0
2019-12-30 12:30:00,41484.5,41485.5,41467.4,41480.7,0
2019-12-30 12:35:00,41481.7,41482.1,41465.7,41473.6,0
2019-12-30 12:40:00,41469.8,41714.7,41453.6,41463.0,0
2019-12-30 12:45:00,41466.1,41483.4,41453.4,41483.4,0
2019-12-30 12:50:00,41488.5,41504.2,41482.4,41487.2,0
2019-12-30 12:55:00,41488.8,41488.8,41459.1,41460.8,0
2019-12-30 13:00:00,41459.4,41509.1,41459.0,41506.5,0
2019-12-30 13:05:00,41506.3,41529.3,41496.6,41515.4,0
2019-12-30 13:10:00,41515.5,41538.3,41509.1,41538.3,0
2019-12-30 13:15:00,41537.8,41538.9,41512.8,41514.6,0
2019-12-30 13:20:00,41513.5,41523.6,41509.6,41518.7,0
2019-12-30 13:25:00,41518.5,41524.1,41494.9,41502.8,0
2019-12-30 13:30:00,41501.2,41533.8,41486.6,41530.9,0
2019-12-30 13:35:00,41531.0,41531.4,41506.4,41512.2,0
2019-12-30 13:40:00,41510.9,41521.8,41500.8,41516.3,0
2019-12-30 13:45:00,41516.5,41530.4,41507.2,41523.9,0
2019-12-30 13:50:00,41522.4,41522.4,41498.7,41499.4,0
2019-12-30 13:55:00,41498.9,41525.6,41482.3,41525.6,0
2019-12-30 14:00:00,41523.6,41536.8,41512.9,41515.2,0
2019-12-30 14:05:00,41514.6,41517.3,41489.3,41492.4,0
2019-12-30 14:10:00,41489.6,41510.5,41485.1,41490.4,0
2019-12-30 14:15:00,41490.2,41521.4,41488.4,41516.9,0
2019-12-30 14:20:00,41516.8,41521.8,41503.5,41508.6,0
2019-12-30 14:25:00,41509.0,41570.5,41506.1,41550.9,0
2019-12-30 14:30:00,41550.0,41553.9,41526.7,41526.7,0
2019-12-30 14:35:00,41526.5,41526.5,41487.3,41491.5,0
2019-12-30 14:40:00,41492.4,41523.2,41492.2,41511.9,0
2019-12-30 14:45:00,41512.2,41531.8,41511.6,41516.2,0
2019-12-30 14:50:00,41518.9,41539.6,41510.0,41512.4,0
2019-12-30 14:55:00,41512.4,41535.2,41508.2,41535.2,0
2019-12-30 15:00:00,41535.7,41589.9,41535.7,41571.8,0
2019-12-30 15:05:00,41573.1,41592.6,41571.4,41581.4,0
2019-12-30 15:10:00,41583.2,41588.9,41561.2,41567.6,0
2019-12-30 15:15:00,41568.2,41572.1,41538.7,41551.4,0
2019-12-30 15:20:00,41560.3,41571.3,41542.2,41564.9,0
2019-12-30 15:25:00,41566.7,41596.7,41563.5,41586.4,0
2019-12-31 09:15:00,41607.5,41607.5,41456.9,41470.0,0
2019-12-31 09:20:00,41467.0,41478.9,41443.1,41465.6,0
2019-12-31 09:25:00,41465.2,41475.8,41444.6,41475.6,0
2019-12-31 09:30:00,41479.5,41484.0,41445.3,41446.3,0
2019-12-31 09:35:00,41446.2,41461.3,41427.4,41461.3,0
2019-12-31 09:40:00,41443.6,41443.6,41413.8,41415.6,0
2019-12-31 09:45:00,41414.7,41414.8,41384.2,41411.6,0
2019-12-31 09:50:00,41411.9,41425.9,41402.8,41405.2,0
2019-12-31 09:55:00,41405.4,41419.7,41399.5,41417.8,0
2019-12-31 10:00:00,41417.4,41442.6,41410.1,41435.9,0
2019-12-31 10:05:00,41437.7,41437.7,41412.3,41414.7,0
2019-12-31 10:10:00,41414.4,41414.7,41400.9,41400.9,0
2019-12-31 10:15:00,41399.7,41404.0,41383.3,41395.2,0
2019-12-31 10:20:00,41394.8,41425.8,41394.8,41412.7,0
2019-12-31 10:25:00,41413.3,41421.1,41399.9,41409.7,0
2019-12-31 10:30:00,41410.0,41416.1,41393.8,41412.9,0
2019-12-31 10:35:00,41411.3,41416.0,41400.7,41400.7,0
2019-12-31 10:40:00,41399.9,41401.1,41385.8,41394.7,0
2019-12-31 10:45:00,41396.6,41407.3,41380.8,41381.4,0
2019-12-31 10:50:00,41380.6,41387.6,41377.8,41386.7,0
2019-12-31 10:55:00,41386.7,41389.0,41371.9,41376.3,0
2019-12-31 11:00:00,41376.4,41376.7,41349.6,41366.1,0
2019-12-31 11:05:00,41364.7,41390.4,41364.7,41381.9,0
2019-12-31 11:10:00,41382.5,41399.5,41381.2,41384.1,0
2019-12-31 11:15:00,41384.2,41396.3,41369.4,41393.9,0
2019-12-31 11:20:00,41385.7,41607.5,41349.6,41378.9,0
2019-12-31 11:25:00,41378.6,41381.8,41367.6,41373.3,0
2019-12-31 11:30:00,41373.5,41392.2,41373.5,41390.4,0
2019-12-31 11:35:00,41390.8,41414.4,41387.6,41406.4,0
2019-12-31 11:40:00,41406.2,41412.6,41398.8,41407.0,0
2019-12-31 11:45:00,41407.3,41443.0,41405.9,41443.0,0
2019-12-31 11:50:00,41443.0,41482.0,41436.5,41479.1,0
2019-12-31 11:55:00,41479.9,41504.1,41479.9,41483.8,0
2019-12-31 12:00:00,41486.2,41489.6,41445.5,41452.0,0
2019-12-31 12:05:00,41453.5,41462.5,41440.4,41462.1,0
2019-12-31 12:10:00,41462.1,41464.0,41448.0,41450.7,0
2019-12-31 12:15:00,41450.3,41453.0,41435.7,41439.4,0
2019-12-31 12:20:00,41440.6,41451.1,41440.5,41441.4,0
2019-12-31 12:25:00,41442.0,41445.8,41416.5,41416.9,0
2019-12-31 12:30:00,41418.1,41424.7,41415.4,41421.6,0
2019-12-31 12:35:00,41422.8,41424.1,41405.4,41419.2,0
2019-12-31 12:40:00,41419.9,41431.4,41416.3,41418.3,0
2019-12-31 12:45:00,41417.6,41427.2,41415.9,41420.9,0
2019-12-31 12:50:00,41421.6,41422.9,41408.4,41418.3,0
2019-12-31 12:55:00,41418.2,41426.4,41413.7,41415.9,0
2019-12-31 13:00:00,41418.8,41443.5,41415.4,41443.0,0
2019-12-31 13:05:00,41443.4,41445.4,41439.8,41445.3,0
2019-12-31 13:10:00,41446.1,41450.0,41423.3,41424.8,0
2019-12-31 13:15:00,41427.0,41439.4,41421.9,41439.2,0
2019-12-31 13:20:00,41438.0,41442.2,41427.8,41435.1,0
2019-12-31 13:25:00,41435.8,41439.3,41423.1,41435.9,0
2019-12-31 13:30:00,41437.0,41446.8,41430.4,41431.0,0
2019-12-31 13:35:00,41430.9,41450.6,41428.8,41445.8,0
2019-12-31 13:40:00,41445.8,41481.4,41445.3,41464.0,0
2019-12-31 13:45:00,41463.9,41607.5,41349.6,41443.2,0
2019-12-31 13:50:00,41442.7,41445.9,41434.3,41443.9,0
2019-12-31 13:55:00,41442.6,41457.4,41437.9,41450.6,0
2019-12-31 14:00:00,41450.4,41452.0,41433.3,41444.2,0
2019-12-31 14:05:00,41443.9,41463.5,41439.9,41461.3,0
2019-12-31 14:10:00,41461.6,41468.7,41455.8,41463.6,0
2019-12-31 14:15:00,41463.5,41463.5,41382.3,41382.3,0
2019-12-31 14:20:00,41382.4,41401.6,41375.2,41389.2,0
2019-12-31 14:25:00,41389.5,41398.6,41381.2,41388.9,0
2019-12-31 14:30:00,41387.2,41423.0,41385.6,41402.5,0
2019-12-31 14:35:00,41402.5,41403.2,41382.0,41384.7,0
2019-12-31 14:40:00,41384.6,41395.8,41383.1,41388.9,0
2019-12-31 14:45:00,41388.9,41403.5,41388.9,41400.8,0
2019-12-31 14:50:00,41400.9,41403.3,41328.2,41329.0,0
2019-12-31 14:55:00,41331.4,41334.8,41314.4,41329.9,0
2019-12-31 15:00:00,41331.2,41333.2,41273.6,41281.4,0
2019-12-31 15:05:00,41280.1,41282.7,41251.3,41259.5,0
2019-12-31 15:10:00,41260.1,41264.7,41212.5,41233.8,0
2019-12-31 15:15:00,41234.1,41257.2,41184.7,41256.7,0
2019-12-31 15:20:00,41251.0,41277.3,41247.0,41267.0,0
2019-12-31 15:25:00,41265.6,41290.7,41263.4,41290.1,0
2020-01-01 09:15:00,41349.4,41417.8,41349.4,41401.2,0
2020-01-01 09:20:00,41400.7,41429.6,41395.0,41420.1,0
2020-01-01 09:25:00,41422.2,41441.9,41408.6,41439.1,0
2020-01-01 09:30:00,41438.8,41443.5,41416.5,41416.5,0
2020-01-01 09:35:00,41414.8,41417.7,41388.8,41392.3,0
2020-01-01 09:40:00,41389.4,41392.1,41355.1,41367.6,0
2020-01-01 09:45:00,41370.1,41373.7,41334.6,41344.3,0
2020-01-01 09:50:00,41344.3,41378.6,41336.3,41370.1,0
2020-01-01 09:55:00,41369.3,41374.2,41356.6,41360.5,0
2020-01-01 10:00:00,41360.4,41364.0,41339.6,41343.8,0
2020-01-01 10:05:00,41343.6,41345.1,41313.9,41321.8,0
2020-01-01 10:10:00,41320.6,41344.4,41311.5,41332.5,0
2020-01-01 10:15:00,41332.2,41343.4,41322.2,41341.3,0
2020-01-01 10:20:00,41341.5,41364.7,41339.0,41352.7,0
2020-01-01 10:25:00,41352.9,41367.2,41348.6,41363.7,0
2020-01-01 10:30:00,41362.1,41362.1,41334.7,41356.9,0
2020-01-01 10:35:00,41356.9,41357.2,41338.9,41350.4,0
2020-01-01 10:40:00,41349.7,41357.6,41346.1,41347.4,0
2020-01-01 10:45:00,41347.7,41352.1,41322.7,41325.1,0
2020-01-01 10:50:00,41324.7,41325.3,41277.3,41292.6,0
2020-01-01 10:55:00,41292.3,41298.0,41288.6,41296.9,0
2020-01-01 11:00:00,41295.7,41318.5,41293.4,41307.8,0
2020-01-01 11:05:00,41307.2,41325.7,41307.1,41323.3,0
2020-01-01 11:10:00,41322.7,41325.1,41310.2,41311.2,0
2020-01-01 11:15:00,41309.4,41330.6,41309.3,41312.9,0
2020-01-01 11:20:00,41314.6,41315.2,41292.6,41293.0,0
2020-01-01 11:25:00,41293.1,41301.5,41287.3,41296.1,0
2020-01-01 11:30:00,41297.4,41314.4,41297.1,41309.8,0
2020-01-01 11:35:00,41309.9,41314.2,41303.8,41306.5,0
2020-01-01 11:40:00,41306.8,41307.7,41297.5,41297.8,0
2020-01-01 11:45:00,41298.4,41301.8,41292.1,41300.1,0
2020-01-01 11:50:00,41301.1,41302.7,41287.6,41288.4,0
2020-01-01 11:55:00,41290.2,41291.7,41274.5,41283.7,0
2020-01-01 12:00:00,41283.7,41322.8,41282.4,41317.2,0
2020-01-01 12:05:00,41316.0,41333.0,41312.1,41316.4,0
2020-01-01 12:10:00,41316.4,41327.9,41312.6,41321.3,0
2020-01-01 12:15:00,41321.3,41347.2,41319.5,41333.0,0
2020-01-01 12:20:00,41332.8,41334.6,41292.7,41296.1,0
2020-01-01 12:25:00,41296.1,41296.6,41272.0,41272.5,0
2020-01-01 12:30:00,41271.8,41274.0,41251.2,41274.0,0
2020-01-01 12:35:00,41274.1,41291.7,41273.5,41290.3,0
2020-01-01 12:40:00,41289.8,41290.0,41278.0,41284.3,0
2020-01-01 12:45:00,41283.9,41303.3,41281.9,41302.2,0
2020-01-01 12:50:00,41303.6,41308.1,41298.1,41300.3,0
2020-01-01 12:55:00,41299.9,41307.6,41293.3,41305.0,0
2020-01-01 13:00:00,41304.9,41309.3,41298.6,41307.4,0
2020-01-01 13:05:00,41306.7,41307.6,41298.8,41303.9,0
2020-01-01 13:10:00,41303.3,41303.5,41279.4,41279.8,0
2020-01-01 13:15:00,41280.3,41286.7,41270.4,41283.6,0
2020-01-01 13:20:00,41284.1,41305.1,41283.3,41287.6,0
2020-01-01 13:25:00,41287.5,41312.4,41285.8,41312.4,0
2020-01-01 13:30:00,41311.8,41316.4,41300.4,41304.1,0
2020-01-01 13:35:00,41304.1,41305.4,41285.4,41285.8,0
2020-01-01 13:40:00,41286.4,41297.9,41283.3,41295.5,0
2020-01-01 13:45:00,41295.5,41311.9,41293.4,41301.1,0
2020-01-01 13:50:00,41301.5,41339.1,41298.0,41339.1,0
2020-01-01 13:55:00,41340.8,41360.9,41332.7,41340.7,0
2020-01-01 14:00:00,41340.7,41346.0,41316.4,41320.1,0
2020-01-01 14:05:00,41320.1,41344.5,41316.8,41338.8,0
2020-01-01 14:10:00,41336.8,41336.9,41303.1,41303.2,0
2020-01-01 14:15:00,41301.7,41301.7,41282.1,41292.7,0
2020-01-01 14:20:00,41292.7,41295.3,41278.1,41285.9,0
2020-01-01 14:25:00,41283.4,41297.3,41273.3,41293.2,0
2020-01-01 14:30:00,41293.2,41306.9,41272.4,41275.7,0
2020-01-01 14:35:00,41276.2,41290.4,41276.2,41281.4,0
2020-01-01 14:40:00,41281.4,41296.6,41280.4,41295.9,0
2020-01-01 14:45:00,41295.4,41305.7,41289.0,41302.1,0
2020-01-01 14:50:00,41305.4,41306.5,41288.2,41293.8,0
2020-01-01 14:55:00,41292.4,41292.7,41259.2,41260.9,0
2020-01-01 15:00:00,41260.7,41314.6,41260.2,41308.3,0
2020-01-01 15:05:00,41306.9,41320.4,41300.6,41316.6,0
2020-01-01 15:10:00,41313.9,41315.0,41290.9,41306.0,0
2020-01-01 15:15:00,41301.5,41306.4,41283.4,41298.2,0
2020-01-01 15:20:00,41298.5,41312.9,41286.8,41308.9,0
2020-01-01 15:25:00,41312.1,41340.1,41304.0,41333.4,0
